[2025-12-03T17:02:19.450-0600] [Payara 7.2025.1] [INFORMACIÓN] [NCLS-LOGGING-00009] [jakarta.enterprise.logging] [tid: _ThreadID=65 _ThreadName=RunLevelControllerThread-1764802939373] [timeMillis: 1764802939450] [levelValue: 800] [[
  Running Payara Version: Payara Server 7.2025.1 (build 21)]]

[2025-12-03T17:02:19.453-0600] [Payara 7.2025.1] [INFORMACIÓN] [NCLS-LOGGING-00010] [jakarta.enterprise.logging] [tid: _ThreadID=65 _ThreadName=RunLevelControllerThread-1764802939373] [timeMillis: 1764802939453] [levelValue: 800] [[
  Server log file is using Formatter class: com.sun.enterprise.server.logging.ODLLogFormatter]]

[2025-12-03T17:02:19.596-0600] [Payara 7.2025.1] [INFO] [] [org.hibernate.validator.internal.util.Version] [tid: _ThreadID=66 _ThreadName=RunLevelControllerThread-1764802939376] [timeMillis: 1764802939596] [levelValue: 800] [[
  HV000001: Hibernate Validator 9.0.1.Final.payara-p1]]

[2025-12-03T17:02:20.193-0600] [Payara 7.2025.1] [INFORMACIÓN] [] [org.glassfish.ha.store.spi.BackingStoreFactoryRegistry] [tid: _ThreadID=64 _ThreadName=RunLevelControllerThread-1764802939371] [timeMillis: 1764802940193] [levelValue: 800] [[
  Registered fish.payara.ha.hazelcast.store.HazelcastBackingStoreFactoryProxy for persistence-type = hazelcast in BackingStoreFactoryRegistry]]

[2025-12-03T17:02:23.970-0600] [Payara 7.2025.1] [INFORMACIÓN] [] [fish.payara.nucleus.hazelcast.HazelcastCore] [tid: _ThreadID=65 _ThreadName=RunLevelControllerThread-1764802939373] [timeMillis: 1764802943970] [levelValue: 800] [[
  Hazelcast Instance Bound to JNDI at payara/Hazelcast]]

[2025-12-03T17:02:23.972-0600] [Payara 7.2025.1] [INFORMACIÓN] [] [fish.payara.nucleus.hazelcast.HazelcastCore] [tid: _ThreadID=65 _ThreadName=RunLevelControllerThread-1764802939373] [timeMillis: 1764802943972] [levelValue: 800] [[
  JSR107 Caching Provider Bound to JNDI at payara/CachingProvider]]

[2025-12-03T17:02:23.972-0600] [Payara 7.2025.1] [INFORMACIÓN] [] [fish.payara.nucleus.hazelcast.HazelcastCore] [tid: _ThreadID=65 _ThreadName=RunLevelControllerThread-1764802939373] [timeMillis: 1764802943972] [levelValue: 800] [[
  JSR107 Default Cache Manager Bound to JNDI at payara/CacheManager]]

[2025-12-03T17:02:24.025-0600] [Payara 7.2025.1] [INFORMACIÓN] [NCLS-CORE-00101] [javax.enterprise.system.core] [tid: _ThreadID=67 _ThreadName=RunLevelControllerThread-1764802939376] [timeMillis: 1764802944025] [levelValue: 800] [[
  Network Listener http-listener-1 started in: 4ms - bound to [/0.0.0.0:8080]]]

[2025-12-03T17:02:24.047-0600] [Payara 7.2025.1] [INFORMACIÓN] [NCLS-CORE-00101] [javax.enterprise.system.core] [tid: _ThreadID=67 _ThreadName=RunLevelControllerThread-1764802939376] [timeMillis: 1764802944047] [levelValue: 800] [[
  Network Listener http-listener-2 started in: 2ms - bound to [/0.0.0.0:8181]]]

[2025-12-03T17:02:24.059-0600] [Payara 7.2025.1] [INFORMACIÓN] [NCLS-CORE-00101] [javax.enterprise.system.core] [tid: _ThreadID=67 _ThreadName=RunLevelControllerThread-1764802939376] [timeMillis: 1764802944059] [levelValue: 800] [[
  Network Listener admin-listener started in: 4ms - bound to [/0.0.0.0:4848]]]

[2025-12-03T17:02:24.061-0600] [Payara 7.2025.1] [INFORMACIÓN] [NCLS-CORE-00087] [javax.enterprise.system.core] [tid: _ThreadID=67 _ThreadName=RunLevelControllerThread-1764802939376] [timeMillis: 1764802944061] [levelValue: 800] [[
  Grizzly 4.1.0 started in: 4047ms - bound to [http-listener-1:8080, http-listener-2:8181, admin-listener:4848]]]

[2025-12-03T17:02:24.117-0600] [Payara 7.2025.1] [INFORMACIÓN] [NCLS-CORE-00101] [javax.enterprise.system.core] [tid: _ThreadID=66 _ThreadName=RunLevelControllerThread-1764802939376] [timeMillis: 1764802944117] [levelValue: 800] [[
  Network Listener iiop-service started in: 2ms - bound to [/0.0.0.0:3700]]]

[2025-12-03T17:02:24.132-0600] [Payara 7.2025.1] [INFORMACIÓN] [] [io.opentelemetry.api.GlobalOpenTelemetry] [tid: _ThreadID=64 _ThreadName=RunLevelControllerThread-1764802939371] [timeMillis: 1764802944132] [levelValue: 800] [[
  AutoConfiguredOpenTelemetrySdk found on classpath but automatic configuration is disabled. To enable, run your JVM with -Dotel.java.global-autoconfigure.enabled=true]]

[2025-12-03T17:02:24.193-0600] [Payara 7.2025.1] [INFORMACIÓN] [] [fish.payara.nucleus.cluster.PayaraCluster] [tid: _ThreadID=171 _ThreadName=Executor-Service-1] [timeMillis: 1764802944193] [levelValue: 800] [[
  Data Grid Status 
Payara Data Grid State: DG Version: 5 DG Name: development DG Size: 1
Instances: {
 DataGrid: development Name: server Lite: false This: true UUID: 4c55755f-c9f8-4c1a-9928-006a635c5665 Address: /26.26.165.78:4900
}]]

[2025-12-03T17:02:24.195-0600] [Payara 7.2025.1] [INFORMACIÓN] [NCLS-CORE-00017] [javax.enterprise.system.core] [tid: _ThreadID=1 _ThreadName=main] [timeMillis: 1764802944195] [levelValue: 800] [[
  Payara Server 7.2025.1 (21) startup time : Felix (36135ms), startup services(4827ms), total(40962ms)]]

[2025-12-03T17:02:24.244-0600] [Payara 7.2025.1] [INFORMACIÓN] [] [fish.payara.nucleus.notification.NotificationService] [tid: _ThreadID=1 _ThreadName=main] [timeMillis: 1764802944244] [levelValue: 800] [[
  Payara Notification Service bootstrapped.]]

[2025-12-03T17:02:24.391-0600] [Payara 7.2025.1] [INFORMACIÓN] [NCLS-JMX-00005] [javax.enterprise.system.jmx] [tid: _ThreadID=184 _ThreadName=Thread-13] [timeMillis: 1764802944391] [levelValue: 800] [[
  JMXStartupService has started JMXConnector on JMXService URL service:jmx:rmi://0.0.0.0:8686/jndi/rmi://0.0.0.0:8686/jmxrmi]]

[2025-12-03T17:02:24.457-0600] [Payara 7.2025.1] [INFORMACIÓN] [NCLS-CORE-00101] [javax.enterprise.system.core] [tid: _ThreadID=65 _ThreadName=RunLevelControllerThread-1764802939373] [timeMillis: 1764802944457] [levelValue: 800] [[
  Network Listener JMS_PROXY_default_JMS_host started in: 1ms - bound to [/0.0.0.0:7676]]]

[2025-12-03T17:02:24.579-0600] [Payara 7.2025.1] [INFORMACIÓN] [] [org.jvnet.hk2.osgiadapter] [tid: _ThreadID=39 _ThreadName=FelixStartLevel] [timeMillis: 1764802944579] [levelValue: 800] [[
  Skipping registration of inhabitant for service reference [org.osgi.service.metatype.MetaTypeProvider] as the service object could not be obtained.]]

[2025-12-03T17:02:27.381-0600] [Payara 7.2025.1] [INFORMACIÓN] [] [javax.enterprise.system.core] [tid: _ThreadID=220 _ThreadName=Thread-27] [timeMillis: 1764802947381] [levelValue: 800] [[
  No deployment transformer implementation found.]]

[2025-12-03T17:02:27.614-0600] [Payara 7.2025.1] [INFORMACIÓN] [NCLS-SECURITY-01143] [javax.enterprise.system.core.security] [tid: _ThreadID=220 _ThreadName=Thread-27] [timeMillis: 1764802947614] [levelValue: 800] [[
  Loading policy provider org.glassfish.exousia.modules.def.DefaultPolicy.]]

[2025-12-03T17:02:27.622-0600] [Payara 7.2025.1] [INFORMACIÓN] [NCLS-SECURITY-01002] [javax.enterprise.system.core.security] [tid: _ThreadID=220 _ThreadName=Thread-27] [timeMillis: 1764802947622] [levelValue: 800] [[
  Java security manager is disabled.]]

[2025-12-03T17:02:27.623-0600] [Payara 7.2025.1] [INFORMACIÓN] [NCLS-SECURITY-01010] [javax.enterprise.system.core.security] [tid: _ThreadID=220 _ThreadName=Thread-27] [timeMillis: 1764802947623] [levelValue: 800] [[
  Entering Security Startup Service.]]

[2025-12-03T17:02:27.635-0600] [Payara 7.2025.1] [INFORMACIÓN] [NCLS-SECURITY-01011] [javax.enterprise.system.core.security] [tid: _ThreadID=220 _ThreadName=Thread-27] [timeMillis: 1764802947635] [levelValue: 800] [[
  Security Service(s) started successfully.]]

[2025-12-03T17:02:27.732-0600] [Payara 7.2025.1] [INFORMACIÓN] [AS-WEB-GLUE-00198] [jakarta.enterprise.web] [tid: _ThreadID=220 _ThreadName=Thread-27] [timeMillis: 1764802947732] [levelValue: 800] [[
  Created HTTP listener http-listener-1 on host/port 0.0.0.0:8080]]

[2025-12-03T17:02:27.735-0600] [Payara 7.2025.1] [INFORMACIÓN] [AS-WEB-GLUE-00198] [jakarta.enterprise.web] [tid: _ThreadID=220 _ThreadName=Thread-27] [timeMillis: 1764802947735] [levelValue: 800] [[
  Created HTTP listener http-listener-2 on host/port 0.0.0.0:8181]]

[2025-12-03T17:02:27.736-0600] [Payara 7.2025.1] [INFORMACIÓN] [AS-WEB-GLUE-00198] [jakarta.enterprise.web] [tid: _ThreadID=220 _ThreadName=Thread-27] [timeMillis: 1764802947736] [levelValue: 800] [[
  Created HTTP listener admin-listener on host/port 0.0.0.0:4848]]

[2025-12-03T17:02:27.752-0600] [Payara 7.2025.1] [INFORMACIÓN] [AS-WEB-GLUE-00200] [jakarta.enterprise.web] [tid: _ThreadID=220 _ThreadName=Thread-27] [timeMillis: 1764802947752] [levelValue: 800] [[
  Created virtual server server]]

[2025-12-03T17:02:27.754-0600] [Payara 7.2025.1] [INFORMACIÓN] [AS-WEB-GLUE-00200] [jakarta.enterprise.web] [tid: _ThreadID=220 _ThreadName=Thread-27] [timeMillis: 1764802947754] [levelValue: 800] [[
  Created virtual server __asadmin]]

[2025-12-03T17:02:27.863-0600] [Payara 7.2025.1] [INFORMACIÓN] [AS-WEB-GLUE-00201] [jakarta.enterprise.web] [tid: _ThreadID=220 _ThreadName=Thread-27] [timeMillis: 1764802947863] [levelValue: 800] [[
  Virtual server server loaded default web module ]]

[2025-12-03T17:02:28.757-0600] [Payara 7.2025.1] [INFORMACIÓN] [] [javax.enterprise.system.core] [tid: _ThreadID=166 _ThreadName=admin-thread-pool::admin-listener(1)] [timeMillis: 1764802948757] [levelValue: 800] [[
  No deployment transformer implementation found.]]

[2025-12-03T17:02:28.995-0600] [Payara 7.2025.1] [INFO] [] [org.jboss.weld.Version] [tid: _ThreadID=220 _ThreadName=Thread-27] [timeMillis: 1764802948995] [levelValue: 800] [[
  WELD-000900: 6.0.3 (Final)]]

[2025-12-03T17:02:30.072-0600] [Payara 7.2025.1] [INFORMACIÓN] [] [org.eclipse.persistence.session./file:/C:/Users/SISTEMAS DESARROLLO2/Documents/NetBeansProjects/Inventarios/target/Inventarios-1.0-SNAPSHOT/WEB-INF/classes/_my_persistence_unit] [tid: _ThreadID=166 _ThreadName=admin-thread-pool::admin-listener(1)] [timeMillis: 1764802950072] [levelValue: 800] [[
  EclipseLink, version: Eclipse Persistence Services - 5.0.0-B08.payara-p1.v202511041741-60b8f7dca8141786130b4d36785fdcc926eb8cff]]

[2025-12-03T17:02:30.520-0600] [Payara 7.2025.1] [INFORMACIÓN] [NCLS-CORE-00022] [javax.enterprise.system.core] [tid: _ThreadID=220 _ThreadName=Thread-27] [timeMillis: 1764802950520] [levelValue: 800] [[
  Loading application __admingui done in 3976 ms]]

[2025-12-03T17:02:30.761-0600] [Payara 7.2025.1] [INFORMACIÓN] [] [org.glassfish.soteria.servlet.SamRegistrationInstaller] [tid: _ThreadID=220 _ThreadName=Thread-27] [timeMillis: 1764802950761] [levelValue: 800] [[
  Initializing Soteria 4.0.1.payara-p1 for context '']]

[2025-12-03T17:02:30.799-0600] [Payara 7.2025.1] [INFORMACIÓN] [faces.config.listener.version] [jakarta.enterprise.resource.webcontainer.faces.config] [tid: _ThreadID=220 _ThreadName=Thread-27] [timeMillis: 1764802950799] [levelValue: 800] [[
  Inicializando Mojarra 4.1.4.payara-p1 para el contexto '']]

[2025-12-03T17:02:31.423-0600] [Payara 7.2025.1] [INFORMACIÓN] [AS-WEB-GLUE-00172] [jakarta.enterprise.web] [tid: _ThreadID=220 _ThreadName=Thread-27] [timeMillis: 1764802951423] [levelValue: 800] [[
  Loading application [__admingui] at [/]]]

[2025-12-03T17:02:34.622-0600] [Payara 7.2025.1] [ADVERTENCIA] [] [javax.enterprise.system.container.web.com.sun.web.security] [tid: _ThreadID=222 _ThreadName=admin-thread-pool::admin-listener(3)] [timeMillis: 1764802954622] [levelValue: 900] [[
  Context path from ServletContext:  differs from path from bundle: /]]

[2025-12-03T17:02:35.392-0600] [Payara 7.2025.1] [INFORMACIÓN] [] [javax.enterprise.resource.corba.org.glassfish.enterprise.iiop.api] [tid: _ThreadID=245 _ThreadName=admin-thread-pool::admin-listener(4)] [timeMillis: 1764802955392] [levelValue: 800] [[
  GlassFishORBFactory service initialized.]]

[2025-12-03T17:02:36.221-0600] [Payara 7.2025.1] [INFORMACIÓN] [NCLS-REST-00001] [jakarta.enterprise.admin.rest] [tid: _ThreadID=221 _ThreadName=admin-thread-pool::admin-listener(2)] [timeMillis: 1764802956221] [levelValue: 800] [[
  Listening to REST requests at context: /management/domain.]]

[2025-12-03T17:02:36.221-0600] [Payara 7.2025.1] [INFORMACIÓN] [NCLS-REST-00001] [jakarta.enterprise.admin.rest] [tid: _ThreadID=245 _ThreadName=admin-thread-pool::admin-listener(4)] [timeMillis: 1764802956221] [levelValue: 800] [[
  Listening to REST requests at context: /management/domain.]]

[2025-12-03T17:02:36.378-0600] [Payara 7.2025.1] [INFORMACIÓN] [] [org.glassfish.soteria.servlet.SamRegistrationInstaller] [tid: _ThreadID=166 _ThreadName=admin-thread-pool::admin-listener(1)] [timeMillis: 1764802956378] [levelValue: 800] [[
  Initializing Soteria 4.0.1.payara-p1 for context '/Inventarios']]

[2025-12-03T17:02:36.382-0600] [Payara 7.2025.1] [INFORMACIÓN] [] [org.eclipse.krazo.servlet.KrazoContainerInitializer] [tid: _ThreadID=166 _ThreadName=admin-thread-pool::admin-listener(1)] [timeMillis: 1764802956382] [levelValue: 800] [[
  Eclipse Krazo version 4.0.0 started]]

[2025-12-03T17:02:36.529-0600] [Payara 7.2025.1] [INFORMACIÓN] [AS-WEB-GLUE-00172] [jakarta.enterprise.web] [tid: _ThreadID=166 _ThreadName=admin-thread-pool::admin-listener(1)] [timeMillis: 1764802956529] [levelValue: 800] [[
  Loading application [Inventarios-1.0-SNAPSHOT] at [/Inventarios]]]

[2025-12-03T17:02:36.587-0600] [Payara 7.2025.1] [INFORMACIÓN] [] [javax.enterprise.system.core] [tid: _ThreadID=166 _ThreadName=admin-thread-pool::admin-listener(1)] [timeMillis: 1764802956587] [levelValue: 800] [[
  Inventarios-1.0-SNAPSHOT was successfully deployed in 7,931 milliseconds.]]

[2025-12-04T08:21:04.629-0600] [Payara 7.2025.1] [INFORMACIÓN] [NCLS-LOGGING-00009] [jakarta.enterprise.logging] [tid: _ThreadID=65 _ThreadName=RunLevelControllerThread-1764858064522] [timeMillis: 1764858064629] [levelValue: 800] [[
  Running Payara Version: Payara Server 7.2025.1 (build 21)]]

[2025-12-04T08:21:04.646-0600] [Payara 7.2025.1] [INFORMACIÓN] [NCLS-LOGGING-00010] [jakarta.enterprise.logging] [tid: _ThreadID=65 _ThreadName=RunLevelControllerThread-1764858064522] [timeMillis: 1764858064646] [levelValue: 800] [[
  Server log file is using Formatter class: com.sun.enterprise.server.logging.ODLLogFormatter]]

[2025-12-04T08:21:05.128-0600] [Payara 7.2025.1] [INFORMACIÓN] [] [org.glassfish.ha.store.spi.BackingStoreFactoryRegistry] [tid: _ThreadID=65 _ThreadName=RunLevelControllerThread-1764858064522] [timeMillis: 1764858065128] [levelValue: 800] [[
  Registered fish.payara.ha.hazelcast.store.HazelcastBackingStoreFactoryProxy for persistence-type = hazelcast in BackingStoreFactoryRegistry]]

[2025-12-04T08:21:09.036-0600] [Payara 7.2025.1] [INFORMACIÓN] [] [fish.payara.nucleus.hazelcast.HazelcastCore] [tid: _ThreadID=66 _ThreadName=RunLevelControllerThread-1764858064526] [timeMillis: 1764858069036] [levelValue: 800] [[
  Hazelcast Instance Bound to JNDI at payara/Hazelcast]]

[2025-12-04T08:21:09.037-0600] [Payara 7.2025.1] [INFORMACIÓN] [] [fish.payara.nucleus.hazelcast.HazelcastCore] [tid: _ThreadID=66 _ThreadName=RunLevelControllerThread-1764858064526] [timeMillis: 1764858069037] [levelValue: 800] [[
  JSR107 Caching Provider Bound to JNDI at payara/CachingProvider]]

[2025-12-04T08:21:09.037-0600] [Payara 7.2025.1] [INFORMACIÓN] [] [fish.payara.nucleus.hazelcast.HazelcastCore] [tid: _ThreadID=66 _ThreadName=RunLevelControllerThread-1764858064526] [timeMillis: 1764858069037] [levelValue: 800] [[
  JSR107 Default Cache Manager Bound to JNDI at payara/CacheManager]]

[2025-12-04T08:21:09.119-0600] [Payara 7.2025.1] [INFORMACIÓN] [NCLS-CORE-00101] [javax.enterprise.system.core] [tid: _ThreadID=64 _ThreadName=RunLevelControllerThread-1764858064520] [timeMillis: 1764858069119] [levelValue: 800] [[
  Network Listener http-listener-1 started in: 5ms - bound to [/0.0.0.0:8080]]]

[2025-12-04T08:21:09.136-0600] [Payara 7.2025.1] [INFO] [] [org.hibernate.validator.internal.util.Version] [tid: _ThreadID=65 _ThreadName=RunLevelControllerThread-1764858064522] [timeMillis: 1764858069136] [levelValue: 800] [[
  HV000001: Hibernate Validator 9.0.1.Final.payara-p1]]

[2025-12-04T08:21:09.137-0600] [Payara 7.2025.1] [INFORMACIÓN] [NCLS-CORE-00101] [javax.enterprise.system.core] [tid: _ThreadID=64 _ThreadName=RunLevelControllerThread-1764858064520] [timeMillis: 1764858069137] [levelValue: 800] [[
  Network Listener http-listener-2 started in: 1ms - bound to [/0.0.0.0:8181]]]

[2025-12-04T08:21:09.146-0600] [Payara 7.2025.1] [INFORMACIÓN] [NCLS-CORE-00101] [javax.enterprise.system.core] [tid: _ThreadID=64 _ThreadName=RunLevelControllerThread-1764858064520] [timeMillis: 1764858069146] [levelValue: 800] [[
  Network Listener admin-listener started in: 2ms - bound to [/0.0.0.0:4848]]]

[2025-12-04T08:21:09.147-0600] [Payara 7.2025.1] [INFORMACIÓN] [NCLS-CORE-00087] [javax.enterprise.system.core] [tid: _ThreadID=64 _ThreadName=RunLevelControllerThread-1764858064520] [timeMillis: 1764858069147] [levelValue: 800] [[
  Grizzly 4.1.0 started in: 4184ms - bound to [http-listener-1:8080, http-listener-2:8181, admin-listener:4848]]]

[2025-12-04T08:21:09.194-0600] [Payara 7.2025.1] [INFORMACIÓN] [NCLS-CORE-00101] [javax.enterprise.system.core] [tid: _ThreadID=67 _ThreadName=RunLevelControllerThread-1764858064526] [timeMillis: 1764858069194] [levelValue: 800] [[
  Network Listener iiop-service started in: 3ms - bound to [/0.0.0.0:3700]]]

[2025-12-04T08:21:09.431-0600] [Payara 7.2025.1] [INFORMACIÓN] [] [io.opentelemetry.api.GlobalOpenTelemetry] [tid: _ThreadID=65 _ThreadName=RunLevelControllerThread-1764858064522] [timeMillis: 1764858069431] [levelValue: 800] [[
  AutoConfiguredOpenTelemetrySdk found on classpath but automatic configuration is disabled. To enable, run your JVM with -Dotel.java.global-autoconfigure.enabled=true]]

[2025-12-04T08:21:09.470-0600] [Payara 7.2025.1] [INFORMACIÓN] [] [fish.payara.nucleus.cluster.PayaraCluster] [tid: _ThreadID=166 _ThreadName=Executor-Service-4] [timeMillis: 1764858069470] [levelValue: 800] [[
  Data Grid Status 
Payara Data Grid State: DG Version: 5 DG Name: development DG Size: 1
Instances: {
 DataGrid: development Name: server Lite: false This: true UUID: bdc8c8f7-6575-4aaa-8230-d3c57f3753e0 Address: /26.26.165.78:4900
}]]

[2025-12-04T08:21:09.473-0600] [Payara 7.2025.1] [INFORMACIÓN] [NCLS-CORE-00017] [javax.enterprise.system.core] [tid: _ThreadID=1 _ThreadName=main] [timeMillis: 1764858069473] [levelValue: 800] [[
  Payara Server 7.2025.1 (21) startup time : Felix (30288ms), startup services(4956ms), total(35244ms)]]

[2025-12-04T08:21:10.134-0600] [Payara 7.2025.1] [INFORMACIÓN] [] [javax.enterprise.system.core] [tid: _ThreadID=66 _ThreadName=RunLevelControllerThread-1764858064526] [timeMillis: 1764858070134] [levelValue: 800] [[
  No deployment transformer implementation found.]]

[2025-12-04T08:21:10.496-0600] [Payara 7.2025.1] [INFORMACIÓN] [NCLS-SECURITY-01143] [javax.enterprise.system.core.security] [tid: _ThreadID=66 _ThreadName=RunLevelControllerThread-1764858064526] [timeMillis: 1764858070496] [levelValue: 800] [[
  Loading policy provider org.glassfish.exousia.modules.def.DefaultPolicy.]]

[2025-12-04T08:21:10.504-0600] [Payara 7.2025.1] [INFORMACIÓN] [NCLS-SECURITY-01002] [javax.enterprise.system.core.security] [tid: _ThreadID=66 _ThreadName=RunLevelControllerThread-1764858064526] [timeMillis: 1764858070504] [levelValue: 800] [[
  Java security manager is disabled.]]

[2025-12-04T08:21:10.504-0600] [Payara 7.2025.1] [INFORMACIÓN] [NCLS-SECURITY-01010] [javax.enterprise.system.core.security] [tid: _ThreadID=66 _ThreadName=RunLevelControllerThread-1764858064526] [timeMillis: 1764858070504] [levelValue: 800] [[
  Entering Security Startup Service.]]

[2025-12-04T08:21:10.515-0600] [Payara 7.2025.1] [INFORMACIÓN] [NCLS-SECURITY-01011] [javax.enterprise.system.core.security] [tid: _ThreadID=66 _ThreadName=RunLevelControllerThread-1764858064526] [timeMillis: 1764858070515] [levelValue: 800] [[
  Security Service(s) started successfully.]]

[2025-12-04T08:21:10.872-0600] [Payara 7.2025.1] [INFORMACIÓN] [AS-WEB-GLUE-00198] [jakarta.enterprise.web] [tid: _ThreadID=66 _ThreadName=RunLevelControllerThread-1764858064526] [timeMillis: 1764858070872] [levelValue: 800] [[
  Created HTTP listener http-listener-1 on host/port 0.0.0.0:8080]]

[2025-12-04T08:21:10.876-0600] [Payara 7.2025.1] [INFORMACIÓN] [AS-WEB-GLUE-00198] [jakarta.enterprise.web] [tid: _ThreadID=66 _ThreadName=RunLevelControllerThread-1764858064526] [timeMillis: 1764858070876] [levelValue: 800] [[
  Created HTTP listener http-listener-2 on host/port 0.0.0.0:8181]]

[2025-12-04T08:21:10.877-0600] [Payara 7.2025.1] [INFORMACIÓN] [AS-WEB-GLUE-00198] [jakarta.enterprise.web] [tid: _ThreadID=66 _ThreadName=RunLevelControllerThread-1764858064526] [timeMillis: 1764858070877] [levelValue: 800] [[
  Created HTTP listener admin-listener on host/port 0.0.0.0:4848]]

[2025-12-04T08:21:10.889-0600] [Payara 7.2025.1] [INFORMACIÓN] [AS-WEB-GLUE-00200] [jakarta.enterprise.web] [tid: _ThreadID=66 _ThreadName=RunLevelControllerThread-1764858064526] [timeMillis: 1764858070889] [levelValue: 800] [[
  Created virtual server server]]

[2025-12-04T08:21:10.892-0600] [Payara 7.2025.1] [INFORMACIÓN] [AS-WEB-GLUE-00200] [jakarta.enterprise.web] [tid: _ThreadID=66 _ThreadName=RunLevelControllerThread-1764858064526] [timeMillis: 1764858070892] [levelValue: 800] [[
  Created virtual server __asadmin]]

[2025-12-04T08:21:11.001-0600] [Payara 7.2025.1] [INFORMACIÓN] [AS-WEB-GLUE-00201] [jakarta.enterprise.web] [tid: _ThreadID=66 _ThreadName=RunLevelControllerThread-1764858064526] [timeMillis: 1764858071001] [levelValue: 800] [[
  Virtual server server loaded default web module ]]

[2025-12-04T08:21:12.881-0600] [Payara 7.2025.1] [ADVERTENCIA] [] [jakarta.enterprise.web.util] [tid: _ThreadID=66 _ThreadName=RunLevelControllerThread-1764858064526] [timeMillis: 1764858072881] [levelValue: 900] [[
  The web application [unknown] registered the JDBC driver [com.mysql.cj.jdbc.Driver] but failed to unregister it when the web application was stopped. To prevent a memory leak, the JDBC Driver has been forcibly unregistered.]]

[2025-12-04T08:21:12.972-0600] [Payara 7.2025.1] [INFO] [] [org.jboss.weld.Version] [tid: _ThreadID=66 _ThreadName=RunLevelControllerThread-1764858064526] [timeMillis: 1764858072972] [levelValue: 800] [[
  WELD-000900: 6.0.3 (Final)]]

[2025-12-04T08:21:14.212-0600] [Payara 7.2025.1] [INFORMACIÓN] [NCLS-CORE-00022] [javax.enterprise.system.core] [tid: _ThreadID=66 _ThreadName=RunLevelControllerThread-1764858064526] [timeMillis: 1764858074212] [levelValue: 800] [[
  Loading application Inventarios-1.0-SNAPSHOT done in 4705 ms]]

[2025-12-04T08:21:14.270-0600] [Payara 7.2025.1] [INFORMACIÓN] [] [org.glassfish.soteria.servlet.SamRegistrationInstaller] [tid: _ThreadID=66 _ThreadName=RunLevelControllerThread-1764858064526] [timeMillis: 1764858074270] [levelValue: 800] [[
  Initializing Soteria 4.0.1.payara-p1 for context '/Inventarios']]

[2025-12-04T08:21:14.283-0600] [Payara 7.2025.1] [INFORMACIÓN] [] [org.eclipse.krazo.servlet.KrazoContainerInitializer] [tid: _ThreadID=66 _ThreadName=RunLevelControllerThread-1764858064526] [timeMillis: 1764858074283] [levelValue: 800] [[
  Eclipse Krazo version 4.0.0 started]]

[2025-12-04T08:21:14.419-0600] [Payara 7.2025.1] [INFORMACIÓN] [AS-WEB-GLUE-00172] [jakarta.enterprise.web] [tid: _ThreadID=66 _ThreadName=RunLevelControllerThread-1764858064526] [timeMillis: 1764858074419] [levelValue: 800] [[
  Loading application [Inventarios-1.0-SNAPSHOT] at [/Inventarios]]]

[2025-12-04T08:21:14.434-0600] [Payara 7.2025.1] [INFORMACIÓN] [] [fish.payara.nucleus.notification.NotificationService] [tid: _ThreadID=1 _ThreadName=main] [timeMillis: 1764858074434] [levelValue: 800] [[
  Payara Notification Service bootstrapped.]]

[2025-12-04T08:21:14.463-0600] [Payara 7.2025.1] [INFORMACIÓN] [NCLS-CORE-00101] [javax.enterprise.system.core] [tid: _ThreadID=67 _ThreadName=RunLevelControllerThread-1764858064526] [timeMillis: 1764858074463] [levelValue: 800] [[
  Network Listener JMS_PROXY_default_JMS_host started in: 4ms - bound to [/0.0.0.0:7676]]]

[2025-12-04T08:21:14.636-0600] [Payara 7.2025.1] [INFORMACIÓN] [NCLS-JMX-00005] [javax.enterprise.system.jmx] [tid: _ThreadID=197 _ThreadName=Thread-13] [timeMillis: 1764858074636] [levelValue: 800] [[
  JMXStartupService has started JMXConnector on JMXService URL service:jmx:rmi://0.0.0.0:8686/jndi/rmi://0.0.0.0:8686/jmxrmi]]

[2025-12-04T08:21:14.723-0600] [Payara 7.2025.1] [INFORMACIÓN] [] [org.jvnet.hk2.osgiadapter] [tid: _ThreadID=51 _ThreadName=FelixStartLevel] [timeMillis: 1764858074723] [levelValue: 800] [[
  Skipping registration of inhabitant for service reference [org.osgi.service.metatype.MetaTypeProvider] as the service object could not be obtained.]]

[2025-12-04T08:21:15.207-0600] [Payara 7.2025.1] [INFORMACIÓN] [] [javax.enterprise.system.core] [tid: _ThreadID=185 _ThreadName=Thread-11] [timeMillis: 1764858075207] [levelValue: 800] [[
  No deployment transformer implementation found.]]

[2025-12-04T08:21:15.897-0600] [Payara 7.2025.1] [INFORMACIÓN] [NCLS-CORE-00022] [javax.enterprise.system.core] [tid: _ThreadID=185 _ThreadName=Thread-11] [timeMillis: 1764858075897] [levelValue: 800] [[
  Loading application __admingui done in 1469 ms]]

[2025-12-04T08:21:16.110-0600] [Payara 7.2025.1] [INFORMACIÓN] [] [org.glassfish.soteria.servlet.SamRegistrationInstaller] [tid: _ThreadID=185 _ThreadName=Thread-11] [timeMillis: 1764858076110] [levelValue: 800] [[
  Initializing Soteria 4.0.1.payara-p1 for context '']]

[2025-12-04T08:21:16.169-0600] [Payara 7.2025.1] [INFORMACIÓN] [faces.config.listener.version] [jakarta.enterprise.resource.webcontainer.faces.config] [tid: _ThreadID=185 _ThreadName=Thread-11] [timeMillis: 1764858076169] [levelValue: 800] [[
  Inicializando Mojarra 4.1.4.payara-p1 para el contexto '']]

[2025-12-04T08:21:16.241-0600] [Payara 7.2025.1] [INFORMACIÓN] [] [javax.enterprise.system.core] [tid: _ThreadID=151 _ThreadName=admin-thread-pool::admin-listener(1)] [timeMillis: 1764858076241] [levelValue: 800] [[
  No deployment transformer implementation found.]]

[2025-12-04T08:21:16.400-0600] [Payara 7.2025.1] [INFORMACIÓN] [] [org.eclipse.persistence.session./file:/C:/Users/SISTEMAS DESARROLLO2/Documents/NetBeansProjects/Inventarios/target/Inventarios-1.0-SNAPSHOT/WEB-INF/classes/_my_persistence_unit] [tid: _ThreadID=151 _ThreadName=admin-thread-pool::admin-listener(1)] [timeMillis: 1764858076400] [levelValue: 800] [[
  EclipseLink, version: Eclipse Persistence Services - 5.0.0-B08.payara-p1.v202511041741-60b8f7dca8141786130b4d36785fdcc926eb8cff]]

[2025-12-04T08:21:16.765-0600] [Payara 7.2025.1] [INFORMACIÓN] [AS-WEB-GLUE-00172] [jakarta.enterprise.web] [tid: _ThreadID=185 _ThreadName=Thread-11] [timeMillis: 1764858076765] [levelValue: 800] [[
  Loading application [__admingui] at [/]]]

[2025-12-04T08:21:21.650-0600] [Payara 7.2025.1] [INFORMACIÓN] [] [javax.enterprise.resource.corba.org.glassfish.enterprise.iiop.api] [tid: _ThreadID=186 _ThreadName=admin-thread-pool::admin-listener(2)] [timeMillis: 1764858081650] [levelValue: 800] [[
  GlassFishORBFactory service initialized.]]

[2025-12-04T08:21:21.954-0600] [Payara 7.2025.1] [INFORMACIÓN] [NCLS-REST-00001] [jakarta.enterprise.admin.rest] [tid: _ThreadID=186 _ThreadName=admin-thread-pool::admin-listener(2)] [timeMillis: 1764858081954] [levelValue: 800] [[
  Listening to REST requests at context: /management/domain.]]

[2025-12-04T08:21:22.541-0600] [Payara 7.2025.1] [ADVERTENCIA] [] [javax.enterprise.system.container.web.com.sun.web.security] [tid: _ThreadID=186 _ThreadName=admin-thread-pool::admin-listener(2)] [timeMillis: 1764858082541] [levelValue: 900] [[
  Context path from ServletContext:  differs from path from bundle: /]]

[2025-12-04T08:21:25.744-0600] [Payara 7.2025.1] [INFORMACIÓN] [] [org.glassfish.soteria.servlet.SamRegistrationInstaller] [tid: _ThreadID=151 _ThreadName=admin-thread-pool::admin-listener(1)] [timeMillis: 1764858085744] [levelValue: 800] [[
  Initializing Soteria 4.0.1.payara-p1 for context '/Inventarios']]

[2025-12-04T08:21:25.749-0600] [Payara 7.2025.1] [INFORMACIÓN] [] [org.eclipse.krazo.servlet.KrazoContainerInitializer] [tid: _ThreadID=151 _ThreadName=admin-thread-pool::admin-listener(1)] [timeMillis: 1764858085749] [levelValue: 800] [[
  Eclipse Krazo version 4.0.0 started]]

[2025-12-04T08:21:25.846-0600] [Payara 7.2025.1] [INFORMACIÓN] [AS-WEB-GLUE-00172] [jakarta.enterprise.web] [tid: _ThreadID=151 _ThreadName=admin-thread-pool::admin-listener(1)] [timeMillis: 1764858085846] [levelValue: 800] [[
  Loading application [Inventarios-1.0-SNAPSHOT] at [/Inventarios]]]

[2025-12-04T08:21:25.879-0600] [Payara 7.2025.1] [INFORMACIÓN] [] [javax.enterprise.system.core] [tid: _ThreadID=151 _ThreadName=admin-thread-pool::admin-listener(1)] [timeMillis: 1764858085879] [levelValue: 800] [[
  Inventarios-1.0-SNAPSHOT was successfully deployed in 9,807 milliseconds.]]

[2025-12-04T08:21:46.323-0600] [Payara 7.2025.1] [INFORMACIÓN] [] [] [tid: _ThreadID=140 _ThreadName=http-thread-pool::http-listener-1(4)] [timeMillis: 1764858106323] [levelValue: 800] [[
  Conexión exitosa a MySQL!]]

[2025-12-04T08:31:42.808-0600] [Payara 7.2025.1] [INFORMACIÓN] [NCLS-CORE-00092] [javax.enterprise.system.core] [tid: _ThreadID=276 _ThreadName=Thread-32] [timeMillis: 1764858702808] [levelValue: 800] [[
  Server shutdown initiated]]

[2025-12-04T08:31:42.812-0600] [Payara 7.2025.1] [INFORMACIÓN] [] [] [tid: _ThreadID=276 _ThreadName=Thread-32] [timeMillis: 1764858702812] [levelValue: 800] [[
  FileMonitoring shutdown]]

[2025-12-04T08:31:42.823-0600] [Payara 7.2025.1] [INFORMACIÓN] [NCLS-JMX-00002] [javax.enterprise.system.jmx] [tid: _ThreadID=276 _ThreadName=Thread-32] [timeMillis: 1764858702823] [levelValue: 800] [[
  JMXStartupService: Stopped JMXConnectorServer: null]]

[2025-12-04T08:31:42.824-0600] [Payara 7.2025.1] [INFORMACIÓN] [NCLS-JMX-00001] [javax.enterprise.system.jmx] [tid: _ThreadID=276 _ThreadName=Thread-32] [timeMillis: 1764858702824] [levelValue: 800] [[
  JMXStartupService and JMXConnectors have been shut down.]]

[2025-12-04T08:31:42.839-0600] [Payara 7.2025.1] [ADVERTENCIA] [] [jakarta.enterprise.web.util] [tid: _ThreadID=278 _ThreadName=RunLevelControllerThread-1764858702825] [timeMillis: 1764858702839] [levelValue: 900] [[
  The web application [/Inventarios] registered the JDBC driver [com.mysql.cj.jdbc.Driver] but failed to unregister it when the web application was stopped. To prevent a memory leak, the JDBC Driver has been forcibly unregistered.]]

[2025-12-04T08:31:42.882-0600] [Payara 7.2025.1] [GRAVE] [] [jakarta.enterprise.web.util] [tid: _ThreadID=278 _ThreadName=RunLevelControllerThread-1764858702825] [timeMillis: 1764858702882] [levelValue: 1000] [[
  The web application [] created a ThreadLocal with key of type [java.lang.ThreadLocal] (value [java.lang.ThreadLocal@16e82fcd]) and a value of type [org.glassfish.admingui.theme.AdminguiThemeContext] (value [org.glassfish.admingui.theme.AdminguiThemeContext@480dc25f]) but failed to remove it when the web application was stopped. Threads are going to be renewed over time to try and avoid a probable memory leak.]]

[2025-12-04T08:31:42.882-0600] [Payara 7.2025.1] [GRAVE] [] [jakarta.enterprise.web.util] [tid: _ThreadID=278 _ThreadName=RunLevelControllerThread-1764858702825] [timeMillis: 1764858702882] [levelValue: 1000] [[
  The web application [] created a ThreadLocal with key of type [java.lang.ThreadLocal] (value [java.lang.ThreadLocal@16e82fcd]) and a value of type [org.glassfish.admingui.theme.AdminguiThemeContext] (value [org.glassfish.admingui.theme.AdminguiThemeContext@480dc25f]) but failed to remove it when the web application was stopped. Threads are going to be renewed over time to try and avoid a probable memory leak.]]

[2025-12-04T08:31:42.883-0600] [Payara 7.2025.1] [GRAVE] [] [jakarta.enterprise.web.util] [tid: _ThreadID=278 _ThreadName=RunLevelControllerThread-1764858702825] [timeMillis: 1764858702883] [levelValue: 1000] [[
  The web application [] created a ThreadLocal with key of type [java.lang.ThreadLocal] (value [java.lang.ThreadLocal@16e82fcd]) and a value of type [org.glassfish.admingui.theme.AdminguiThemeContext] (value [org.glassfish.admingui.theme.AdminguiThemeContext@480dc25f]) but failed to remove it when the web application was stopped. Threads are going to be renewed over time to try and avoid a probable memory leak.]]

[2025-12-04T08:31:42.889-0600] [Payara 7.2025.1] [INFORMACIÓN] [] [fish.payara.nucleus.hazelcast.HazelcastCore] [tid: _ThreadID=278 _ThreadName=RunLevelControllerThread-1764858702825] [timeMillis: 1764858702889] [levelValue: 800] [[
  Hazelcast Instance Unbound from JNDI at payara/Hazelcast]]

[2025-12-04T08:31:42.890-0600] [Payara 7.2025.1] [INFORMACIÓN] [] [fish.payara.nucleus.hazelcast.HazelcastCore] [tid: _ThreadID=278 _ThreadName=RunLevelControllerThread-1764858702825] [timeMillis: 1764858702890] [levelValue: 800] [[
  JSR107 Caching Provider Unbound from JNDI at payara/CachingProvider]]

[2025-12-04T08:31:42.890-0600] [Payara 7.2025.1] [INFORMACIÓN] [] [fish.payara.nucleus.hazelcast.HazelcastCore] [tid: _ThreadID=278 _ThreadName=RunLevelControllerThread-1764858702825] [timeMillis: 1764858702890] [levelValue: 800] [[
  JSR107 Cache Manager Unbound from JNDI at payara/CacheManager]]

[2025-12-04T08:31:42.909-0600] [Payara 7.2025.1] [INFORMACIÓN] [] [fish.payara.nucleus.hazelcast.HazelcastCore] [tid: _ThreadID=278 _ThreadName=RunLevelControllerThread-1764858702825] [timeMillis: 1764858702909] [levelValue: 800] [[
  Shutdown Hazelcast]]

[2025-12-04T08:31:42.927-0600] [Payara 7.2025.1] [INFORMACIÓN] [] [] [tid: _ThreadID=279 _ThreadName=RunLevelControllerThread-1764858702825] [timeMillis: 1764858702927] [levelValue: 800] [[
  JdbcRuntimeExtension,  getAllSystemRAResourcesAndPools = [GlassFishConfigBean.org.glassfish.jdbc.config.JdbcResource, GlassFishConfigBean.org.glassfish.jdbc.config.JdbcResource, GlassFishConfigBean.org.glassfish.jdbc.config.JdbcConnectionPool, GlassFishConfigBean.org.glassfish.jdbc.config.JdbcConnectionPool]]]

[2025-12-04T08:31:42.938-0600] [Payara 7.2025.1] [INFORMACIÓN] [] [javax.enterprise.resource.resourceadapter.com.sun.enterprise.connectors.service] [tid: _ThreadID=287 _ThreadName=RA Shutdown] [timeMillis: 1764858702938] [levelValue: 800] [[
  RAR7094: __ds_jdbc_ra shutdown successful.]]

[2025-12-04T08:43:29.751-0600] [Payara 7.2025.1] [INFORMACIÓN] [NCLS-LOGGING-00009] [jakarta.enterprise.logging] [tid: _ThreadID=65 _ThreadName=RunLevelControllerThread-1764859409678] [timeMillis: 1764859409751] [levelValue: 800] [[
  Running Payara Version: Payara Server 7.2025.1 (build 21)]]

[2025-12-04T08:43:29.768-0600] [Payara 7.2025.1] [INFORMACIÓN] [NCLS-LOGGING-00010] [jakarta.enterprise.logging] [tid: _ThreadID=65 _ThreadName=RunLevelControllerThread-1764859409678] [timeMillis: 1764859409768] [levelValue: 800] [[
  Server log file is using Formatter class: com.sun.enterprise.server.logging.ODLLogFormatter]]

[2025-12-04T08:43:30.222-0600] [Payara 7.2025.1] [INFORMACIÓN] [] [org.glassfish.ha.store.spi.BackingStoreFactoryRegistry] [tid: _ThreadID=64 _ThreadName=RunLevelControllerThread-1764859409677] [timeMillis: 1764859410222] [levelValue: 800] [[
  Registered fish.payara.ha.hazelcast.store.HazelcastBackingStoreFactoryProxy for persistence-type = hazelcast in BackingStoreFactoryRegistry]]

[2025-12-04T08:43:34.054-0600] [Payara 7.2025.1] [INFORMACIÓN] [] [fish.payara.nucleus.hazelcast.HazelcastCore] [tid: _ThreadID=65 _ThreadName=RunLevelControllerThread-1764859409678] [timeMillis: 1764859414054] [levelValue: 800] [[
  Hazelcast Instance Bound to JNDI at payara/Hazelcast]]

[2025-12-04T08:43:34.054-0600] [Payara 7.2025.1] [INFORMACIÓN] [] [fish.payara.nucleus.hazelcast.HazelcastCore] [tid: _ThreadID=65 _ThreadName=RunLevelControllerThread-1764859409678] [timeMillis: 1764859414054] [levelValue: 800] [[
  JSR107 Caching Provider Bound to JNDI at payara/CachingProvider]]

[2025-12-04T08:43:34.054-0600] [Payara 7.2025.1] [INFORMACIÓN] [] [fish.payara.nucleus.hazelcast.HazelcastCore] [tid: _ThreadID=65 _ThreadName=RunLevelControllerThread-1764859409678] [timeMillis: 1764859414054] [levelValue: 800] [[
  JSR107 Default Cache Manager Bound to JNDI at payara/CacheManager]]

[2025-12-04T08:43:34.145-0600] [Payara 7.2025.1] [INFORMACIÓN] [NCLS-CORE-00101] [javax.enterprise.system.core] [tid: _ThreadID=66 _ThreadName=RunLevelControllerThread-1764859409682] [timeMillis: 1764859414145] [levelValue: 800] [[
  Network Listener http-listener-1 started in: 7ms - bound to [/0.0.0.0:8080]]]

[2025-12-04T08:43:34.170-0600] [Payara 7.2025.1] [INFORMACIÓN] [NCLS-CORE-00101] [javax.enterprise.system.core] [tid: _ThreadID=66 _ThreadName=RunLevelControllerThread-1764859409682] [timeMillis: 1764859414170] [levelValue: 800] [[
  Network Listener http-listener-2 started in: 3ms - bound to [/0.0.0.0:8181]]]

[2025-12-04T08:43:34.180-0600] [Payara 7.2025.1] [INFORMACIÓN] [NCLS-CORE-00101] [javax.enterprise.system.core] [tid: _ThreadID=66 _ThreadName=RunLevelControllerThread-1764859409682] [timeMillis: 1764859414180] [levelValue: 800] [[
  Network Listener admin-listener started in: 2ms - bound to [/0.0.0.0:4848]]]

[2025-12-04T08:43:34.181-0600] [Payara 7.2025.1] [INFORMACIÓN] [NCLS-CORE-00087] [javax.enterprise.system.core] [tid: _ThreadID=66 _ThreadName=RunLevelControllerThread-1764859409682] [timeMillis: 1764859414181] [levelValue: 800] [[
  Grizzly 4.1.0 started in: 4145ms - bound to [http-listener-1:8080, http-listener-2:8181, admin-listener:4848]]]

[2025-12-04T08:43:34.198-0600] [Payara 7.2025.1] [INFO] [] [org.hibernate.validator.internal.util.Version] [tid: _ThreadID=64 _ThreadName=RunLevelControllerThread-1764859409677] [timeMillis: 1764859414198] [levelValue: 800] [[
  HV000001: Hibernate Validator 9.0.1.Final.payara-p1]]

[2025-12-04T08:43:34.257-0600] [Payara 7.2025.1] [INFORMACIÓN] [NCLS-CORE-00101] [javax.enterprise.system.core] [tid: _ThreadID=65 _ThreadName=RunLevelControllerThread-1764859409678] [timeMillis: 1764859414257] [levelValue: 800] [[
  Network Listener iiop-service started in: 2ms - bound to [/0.0.0.0:3700]]]

[2025-12-04T08:43:34.468-0600] [Payara 7.2025.1] [INFORMACIÓN] [] [io.opentelemetry.api.GlobalOpenTelemetry] [tid: _ThreadID=64 _ThreadName=RunLevelControllerThread-1764859409677] [timeMillis: 1764859414468] [levelValue: 800] [[
  AutoConfiguredOpenTelemetrySdk found on classpath but automatic configuration is disabled. To enable, run your JVM with -Dotel.java.global-autoconfigure.enabled=true]]

[2025-12-04T08:43:34.501-0600] [Payara 7.2025.1] [INFORMACIÓN] [] [fish.payara.nucleus.cluster.PayaraCluster] [tid: _ThreadID=165 _ThreadName=Executor-Service-3] [timeMillis: 1764859414501] [levelValue: 800] [[
  Data Grid Status 
Payara Data Grid State: DG Version: 5 DG Name: development DG Size: 1
Instances: {
 DataGrid: development Name: server Lite: false This: true UUID: ebeb85e5-b093-4f57-a2ba-bf88f4e06e60 Address: /26.26.165.78:4900
}]]

[2025-12-04T08:43:34.503-0600] [Payara 7.2025.1] [INFORMACIÓN] [NCLS-CORE-00017] [javax.enterprise.system.core] [tid: _ThreadID=1 _ThreadName=main] [timeMillis: 1764859414503] [levelValue: 800] [[
  Payara Server 7.2025.1 (21) startup time : Felix (11250ms), startup services(4829ms), total(16079ms)]]

[2025-12-04T08:43:35.094-0600] [Payara 7.2025.1] [INFORMACIÓN] [] [javax.enterprise.system.core] [tid: _ThreadID=67 _ThreadName=RunLevelControllerThread-1764859409682] [timeMillis: 1764859415094] [levelValue: 800] [[
  No deployment transformer implementation found.]]

[2025-12-04T08:43:35.300-0600] [Payara 7.2025.1] [INFORMACIÓN] [NCLS-SECURITY-01143] [javax.enterprise.system.core.security] [tid: _ThreadID=67 _ThreadName=RunLevelControllerThread-1764859409682] [timeMillis: 1764859415300] [levelValue: 800] [[
  Loading policy provider org.glassfish.exousia.modules.def.DefaultPolicy.]]

[2025-12-04T08:43:35.308-0600] [Payara 7.2025.1] [INFORMACIÓN] [NCLS-SECURITY-01002] [javax.enterprise.system.core.security] [tid: _ThreadID=67 _ThreadName=RunLevelControllerThread-1764859409682] [timeMillis: 1764859415308] [levelValue: 800] [[
  Java security manager is disabled.]]

[2025-12-04T08:43:35.309-0600] [Payara 7.2025.1] [INFORMACIÓN] [NCLS-SECURITY-01010] [javax.enterprise.system.core.security] [tid: _ThreadID=67 _ThreadName=RunLevelControllerThread-1764859409682] [timeMillis: 1764859415309] [levelValue: 800] [[
  Entering Security Startup Service.]]

[2025-12-04T08:43:35.321-0600] [Payara 7.2025.1] [INFORMACIÓN] [NCLS-SECURITY-01011] [javax.enterprise.system.core.security] [tid: _ThreadID=67 _ThreadName=RunLevelControllerThread-1764859409682] [timeMillis: 1764859415321] [levelValue: 800] [[
  Security Service(s) started successfully.]]

[2025-12-04T08:43:35.470-0600] [Payara 7.2025.1] [INFORMACIÓN] [AS-WEB-GLUE-00198] [jakarta.enterprise.web] [tid: _ThreadID=67 _ThreadName=RunLevelControllerThread-1764859409682] [timeMillis: 1764859415470] [levelValue: 800] [[
  Created HTTP listener http-listener-1 on host/port 0.0.0.0:8080]]

[2025-12-04T08:43:35.472-0600] [Payara 7.2025.1] [INFORMACIÓN] [AS-WEB-GLUE-00198] [jakarta.enterprise.web] [tid: _ThreadID=67 _ThreadName=RunLevelControllerThread-1764859409682] [timeMillis: 1764859415472] [levelValue: 800] [[
  Created HTTP listener http-listener-2 on host/port 0.0.0.0:8181]]

[2025-12-04T08:43:35.473-0600] [Payara 7.2025.1] [INFORMACIÓN] [AS-WEB-GLUE-00198] [jakarta.enterprise.web] [tid: _ThreadID=67 _ThreadName=RunLevelControllerThread-1764859409682] [timeMillis: 1764859415473] [levelValue: 800] [[
  Created HTTP listener admin-listener on host/port 0.0.0.0:4848]]

[2025-12-04T08:43:35.483-0600] [Payara 7.2025.1] [INFORMACIÓN] [AS-WEB-GLUE-00200] [jakarta.enterprise.web] [tid: _ThreadID=67 _ThreadName=RunLevelControllerThread-1764859409682] [timeMillis: 1764859415483] [levelValue: 800] [[
  Created virtual server server]]

[2025-12-04T08:43:35.486-0600] [Payara 7.2025.1] [INFORMACIÓN] [AS-WEB-GLUE-00200] [jakarta.enterprise.web] [tid: _ThreadID=67 _ThreadName=RunLevelControllerThread-1764859409682] [timeMillis: 1764859415486] [levelValue: 800] [[
  Created virtual server __asadmin]]

[2025-12-04T08:43:35.594-0600] [Payara 7.2025.1] [INFORMACIÓN] [AS-WEB-GLUE-00201] [jakarta.enterprise.web] [tid: _ThreadID=67 _ThreadName=RunLevelControllerThread-1764859409682] [timeMillis: 1764859415594] [levelValue: 800] [[
  Virtual server server loaded default web module ]]

[2025-12-04T08:43:37.354-0600] [Payara 7.2025.1] [GRAVE] [] [javax.enterprise.system.core] [tid: _ThreadID=67 _ThreadName=RunLevelControllerThread-1764859409682] [timeMillis: 1764859417354] [levelValue: 1000] [[
  Exception while invoking class org.glassfish.persistence.jpa.JPADeployer prepare method]]

[2025-12-04T08:43:37.355-0600] [Payara 7.2025.1] [GRAVE] [] [javax.enterprise.system.core] [tid: _ThreadID=67 _ThreadName=RunLevelControllerThread-1764859409682] [timeMillis: 1764859417355] [levelValue: 1000] [[
  Exception while preparing the app]]

[2025-12-04T08:43:37.355-0600] [Payara 7.2025.1] [GRAVE] [NCLS-CORE-00026] [javax.enterprise.system.core] [tid: _ThreadID=67 _ThreadName=RunLevelControllerThread-1764859409682] [timeMillis: 1764859417355] [levelValue: 1000] [[
  Exception during lifecycle processing
jakarta.persistence.PersistenceException: Exception [EclipseLink-28018] (Eclipse Persistence Services - 5.0.0-B08.payara-p1.v202511041741-60b8f7dca8141786130b4d36785fdcc926eb8cff): org.eclipse.persistence.exceptions.EntityManagerSetupException
Exception Description: Predeployment of PersistenceUnit [my_persistence_unit] failed.
Internal Exception: Exception [EclipseLink-7161] (Eclipse Persistence Services - 5.0.0-B08.payara-p1.v202511041741-60b8f7dca8141786130b4d36785fdcc926eb8cff): org.eclipse.persistence.exceptions.ValidationException
Exception Description: Entity class [class com.sergio.inventarios.model.Usuario] has no primary key specified. It should define either an @Id, @EmbeddedId or an @IdClass. If you have defined PK using any of these annotations then make sure that you do not have mixed access-type (both fields and properties annotated) in your entity class hierarchy.
	at org.eclipse.persistence.internal.jpa.EntityManagerSetupImpl.createPredeployFailedPersistenceException(EntityManagerSetupImpl.java:2170)
	at org.eclipse.persistence.internal.jpa.EntityManagerSetupImpl.predeploy(EntityManagerSetupImpl.java:2146)
	at org.eclipse.persistence.jpa.PersistenceProvider.createContainerEntityManagerFactoryImpl(PersistenceProvider.java:424)
	at org.eclipse.persistence.jpa.PersistenceProvider.createContainerEntityManagerFactory(PersistenceProvider.java:388)
	at org.glassfish.persistence.jpa.PersistenceUnitLoader.loadPU(PersistenceUnitLoader.java:207)
	at org.glassfish.persistence.jpa.PersistenceUnitLoader.<init>(PersistenceUnitLoader.java:114)
	at org.glassfish.persistence.jpa.JPADeployer.loadPersistenceUnit(JPADeployer.java:265)
	at org.glassfish.persistence.jpa.JPADeployer.createEMFs(JPADeployer.java:205)
	at org.glassfish.persistence.jpa.JPADeployer.prepare(JPADeployer.java:187)
	at com.sun.enterprise.v3.server.ApplicationLifecycle.prepareModule(ApplicationLifecycle.java:1249)
	at com.sun.enterprise.v3.server.ApplicationLifecycle.prepare(ApplicationLifecycle.java:505)
	at com.sun.enterprise.v3.server.ApplicationLoaderService.processApplication(ApplicationLoaderService.java:434)
	at com.sun.enterprise.v3.server.ApplicationLoaderService.postConstruct(ApplicationLoaderService.java:266)
	at org.jvnet.hk2.internal.ClazzCreator.postConstructMe(ClazzCreator.java:356)
	at org.jvnet.hk2.internal.ClazzCreator.create(ClazzCreator.java:410)
	at org.jvnet.hk2.internal.SystemDescriptor.create(SystemDescriptor.java:479)
	at org.glassfish.hk2.runlevel.internal.AsyncRunLevelContext.findOrCreate(AsyncRunLevelContext.java:288)
	at org.glassfish.hk2.runlevel.RunLevelContext.findOrCreate(RunLevelContext.java:65)
	at org.jvnet.hk2.internal.Utilities.createService(Utilities.java:2111)
	at org.jvnet.hk2.internal.ServiceHandleImpl.getService(ServiceHandleImpl.java:98)
	at org.jvnet.hk2.internal.ServiceHandleImpl.getService(ServiceHandleImpl.java:68)
	at org.glassfish.hk2.runlevel.internal.CurrentTaskFuture$QueueRunner.oneJob(CurrentTaskFuture.java:1366)
	at org.glassfish.hk2.runlevel.internal.CurrentTaskFuture$QueueRunner.run(CurrentTaskFuture.java:1294)
	at org.glassfish.hk2.runlevel.internal.CurrentTaskFuture$UpOneLevel.run(CurrentTaskFuture.java:848)
	at java.base/java.util.concurrent.ThreadPoolExecutor.runWorker(ThreadPoolExecutor.java:1144)
	at java.base/java.util.concurrent.ThreadPoolExecutor$Worker.run(ThreadPoolExecutor.java:642)
	at java.base/java.lang.Thread.run(Thread.java:1583)
Caused by: Exception [EclipseLink-28018] (Eclipse Persistence Services - 5.0.0-B08.payara-p1.v202511041741-60b8f7dca8141786130b4d36785fdcc926eb8cff): org.eclipse.persistence.exceptions.EntityManagerSetupException
Exception Description: Predeployment of PersistenceUnit [my_persistence_unit] failed.
Internal Exception: Exception [EclipseLink-7161] (Eclipse Persistence Services - 5.0.0-B08.payara-p1.v202511041741-60b8f7dca8141786130b4d36785fdcc926eb8cff): org.eclipse.persistence.exceptions.ValidationException
Exception Description: Entity class [class com.sergio.inventarios.model.Usuario] has no primary key specified. It should define either an @Id, @EmbeddedId or an @IdClass. If you have defined PK using any of these annotations then make sure that you do not have mixed access-type (both fields and properties annotated) in your entity class hierarchy.
	at org.eclipse.persistence.exceptions.EntityManagerSetupException.predeployFailed(EntityManagerSetupException.java:233)
	... 27 more
Caused by: Exception [EclipseLink-7161] (Eclipse Persistence Services - 5.0.0-B08.payara-p1.v202511041741-60b8f7dca8141786130b4d36785fdcc926eb8cff): org.eclipse.persistence.exceptions.ValidationException
Exception Description: Entity class [class com.sergio.inventarios.model.Usuario] has no primary key specified. It should define either an @Id, @EmbeddedId or an @IdClass. If you have defined PK using any of these annotations then make sure that you do not have mixed access-type (both fields and properties annotated) in your entity class hierarchy.
	at org.eclipse.persistence.exceptions.ValidationException.noPrimaryKeyAnnotationsFound(ValidationException.java:1444)
	at org.eclipse.persistence.internal.jpa.metadata.accessors.classes.EntityAccessor.validatePrimaryKey(EntityAccessor.java:1542)
	at org.eclipse.persistence.internal.jpa.metadata.accessors.classes.EntityAccessor.processMappingAccessors(EntityAccessor.java:1249)
	at org.eclipse.persistence.internal.jpa.metadata.accessors.classes.EntityAccessor.process(EntityAccessor.java:699)
	at org.eclipse.persistence.internal.jpa.metadata.MetadataProject.processStage2(MetadataProject.java:1919)
	at org.eclipse.persistence.internal.jpa.metadata.MetadataProcessor.processORMMetadata(MetadataProcessor.java:599)
	at org.eclipse.persistence.internal.jpa.deployment.PersistenceUnitProcessor.processORMetadata(PersistenceUnitProcessor.java:640)
	at org.eclipse.persistence.internal.jpa.EntityManagerSetupImpl.predeploy(EntityManagerSetupImpl.java:2067)
	... 25 more
]]

[2025-12-04T08:43:37.387-0600] [Payara 7.2025.1] [ADVERTENCIA] [] [jakarta.enterprise.web.util] [tid: _ThreadID=67 _ThreadName=RunLevelControllerThread-1764859409682] [timeMillis: 1764859417387] [levelValue: 900] [[
  The web application [unknown] registered the JDBC driver [com.mysql.cj.jdbc.Driver] but failed to unregister it when the web application was stopped. To prevent a memory leak, the JDBC Driver has been forcibly unregistered.]]

[2025-12-04T08:43:37.414-0600] [Payara 7.2025.1] [GRAVE] [NCLS-CORE-00041] [javax.enterprise.system.core] [tid: _ThreadID=67 _ThreadName=RunLevelControllerThread-1764859409682] [timeMillis: 1764859417414] [levelValue: 1000] [[
  Application deployment failed: Exception while preparing the app]]

[2025-12-04T08:43:37.424-0600] [Payara 7.2025.1] [INFORMACIÓN] [] [fish.payara.nucleus.notification.NotificationService] [tid: _ThreadID=1 _ThreadName=main] [timeMillis: 1764859417424] [levelValue: 800] [[
  Payara Notification Service bootstrapped.]]

[2025-12-04T08:43:37.451-0600] [Payara 7.2025.1] [INFORMACIÓN] [NCLS-CORE-00101] [javax.enterprise.system.core] [tid: _ThreadID=64 _ThreadName=RunLevelControllerThread-1764859409677] [timeMillis: 1764859417451] [levelValue: 800] [[
  Network Listener JMS_PROXY_default_JMS_host started in: 4ms - bound to [/0.0.0.0:7676]]]

[2025-12-04T08:43:37.626-0600] [Payara 7.2025.1] [INFORMACIÓN] [NCLS-JMX-00005] [javax.enterprise.system.jmx] [tid: _ThreadID=192 _ThreadName=Thread-13] [timeMillis: 1764859417626] [levelValue: 800] [[
  JMXStartupService has started JMXConnector on JMXService URL service:jmx:rmi://0.0.0.0:8686/jndi/rmi://0.0.0.0:8686/jmxrmi]]

[2025-12-04T08:43:37.733-0600] [Payara 7.2025.1] [INFORMACIÓN] [] [javax.enterprise.system.core] [tid: _ThreadID=180 _ThreadName=Thread-11] [timeMillis: 1764859417733] [levelValue: 800] [[
  No deployment transformer implementation found.]]

[2025-12-04T08:43:37.824-0600] [Payara 7.2025.1] [INFORMACIÓN] [] [org.jvnet.hk2.osgiadapter] [tid: _ThreadID=51 _ThreadName=FelixStartLevel] [timeMillis: 1764859417824] [levelValue: 800] [[
  Skipping registration of inhabitant for service reference [org.osgi.service.metatype.MetaTypeProvider] as the service object could not be obtained.]]

[2025-12-04T08:43:38.080-0600] [Payara 7.2025.1] [INFO] [] [org.jboss.weld.Version] [tid: _ThreadID=180 _ThreadName=Thread-11] [timeMillis: 1764859418080] [levelValue: 800] [[
  WELD-000900: 6.0.3 (Final)]]

[2025-12-04T08:43:38.277-0600] [Payara 7.2025.1] [INFORMACIÓN] [] [javax.enterprise.system.core] [tid: _ThreadID=151 _ThreadName=admin-thread-pool::admin-listener(1)] [timeMillis: 1764859418277] [levelValue: 800] [[
  No deployment transformer implementation found.]]

[2025-12-04T08:43:38.460-0600] [Payara 7.2025.1] [GRAVE] [] [javax.enterprise.system.core] [tid: _ThreadID=151 _ThreadName=admin-thread-pool::admin-listener(1)] [timeMillis: 1764859418460] [levelValue: 1000] [[
  Exception while invoking class org.glassfish.persistence.jpa.JPADeployer prepare method]]

[2025-12-04T08:43:38.460-0600] [Payara 7.2025.1] [GRAVE] [] [javax.enterprise.system.core] [tid: _ThreadID=151 _ThreadName=admin-thread-pool::admin-listener(1)] [timeMillis: 1764859418460] [levelValue: 1000] [[
  Exception while preparing the app]]

[2025-12-04T08:43:38.460-0600] [Payara 7.2025.1] [GRAVE] [NCLS-CORE-00026] [javax.enterprise.system.core] [tid: _ThreadID=151 _ThreadName=admin-thread-pool::admin-listener(1)] [timeMillis: 1764859418460] [levelValue: 1000] [[
  Exception during lifecycle processing
jakarta.persistence.PersistenceException: Exception [EclipseLink-28018] (Eclipse Persistence Services - 5.0.0-B08.payara-p1.v202511041741-60b8f7dca8141786130b4d36785fdcc926eb8cff): org.eclipse.persistence.exceptions.EntityManagerSetupException
Exception Description: Predeployment of PersistenceUnit [my_persistence_unit] failed.
Internal Exception: Exception [EclipseLink-7161] (Eclipse Persistence Services - 5.0.0-B08.payara-p1.v202511041741-60b8f7dca8141786130b4d36785fdcc926eb8cff): org.eclipse.persistence.exceptions.ValidationException
Exception Description: Entity class [class com.sergio.inventarios.model.Usuario] has no primary key specified. It should define either an @Id, @EmbeddedId or an @IdClass. If you have defined PK using any of these annotations then make sure that you do not have mixed access-type (both fields and properties annotated) in your entity class hierarchy.
	at org.eclipse.persistence.internal.jpa.EntityManagerSetupImpl.createPredeployFailedPersistenceException(EntityManagerSetupImpl.java:2170)
	at org.eclipse.persistence.internal.jpa.EntityManagerSetupImpl.predeploy(EntityManagerSetupImpl.java:2146)
	at org.eclipse.persistence.jpa.PersistenceProvider.createContainerEntityManagerFactoryImpl(PersistenceProvider.java:424)
	at org.eclipse.persistence.jpa.PersistenceProvider.createContainerEntityManagerFactory(PersistenceProvider.java:388)
	at org.glassfish.persistence.jpa.PersistenceUnitLoader.loadPU(PersistenceUnitLoader.java:207)
	at org.glassfish.persistence.jpa.PersistenceUnitLoader.<init>(PersistenceUnitLoader.java:114)
	at org.glassfish.persistence.jpa.JPADeployer.loadPersistenceUnit(JPADeployer.java:265)
	at org.glassfish.persistence.jpa.JPADeployer.createEMFs(JPADeployer.java:205)
	at org.glassfish.persistence.jpa.JPADeployer.prepare(JPADeployer.java:187)
	at com.sun.enterprise.v3.server.ApplicationLifecycle.prepareModule(ApplicationLifecycle.java:1249)
	at com.sun.enterprise.v3.server.ApplicationLifecycle.prepare(ApplicationLifecycle.java:505)
	at org.glassfish.deployment.admin.DeployCommand.execute(DeployCommand.java:569)
	at com.sun.enterprise.v3.admin.CommandRunnerImpl$2$1.run(CommandRunnerImpl.java:558)
	at com.sun.enterprise.v3.admin.CommandRunnerImpl$2$1.run(CommandRunnerImpl.java:554)
	at java.base/java.security.AccessController.doPrivileged(AccessController.java:400)
	at java.base/javax.security.auth.Subject.doAs(Subject.java:453)
	at com.sun.enterprise.v3.admin.CommandRunnerImpl$2.execute(CommandRunnerImpl.java:553)
	at com.sun.enterprise.v3.admin.CommandRunnerImpl$3.run(CommandRunnerImpl.java:584)
	at com.sun.enterprise.v3.admin.CommandRunnerImpl$3.run(CommandRunnerImpl.java:576)
	at java.base/java.security.AccessController.doPrivileged(AccessController.java:400)
	at java.base/javax.security.auth.Subject.doAs(Subject.java:453)
	at com.sun.enterprise.v3.admin.CommandRunnerImpl.doCommand(CommandRunnerImpl.java:575)
	at com.sun.enterprise.v3.admin.CommandRunnerImpl.doCommand(CommandRunnerImpl.java:1499)
	at com.sun.enterprise.v3.admin.CommandRunnerImpl$ExecutionContext.execute(CommandRunnerImpl.java:1881)
	at com.sun.enterprise.v3.admin.CommandRunnerImpl$ExecutionContext.execute(CommandRunnerImpl.java:1757)
	at com.sun.enterprise.v3.admin.AdminAdapter.doCommand(AdminAdapter.java:605)
	at com.sun.enterprise.v3.admin.AdminAdapter.onMissingResource(AdminAdapter.java:257)
	at org.glassfish.grizzly.http.server.StaticHttpHandlerBase.service(StaticHttpHandlerBase.java:150)
	at com.sun.enterprise.v3.services.impl.ContainerMapper$HttpHandlerCallable.call(ContainerMapper.java:520)
	at com.sun.enterprise.v3.services.impl.ContainerMapper.service(ContainerMapper.java:217)
	at org.glassfish.grizzly.http.server.HttpHandler.runService(HttpHandler.java:174)
	at org.glassfish.grizzly.http.server.HttpHandler.doHandle(HttpHandler.java:153)
	at org.glassfish.grizzly.http.server.HttpServerFilter.handleRead(HttpServerFilter.java:196)
	at org.glassfish.grizzly.filterchain.ExecutorResolver$9.execute(ExecutorResolver.java:88)
	at org.glassfish.grizzly.filterchain.DefaultFilterChain.executeFilter(DefaultFilterChain.java:246)
	at org.glassfish.grizzly.filterchain.DefaultFilterChain.executeChainPart(DefaultFilterChain.java:178)
	at org.glassfish.grizzly.filterchain.DefaultFilterChain.execute(DefaultFilterChain.java:118)
	at org.glassfish.grizzly.filterchain.DefaultFilterChain.process(DefaultFilterChain.java:96)
	at org.glassfish.grizzly.ProcessorExecutor.execute(ProcessorExecutor.java:51)
	at org.glassfish.grizzly.nio.transport.TCPNIOTransport.fireIOEvent(TCPNIOTransport.java:510)
	at org.glassfish.grizzly.strategies.AbstractIOStrategy.fireIOEvent(AbstractIOStrategy.java:82)
	at org.glassfish.grizzly.strategies.WorkerThreadIOStrategy.run0(WorkerThreadIOStrategy.java:83)
	at org.glassfish.grizzly.strategies.WorkerThreadIOStrategy$WorkerThreadRunnable.run(WorkerThreadIOStrategy.java:101)
	at org.glassfish.grizzly.threadpool.AbstractThreadPool$Worker.doWork(AbstractThreadPool.java:535)
	at org.glassfish.grizzly.threadpool.AbstractThreadPool$Worker.run(AbstractThreadPool.java:515)
	at java.base/java.lang.Thread.run(Thread.java:1583)
Caused by: Exception [EclipseLink-28018] (Eclipse Persistence Services - 5.0.0-B08.payara-p1.v202511041741-60b8f7dca8141786130b4d36785fdcc926eb8cff): org.eclipse.persistence.exceptions.EntityManagerSetupException
Exception Description: Predeployment of PersistenceUnit [my_persistence_unit] failed.
Internal Exception: Exception [EclipseLink-7161] (Eclipse Persistence Services - 5.0.0-B08.payara-p1.v202511041741-60b8f7dca8141786130b4d36785fdcc926eb8cff): org.eclipse.persistence.exceptions.ValidationException
Exception Description: Entity class [class com.sergio.inventarios.model.Usuario] has no primary key specified. It should define either an @Id, @EmbeddedId or an @IdClass. If you have defined PK using any of these annotations then make sure that you do not have mixed access-type (both fields and properties annotated) in your entity class hierarchy.
	at org.eclipse.persistence.exceptions.EntityManagerSetupException.predeployFailed(EntityManagerSetupException.java:233)
	... 46 more
Caused by: Exception [EclipseLink-7161] (Eclipse Persistence Services - 5.0.0-B08.payara-p1.v202511041741-60b8f7dca8141786130b4d36785fdcc926eb8cff): org.eclipse.persistence.exceptions.ValidationException
Exception Description: Entity class [class com.sergio.inventarios.model.Usuario] has no primary key specified. It should define either an @Id, @EmbeddedId or an @IdClass. If you have defined PK using any of these annotations then make sure that you do not have mixed access-type (both fields and properties annotated) in your entity class hierarchy.
	at org.eclipse.persistence.exceptions.ValidationException.noPrimaryKeyAnnotationsFound(ValidationException.java:1444)
	at org.eclipse.persistence.internal.jpa.metadata.accessors.classes.EntityAccessor.validatePrimaryKey(EntityAccessor.java:1542)
	at org.eclipse.persistence.internal.jpa.metadata.accessors.classes.EntityAccessor.processMappingAccessors(EntityAccessor.java:1249)
	at org.eclipse.persistence.internal.jpa.metadata.accessors.classes.EntityAccessor.process(EntityAccessor.java:699)
	at org.eclipse.persistence.internal.jpa.metadata.MetadataProject.processStage2(MetadataProject.java:1919)
	at org.eclipse.persistence.internal.jpa.metadata.MetadataProcessor.processORMMetadata(MetadataProcessor.java:599)
	at org.eclipse.persistence.internal.jpa.deployment.PersistenceUnitProcessor.processORMetadata(PersistenceUnitProcessor.java:640)
	at org.eclipse.persistence.internal.jpa.EntityManagerSetupImpl.predeploy(EntityManagerSetupImpl.java:2067)
	... 44 more
]]

[2025-12-04T08:43:38.472-0600] [Payara 7.2025.1] [GRAVE] [] [javax.enterprise.system.core] [tid: _ThreadID=151 _ThreadName=admin-thread-pool::admin-listener(1)] [timeMillis: 1764859418472] [levelValue: 1000] [[
  Exception while preparing the app : Exception [EclipseLink-28018] (Eclipse Persistence Services - 5.0.0-B08.payara-p1.v202511041741-60b8f7dca8141786130b4d36785fdcc926eb8cff): org.eclipse.persistence.exceptions.EntityManagerSetupException
Exception Description: Predeployment of PersistenceUnit [my_persistence_unit] failed.
Internal Exception: Exception [EclipseLink-7161] (Eclipse Persistence Services - 5.0.0-B08.payara-p1.v202511041741-60b8f7dca8141786130b4d36785fdcc926eb8cff): org.eclipse.persistence.exceptions.ValidationException
Exception Description: Entity class [class com.sergio.inventarios.model.Usuario] has no primary key specified. It should define either an @Id, @EmbeddedId or an @IdClass. If you have defined PK using any of these annotations then make sure that you do not have mixed access-type (both fields and properties annotated) in your entity class hierarchy.
Local Exception Stack: 
Exception [EclipseLink-28018] (Eclipse Persistence Services - 5.0.0-B08.payara-p1.v202511041741-60b8f7dca8141786130b4d36785fdcc926eb8cff): org.eclipse.persistence.exceptions.EntityManagerSetupException
Exception Description: Predeployment of PersistenceUnit [my_persistence_unit] failed.
Internal Exception: Exception [EclipseLink-7161] (Eclipse Persistence Services - 5.0.0-B08.payara-p1.v202511041741-60b8f7dca8141786130b4d36785fdcc926eb8cff): org.eclipse.persistence.exceptions.ValidationException
Exception Description: Entity class [class com.sergio.inventarios.model.Usuario] has no primary key specified. It should define either an @Id, @EmbeddedId or an @IdClass. If you have defined PK using any of these annotations then make sure that you do not have mixed access-type (both fields and properties annotated) in your entity class hierarchy.
	at org.eclipse.persistence.exceptions.EntityManagerSetupException.predeployFailed(EntityManagerSetupException.java:233)
	at org.eclipse.persistence.internal.jpa.EntityManagerSetupImpl.createPredeployFailedPersistenceException(EntityManagerSetupImpl.java:2170)
	at org.eclipse.persistence.internal.jpa.EntityManagerSetupImpl.predeploy(EntityManagerSetupImpl.java:2146)
	at org.eclipse.persistence.jpa.PersistenceProvider.createContainerEntityManagerFactoryImpl(PersistenceProvider.java:424)
	at org.eclipse.persistence.jpa.PersistenceProvider.createContainerEntityManagerFactory(PersistenceProvider.java:388)
	at org.glassfish.persistence.jpa.PersistenceUnitLoader.loadPU(PersistenceUnitLoader.java:207)
	at org.glassfish.persistence.jpa.PersistenceUnitLoader.<init>(PersistenceUnitLoader.java:114)
	at org.glassfish.persistence.jpa.JPADeployer.loadPersistenceUnit(JPADeployer.java:265)
	at org.glassfish.persistence.jpa.JPADeployer.createEMFs(JPADeployer.java:205)
	at org.glassfish.persistence.jpa.JPADeployer.prepare(JPADeployer.java:187)
	at com.sun.enterprise.v3.server.ApplicationLifecycle.prepareModule(ApplicationLifecycle.java:1249)
	at com.sun.enterprise.v3.server.ApplicationLifecycle.prepare(ApplicationLifecycle.java:505)
	at org.glassfish.deployment.admin.DeployCommand.execute(DeployCommand.java:569)
	at com.sun.enterprise.v3.admin.CommandRunnerImpl$2$1.run(CommandRunnerImpl.java:558)
	at com.sun.enterprise.v3.admin.CommandRunnerImpl$2$1.run(CommandRunnerImpl.java:554)
	at java.base/java.security.AccessController.doPrivileged(AccessController.java:400)
	at java.base/javax.security.auth.Subject.doAs(Subject.java:453)
	at com.sun.enterprise.v3.admin.CommandRunnerImpl$2.execute(CommandRunnerImpl.java:553)
	at com.sun.enterprise.v3.admin.CommandRunnerImpl$3.run(CommandRunnerImpl.java:584)
	at com.sun.enterprise.v3.admin.CommandRunnerImpl$3.run(CommandRunnerImpl.java:576)
	at java.base/java.security.AccessController.doPrivileged(AccessController.java:400)
	at java.base/javax.security.auth.Subject.doAs(Subject.java:453)
	at com.sun.enterprise.v3.admin.CommandRunnerImpl.doCommand(CommandRunnerImpl.java:575)
	at com.sun.enterprise.v3.admin.CommandRunnerImpl.doCommand(CommandRunnerImpl.java:1499)
	at com.sun.enterprise.v3.admin.CommandRunnerImpl$ExecutionContext.execute(CommandRunnerImpl.java:1881)
	at com.sun.enterprise.v3.admin.CommandRunnerImpl$ExecutionContext.execute(CommandRunnerImpl.java:1757)
	at com.sun.enterprise.v3.admin.AdminAdapter.doCommand(AdminAdapter.java:605)
	at com.sun.enterprise.v3.admin.AdminAdapter.onMissingResource(AdminAdapter.java:257)
	at org.glassfish.grizzly.http.server.StaticHttpHandlerBase.service(StaticHttpHandlerBase.java:150)
	at com.sun.enterprise.v3.services.impl.ContainerMapper$HttpHandlerCallable.call(ContainerMapper.java:520)
	at com.sun.enterprise.v3.services.impl.ContainerMapper.service(ContainerMapper.java:217)
	at org.glassfish.grizzly.http.server.HttpHandler.runService(HttpHandler.java:174)
	at org.glassfish.grizzly.http.server.HttpHandler.doHandle(HttpHandler.java:153)
	at org.glassfish.grizzly.http.server.HttpServerFilter.handleRead(HttpServerFilter.java:196)
	at org.glassfish.grizzly.filterchain.ExecutorResolver$9.execute(ExecutorResolver.java:88)
	at org.glassfish.grizzly.filterchain.DefaultFilterChain.executeFilter(DefaultFilterChain.java:246)
	at org.glassfish.grizzly.filterchain.DefaultFilterChain.executeChainPart(DefaultFilterChain.java:178)
	at org.glassfish.grizzly.filterchain.DefaultFilterChain.execute(DefaultFilterChain.java:118)
	at org.glassfish.grizzly.filterchain.DefaultFilterChain.process(DefaultFilterChain.java:96)
	at org.glassfish.grizzly.ProcessorExecutor.execute(ProcessorExecutor.java:51)
	at org.glassfish.grizzly.nio.transport.TCPNIOTransport.fireIOEvent(TCPNIOTransport.java:510)
	at org.glassfish.grizzly.strategies.AbstractIOStrategy.fireIOEvent(AbstractIOStrategy.java:82)
	at org.glassfish.grizzly.strategies.WorkerThreadIOStrategy.run0(WorkerThreadIOStrategy.java:83)
	at org.glassfish.grizzly.strategies.WorkerThreadIOStrategy$WorkerThreadRunnable.run(WorkerThreadIOStrategy.java:101)
	at org.glassfish.grizzly.threadpool.AbstractThreadPool$Worker.doWork(AbstractThreadPool.java:535)
	at org.glassfish.grizzly.threadpool.AbstractThreadPool$Worker.run(AbstractThreadPool.java:515)
	at java.base/java.lang.Thread.run(Thread.java:1583)
Caused by: Exception [EclipseLink-7161] (Eclipse Persistence Services - 5.0.0-B08.payara-p1.v202511041741-60b8f7dca8141786130b4d36785fdcc926eb8cff): org.eclipse.persistence.exceptions.ValidationException
Exception Description: Entity class [class com.sergio.inventarios.model.Usuario] has no primary key specified. It should define either an @Id, @EmbeddedId or an @IdClass. If you have defined PK using any of these annotations then make sure that you do not have mixed access-type (both fields and properties annotated) in your entity class hierarchy.
	at org.eclipse.persistence.exceptions.ValidationException.noPrimaryKeyAnnotationsFound(ValidationException.java:1444)
	at org.eclipse.persistence.internal.jpa.metadata.accessors.classes.EntityAccessor.validatePrimaryKey(EntityAccessor.java:1542)
	at org.eclipse.persistence.internal.jpa.metadata.accessors.classes.EntityAccessor.processMappingAccessors(EntityAccessor.java:1249)
	at org.eclipse.persistence.internal.jpa.metadata.accessors.classes.EntityAccessor.process(EntityAccessor.java:699)
	at org.eclipse.persistence.internal.jpa.metadata.MetadataProject.processStage2(MetadataProject.java:1919)
	at org.eclipse.persistence.internal.jpa.metadata.MetadataProcessor.processORMMetadata(MetadataProcessor.java:599)
	at org.eclipse.persistence.internal.jpa.deployment.PersistenceUnitProcessor.processORMetadata(PersistenceUnitProcessor.java:640)
	at org.eclipse.persistence.internal.jpa.EntityManagerSetupImpl.predeploy(EntityManagerSetupImpl.java:2067)
	... 44 more
]]

[2025-12-04T08:43:39.616-0600] [Payara 7.2025.1] [INFORMACIÓN] [NCLS-CORE-00022] [javax.enterprise.system.core] [tid: _ThreadID=180 _ThreadName=Thread-11] [timeMillis: 1764859419616] [levelValue: 800] [[
  Loading application __admingui done in 2201 ms]]

[2025-12-04T08:43:39.811-0600] [Payara 7.2025.1] [INFORMACIÓN] [] [org.glassfish.soteria.servlet.SamRegistrationInstaller] [tid: _ThreadID=180 _ThreadName=Thread-11] [timeMillis: 1764859419811] [levelValue: 800] [[
  Initializing Soteria 4.0.1.payara-p1 for context '']]

[2025-12-04T08:43:39.863-0600] [Payara 7.2025.1] [INFORMACIÓN] [faces.config.listener.version] [jakarta.enterprise.resource.webcontainer.faces.config] [tid: _ThreadID=180 _ThreadName=Thread-11] [timeMillis: 1764859419863] [levelValue: 800] [[
  Inicializando Mojarra 4.1.4.payara-p1 para el contexto '']]

[2025-12-04T08:43:40.335-0600] [Payara 7.2025.1] [INFORMACIÓN] [AS-WEB-GLUE-00172] [jakarta.enterprise.web] [tid: _ThreadID=180 _ThreadName=Thread-11] [timeMillis: 1764859420335] [levelValue: 800] [[
  Loading application [__admingui] at [/]]]

[2025-12-04T08:43:45.554-0600] [Payara 7.2025.1] [ADVERTENCIA] [] [javax.enterprise.system.container.web.com.sun.web.security] [tid: _ThreadID=151 _ThreadName=admin-thread-pool::admin-listener(1)] [timeMillis: 1764859425554] [levelValue: 900] [[
  Context path from ServletContext:  differs from path from bundle: /]]

[2025-12-04T08:43:46.264-0600] [Payara 7.2025.1] [INFORMACIÓN] [] [javax.enterprise.resource.corba.org.glassfish.enterprise.iiop.api] [tid: _ThreadID=181 _ThreadName=admin-thread-pool::admin-listener(2)] [timeMillis: 1764859426264] [levelValue: 800] [[
  GlassFishORBFactory service initialized.]]

[2025-12-04T08:43:46.575-0600] [Payara 7.2025.1] [INFORMACIÓN] [NCLS-REST-00001] [jakarta.enterprise.admin.rest] [tid: _ThreadID=181 _ThreadName=admin-thread-pool::admin-listener(2)] [timeMillis: 1764859426575] [levelValue: 800] [[
  Listening to REST requests at context: /management/domain.]]

[2025-12-04T08:43:46.575-0600] [Payara 7.2025.1] [INFORMACIÓN] [NCLS-REST-00001] [jakarta.enterprise.admin.rest] [tid: _ThreadID=237 _ThreadName=admin-thread-pool::admin-listener(3)] [timeMillis: 1764859426575] [levelValue: 800] [[
  Listening to REST requests at context: /management/domain.]]

[2025-12-04T09:10:53.634-0600] [Payara 7.2025.1] [INFORMACIÓN] [] [javax.enterprise.system.core] [tid: _ThreadID=237 _ThreadName=admin-thread-pool::admin-listener(3)] [timeMillis: 1764861053634] [levelValue: 800] [[
  No deployment transformer implementation found.]]

[2025-12-04T09:10:53.785-0600] [Payara 7.2025.1] [GRAVE] [] [javax.enterprise.system.core] [tid: _ThreadID=237 _ThreadName=admin-thread-pool::admin-listener(3)] [timeMillis: 1764861053785] [levelValue: 1000] [[
  Exception while invoking class org.glassfish.persistence.jpa.JPADeployer prepare method]]

[2025-12-04T09:10:53.785-0600] [Payara 7.2025.1] [GRAVE] [] [javax.enterprise.system.core] [tid: _ThreadID=237 _ThreadName=admin-thread-pool::admin-listener(3)] [timeMillis: 1764861053785] [levelValue: 1000] [[
  Exception while preparing the app]]

[2025-12-04T09:10:53.786-0600] [Payara 7.2025.1] [GRAVE] [NCLS-CORE-00026] [javax.enterprise.system.core] [tid: _ThreadID=237 _ThreadName=admin-thread-pool::admin-listener(3)] [timeMillis: 1764861053786] [levelValue: 1000] [[
  Exception during lifecycle processing
jakarta.persistence.PersistenceException: Exception [EclipseLink-28018] (Eclipse Persistence Services - 5.0.0-B08.payara-p1.v202511041741-60b8f7dca8141786130b4d36785fdcc926eb8cff): org.eclipse.persistence.exceptions.EntityManagerSetupException
Exception Description: Predeployment of PersistenceUnit [my_persistence_unit] failed.
Internal Exception: Exception [EclipseLink-7161] (Eclipse Persistence Services - 5.0.0-B08.payara-p1.v202511041741-60b8f7dca8141786130b4d36785fdcc926eb8cff): org.eclipse.persistence.exceptions.ValidationException
Exception Description: Entity class [class com.sergio.inventarios.model.Usuario] has no primary key specified. It should define either an @Id, @EmbeddedId or an @IdClass. If you have defined PK using any of these annotations then make sure that you do not have mixed access-type (both fields and properties annotated) in your entity class hierarchy.
	at org.eclipse.persistence.internal.jpa.EntityManagerSetupImpl.createPredeployFailedPersistenceException(EntityManagerSetupImpl.java:2170)
	at org.eclipse.persistence.internal.jpa.EntityManagerSetupImpl.predeploy(EntityManagerSetupImpl.java:2146)
	at org.eclipse.persistence.jpa.PersistenceProvider.createContainerEntityManagerFactoryImpl(PersistenceProvider.java:424)
	at org.eclipse.persistence.jpa.PersistenceProvider.createContainerEntityManagerFactory(PersistenceProvider.java:388)
	at org.glassfish.persistence.jpa.PersistenceUnitLoader.loadPU(PersistenceUnitLoader.java:207)
	at org.glassfish.persistence.jpa.PersistenceUnitLoader.<init>(PersistenceUnitLoader.java:114)
	at org.glassfish.persistence.jpa.JPADeployer.loadPersistenceUnit(JPADeployer.java:265)
	at org.glassfish.persistence.jpa.JPADeployer.createEMFs(JPADeployer.java:205)
	at org.glassfish.persistence.jpa.JPADeployer.prepare(JPADeployer.java:187)
	at com.sun.enterprise.v3.server.ApplicationLifecycle.prepareModule(ApplicationLifecycle.java:1249)
	at com.sun.enterprise.v3.server.ApplicationLifecycle.prepare(ApplicationLifecycle.java:505)
	at org.glassfish.deployment.admin.DeployCommand.execute(DeployCommand.java:569)
	at com.sun.enterprise.v3.admin.CommandRunnerImpl$2$1.run(CommandRunnerImpl.java:558)
	at com.sun.enterprise.v3.admin.CommandRunnerImpl$2$1.run(CommandRunnerImpl.java:554)
	at java.base/java.security.AccessController.doPrivileged(AccessController.java:400)
	at java.base/javax.security.auth.Subject.doAs(Subject.java:453)
	at com.sun.enterprise.v3.admin.CommandRunnerImpl$2.execute(CommandRunnerImpl.java:553)
	at com.sun.enterprise.v3.admin.CommandRunnerImpl$3.run(CommandRunnerImpl.java:584)
	at com.sun.enterprise.v3.admin.CommandRunnerImpl$3.run(CommandRunnerImpl.java:576)
	at java.base/java.security.AccessController.doPrivileged(AccessController.java:400)
	at java.base/javax.security.auth.Subject.doAs(Subject.java:453)
	at com.sun.enterprise.v3.admin.CommandRunnerImpl.doCommand(CommandRunnerImpl.java:575)
	at com.sun.enterprise.v3.admin.CommandRunnerImpl.doCommand(CommandRunnerImpl.java:1499)
	at com.sun.enterprise.v3.admin.CommandRunnerImpl$ExecutionContext.execute(CommandRunnerImpl.java:1881)
	at com.sun.enterprise.v3.admin.CommandRunnerImpl$ExecutionContext.execute(CommandRunnerImpl.java:1757)
	at com.sun.enterprise.v3.admin.AdminAdapter.doCommand(AdminAdapter.java:605)
	at com.sun.enterprise.v3.admin.AdminAdapter.onMissingResource(AdminAdapter.java:257)
	at org.glassfish.grizzly.http.server.StaticHttpHandlerBase.service(StaticHttpHandlerBase.java:150)
	at com.sun.enterprise.v3.services.impl.ContainerMapper$HttpHandlerCallable.call(ContainerMapper.java:520)
	at com.sun.enterprise.v3.services.impl.ContainerMapper.service(ContainerMapper.java:217)
	at org.glassfish.grizzly.http.server.HttpHandler.runService(HttpHandler.java:174)
	at org.glassfish.grizzly.http.server.HttpHandler.doHandle(HttpHandler.java:153)
	at org.glassfish.grizzly.http.server.HttpServerFilter.handleRead(HttpServerFilter.java:196)
	at org.glassfish.grizzly.filterchain.ExecutorResolver$9.execute(ExecutorResolver.java:88)
	at org.glassfish.grizzly.filterchain.DefaultFilterChain.executeFilter(DefaultFilterChain.java:246)
	at org.glassfish.grizzly.filterchain.DefaultFilterChain.executeChainPart(DefaultFilterChain.java:178)
	at org.glassfish.grizzly.filterchain.DefaultFilterChain.execute(DefaultFilterChain.java:118)
	at org.glassfish.grizzly.filterchain.DefaultFilterChain.process(DefaultFilterChain.java:96)
	at org.glassfish.grizzly.ProcessorExecutor.execute(ProcessorExecutor.java:51)
	at org.glassfish.grizzly.nio.transport.TCPNIOTransport.fireIOEvent(TCPNIOTransport.java:510)
	at org.glassfish.grizzly.strategies.AbstractIOStrategy.fireIOEvent(AbstractIOStrategy.java:82)
	at org.glassfish.grizzly.strategies.WorkerThreadIOStrategy.run0(WorkerThreadIOStrategy.java:83)
	at org.glassfish.grizzly.strategies.WorkerThreadIOStrategy$WorkerThreadRunnable.run(WorkerThreadIOStrategy.java:101)
	at org.glassfish.grizzly.threadpool.AbstractThreadPool$Worker.doWork(AbstractThreadPool.java:535)
	at org.glassfish.grizzly.threadpool.AbstractThreadPool$Worker.run(AbstractThreadPool.java:515)
	at java.base/java.lang.Thread.run(Thread.java:1583)
Caused by: Exception [EclipseLink-28018] (Eclipse Persistence Services - 5.0.0-B08.payara-p1.v202511041741-60b8f7dca8141786130b4d36785fdcc926eb8cff): org.eclipse.persistence.exceptions.EntityManagerSetupException
Exception Description: Predeployment of PersistenceUnit [my_persistence_unit] failed.
Internal Exception: Exception [EclipseLink-7161] (Eclipse Persistence Services - 5.0.0-B08.payara-p1.v202511041741-60b8f7dca8141786130b4d36785fdcc926eb8cff): org.eclipse.persistence.exceptions.ValidationException
Exception Description: Entity class [class com.sergio.inventarios.model.Usuario] has no primary key specified. It should define either an @Id, @EmbeddedId or an @IdClass. If you have defined PK using any of these annotations then make sure that you do not have mixed access-type (both fields and properties annotated) in your entity class hierarchy.
	at org.eclipse.persistence.exceptions.EntityManagerSetupException.predeployFailed(EntityManagerSetupException.java:233)
	... 46 more
Caused by: Exception [EclipseLink-7161] (Eclipse Persistence Services - 5.0.0-B08.payara-p1.v202511041741-60b8f7dca8141786130b4d36785fdcc926eb8cff): org.eclipse.persistence.exceptions.ValidationException
Exception Description: Entity class [class com.sergio.inventarios.model.Usuario] has no primary key specified. It should define either an @Id, @EmbeddedId or an @IdClass. If you have defined PK using any of these annotations then make sure that you do not have mixed access-type (both fields and properties annotated) in your entity class hierarchy.
	at org.eclipse.persistence.exceptions.ValidationException.noPrimaryKeyAnnotationsFound(ValidationException.java:1444)
	at org.eclipse.persistence.internal.jpa.metadata.accessors.classes.EntityAccessor.validatePrimaryKey(EntityAccessor.java:1542)
	at org.eclipse.persistence.internal.jpa.metadata.accessors.classes.EntityAccessor.processMappingAccessors(EntityAccessor.java:1249)
	at org.eclipse.persistence.internal.jpa.metadata.accessors.classes.EntityAccessor.process(EntityAccessor.java:699)
	at org.eclipse.persistence.internal.jpa.metadata.MetadataProject.processStage2(MetadataProject.java:1919)
	at org.eclipse.persistence.internal.jpa.metadata.MetadataProcessor.processORMMetadata(MetadataProcessor.java:599)
	at org.eclipse.persistence.internal.jpa.deployment.PersistenceUnitProcessor.processORMetadata(PersistenceUnitProcessor.java:640)
	at org.eclipse.persistence.internal.jpa.EntityManagerSetupImpl.predeploy(EntityManagerSetupImpl.java:2067)
	... 44 more
]]

[2025-12-04T09:10:53.803-0600] [Payara 7.2025.1] [GRAVE] [] [javax.enterprise.system.core] [tid: _ThreadID=237 _ThreadName=admin-thread-pool::admin-listener(3)] [timeMillis: 1764861053803] [levelValue: 1000] [[
  Exception while preparing the app : Exception [EclipseLink-28018] (Eclipse Persistence Services - 5.0.0-B08.payara-p1.v202511041741-60b8f7dca8141786130b4d36785fdcc926eb8cff): org.eclipse.persistence.exceptions.EntityManagerSetupException
Exception Description: Predeployment of PersistenceUnit [my_persistence_unit] failed.
Internal Exception: Exception [EclipseLink-7161] (Eclipse Persistence Services - 5.0.0-B08.payara-p1.v202511041741-60b8f7dca8141786130b4d36785fdcc926eb8cff): org.eclipse.persistence.exceptions.ValidationException
Exception Description: Entity class [class com.sergio.inventarios.model.Usuario] has no primary key specified. It should define either an @Id, @EmbeddedId or an @IdClass. If you have defined PK using any of these annotations then make sure that you do not have mixed access-type (both fields and properties annotated) in your entity class hierarchy.
Local Exception Stack: 
Exception [EclipseLink-28018] (Eclipse Persistence Services - 5.0.0-B08.payara-p1.v202511041741-60b8f7dca8141786130b4d36785fdcc926eb8cff): org.eclipse.persistence.exceptions.EntityManagerSetupException
Exception Description: Predeployment of PersistenceUnit [my_persistence_unit] failed.
Internal Exception: Exception [EclipseLink-7161] (Eclipse Persistence Services - 5.0.0-B08.payara-p1.v202511041741-60b8f7dca8141786130b4d36785fdcc926eb8cff): org.eclipse.persistence.exceptions.ValidationException
Exception Description: Entity class [class com.sergio.inventarios.model.Usuario] has no primary key specified. It should define either an @Id, @EmbeddedId or an @IdClass. If you have defined PK using any of these annotations then make sure that you do not have mixed access-type (both fields and properties annotated) in your entity class hierarchy.
	at org.eclipse.persistence.exceptions.EntityManagerSetupException.predeployFailed(EntityManagerSetupException.java:233)
	at org.eclipse.persistence.internal.jpa.EntityManagerSetupImpl.createPredeployFailedPersistenceException(EntityManagerSetupImpl.java:2170)
	at org.eclipse.persistence.internal.jpa.EntityManagerSetupImpl.predeploy(EntityManagerSetupImpl.java:2146)
	at org.eclipse.persistence.jpa.PersistenceProvider.createContainerEntityManagerFactoryImpl(PersistenceProvider.java:424)
	at org.eclipse.persistence.jpa.PersistenceProvider.createContainerEntityManagerFactory(PersistenceProvider.java:388)
	at org.glassfish.persistence.jpa.PersistenceUnitLoader.loadPU(PersistenceUnitLoader.java:207)
	at org.glassfish.persistence.jpa.PersistenceUnitLoader.<init>(PersistenceUnitLoader.java:114)
	at org.glassfish.persistence.jpa.JPADeployer.loadPersistenceUnit(JPADeployer.java:265)
	at org.glassfish.persistence.jpa.JPADeployer.createEMFs(JPADeployer.java:205)
	at org.glassfish.persistence.jpa.JPADeployer.prepare(JPADeployer.java:187)
	at com.sun.enterprise.v3.server.ApplicationLifecycle.prepareModule(ApplicationLifecycle.java:1249)
	at com.sun.enterprise.v3.server.ApplicationLifecycle.prepare(ApplicationLifecycle.java:505)
	at org.glassfish.deployment.admin.DeployCommand.execute(DeployCommand.java:569)
	at com.sun.enterprise.v3.admin.CommandRunnerImpl$2$1.run(CommandRunnerImpl.java:558)
	at com.sun.enterprise.v3.admin.CommandRunnerImpl$2$1.run(CommandRunnerImpl.java:554)
	at java.base/java.security.AccessController.doPrivileged(AccessController.java:400)
	at java.base/javax.security.auth.Subject.doAs(Subject.java:453)
	at com.sun.enterprise.v3.admin.CommandRunnerImpl$2.execute(CommandRunnerImpl.java:553)
	at com.sun.enterprise.v3.admin.CommandRunnerImpl$3.run(CommandRunnerImpl.java:584)
	at com.sun.enterprise.v3.admin.CommandRunnerImpl$3.run(CommandRunnerImpl.java:576)
	at java.base/java.security.AccessController.doPrivileged(AccessController.java:400)
	at java.base/javax.security.auth.Subject.doAs(Subject.java:453)
	at com.sun.enterprise.v3.admin.CommandRunnerImpl.doCommand(CommandRunnerImpl.java:575)
	at com.sun.enterprise.v3.admin.CommandRunnerImpl.doCommand(CommandRunnerImpl.java:1499)
	at com.sun.enterprise.v3.admin.CommandRunnerImpl$ExecutionContext.execute(CommandRunnerImpl.java:1881)
	at com.sun.enterprise.v3.admin.CommandRunnerImpl$ExecutionContext.execute(CommandRunnerImpl.java:1757)
	at com.sun.enterprise.v3.admin.AdminAdapter.doCommand(AdminAdapter.java:605)
	at com.sun.enterprise.v3.admin.AdminAdapter.onMissingResource(AdminAdapter.java:257)
	at org.glassfish.grizzly.http.server.StaticHttpHandlerBase.service(StaticHttpHandlerBase.java:150)
	at com.sun.enterprise.v3.services.impl.ContainerMapper$HttpHandlerCallable.call(ContainerMapper.java:520)
	at com.sun.enterprise.v3.services.impl.ContainerMapper.service(ContainerMapper.java:217)
	at org.glassfish.grizzly.http.server.HttpHandler.runService(HttpHandler.java:174)
	at org.glassfish.grizzly.http.server.HttpHandler.doHandle(HttpHandler.java:153)
	at org.glassfish.grizzly.http.server.HttpServerFilter.handleRead(HttpServerFilter.java:196)
	at org.glassfish.grizzly.filterchain.ExecutorResolver$9.execute(ExecutorResolver.java:88)
	at org.glassfish.grizzly.filterchain.DefaultFilterChain.executeFilter(DefaultFilterChain.java:246)
	at org.glassfish.grizzly.filterchain.DefaultFilterChain.executeChainPart(DefaultFilterChain.java:178)
	at org.glassfish.grizzly.filterchain.DefaultFilterChain.execute(DefaultFilterChain.java:118)
	at org.glassfish.grizzly.filterchain.DefaultFilterChain.process(DefaultFilterChain.java:96)
	at org.glassfish.grizzly.ProcessorExecutor.execute(ProcessorExecutor.java:51)
	at org.glassfish.grizzly.nio.transport.TCPNIOTransport.fireIOEvent(TCPNIOTransport.java:510)
	at org.glassfish.grizzly.strategies.AbstractIOStrategy.fireIOEvent(AbstractIOStrategy.java:82)
	at org.glassfish.grizzly.strategies.WorkerThreadIOStrategy.run0(WorkerThreadIOStrategy.java:83)
	at org.glassfish.grizzly.strategies.WorkerThreadIOStrategy$WorkerThreadRunnable.run(WorkerThreadIOStrategy.java:101)
	at org.glassfish.grizzly.threadpool.AbstractThreadPool$Worker.doWork(AbstractThreadPool.java:535)
	at org.glassfish.grizzly.threadpool.AbstractThreadPool$Worker.run(AbstractThreadPool.java:515)
	at java.base/java.lang.Thread.run(Thread.java:1583)
Caused by: Exception [EclipseLink-7161] (Eclipse Persistence Services - 5.0.0-B08.payara-p1.v202511041741-60b8f7dca8141786130b4d36785fdcc926eb8cff): org.eclipse.persistence.exceptions.ValidationException
Exception Description: Entity class [class com.sergio.inventarios.model.Usuario] has no primary key specified. It should define either an @Id, @EmbeddedId or an @IdClass. If you have defined PK using any of these annotations then make sure that you do not have mixed access-type (both fields and properties annotated) in your entity class hierarchy.
	at org.eclipse.persistence.exceptions.ValidationException.noPrimaryKeyAnnotationsFound(ValidationException.java:1444)
	at org.eclipse.persistence.internal.jpa.metadata.accessors.classes.EntityAccessor.validatePrimaryKey(EntityAccessor.java:1542)
	at org.eclipse.persistence.internal.jpa.metadata.accessors.classes.EntityAccessor.processMappingAccessors(EntityAccessor.java:1249)
	at org.eclipse.persistence.internal.jpa.metadata.accessors.classes.EntityAccessor.process(EntityAccessor.java:699)
	at org.eclipse.persistence.internal.jpa.metadata.MetadataProject.processStage2(MetadataProject.java:1919)
	at org.eclipse.persistence.internal.jpa.metadata.MetadataProcessor.processORMMetadata(MetadataProcessor.java:599)
	at org.eclipse.persistence.internal.jpa.deployment.PersistenceUnitProcessor.processORMetadata(PersistenceUnitProcessor.java:640)
	at org.eclipse.persistence.internal.jpa.EntityManagerSetupImpl.predeploy(EntityManagerSetupImpl.java:2067)
	... 44 more
]]

[2025-12-04T09:11:40.758-0600] [Payara 7.2025.1] [INFORMACIÓN] [] [javax.enterprise.system.core] [tid: _ThreadID=151 _ThreadName=admin-thread-pool::admin-listener(1)] [timeMillis: 1764861100758] [levelValue: 800] [[
  No deployment transformer implementation found.]]

[2025-12-04T09:11:40.840-0600] [Payara 7.2025.1] [GRAVE] [] [javax.enterprise.system.core] [tid: _ThreadID=151 _ThreadName=admin-thread-pool::admin-listener(1)] [timeMillis: 1764861100840] [levelValue: 1000] [[
  Exception while invoking class org.glassfish.persistence.jpa.JPADeployer prepare method]]

[2025-12-04T09:11:40.841-0600] [Payara 7.2025.1] [GRAVE] [] [javax.enterprise.system.core] [tid: _ThreadID=151 _ThreadName=admin-thread-pool::admin-listener(1)] [timeMillis: 1764861100841] [levelValue: 1000] [[
  Exception while preparing the app]]

[2025-12-04T09:11:40.841-0600] [Payara 7.2025.1] [GRAVE] [NCLS-CORE-00026] [javax.enterprise.system.core] [tid: _ThreadID=151 _ThreadName=admin-thread-pool::admin-listener(1)] [timeMillis: 1764861100841] [levelValue: 1000] [[
  Exception during lifecycle processing
jakarta.persistence.PersistenceException: Exception [EclipseLink-28018] (Eclipse Persistence Services - 5.0.0-B08.payara-p1.v202511041741-60b8f7dca8141786130b4d36785fdcc926eb8cff): org.eclipse.persistence.exceptions.EntityManagerSetupException
Exception Description: Predeployment of PersistenceUnit [my_persistence_unit] failed.
Internal Exception: Exception [EclipseLink-7161] (Eclipse Persistence Services - 5.0.0-B08.payara-p1.v202511041741-60b8f7dca8141786130b4d36785fdcc926eb8cff): org.eclipse.persistence.exceptions.ValidationException
Exception Description: Entity class [class com.sergio.inventarios.model.Usuario] has no primary key specified. It should define either an @Id, @EmbeddedId or an @IdClass. If you have defined PK using any of these annotations then make sure that you do not have mixed access-type (both fields and properties annotated) in your entity class hierarchy.
	at org.eclipse.persistence.internal.jpa.EntityManagerSetupImpl.createPredeployFailedPersistenceException(EntityManagerSetupImpl.java:2170)
	at org.eclipse.persistence.internal.jpa.EntityManagerSetupImpl.predeploy(EntityManagerSetupImpl.java:2146)
	at org.eclipse.persistence.jpa.PersistenceProvider.createContainerEntityManagerFactoryImpl(PersistenceProvider.java:424)
	at org.eclipse.persistence.jpa.PersistenceProvider.createContainerEntityManagerFactory(PersistenceProvider.java:388)
	at org.glassfish.persistence.jpa.PersistenceUnitLoader.loadPU(PersistenceUnitLoader.java:207)
	at org.glassfish.persistence.jpa.PersistenceUnitLoader.<init>(PersistenceUnitLoader.java:114)
	at org.glassfish.persistence.jpa.JPADeployer.loadPersistenceUnit(JPADeployer.java:265)
	at org.glassfish.persistence.jpa.JPADeployer.createEMFs(JPADeployer.java:205)
	at org.glassfish.persistence.jpa.JPADeployer.prepare(JPADeployer.java:187)
	at com.sun.enterprise.v3.server.ApplicationLifecycle.prepareModule(ApplicationLifecycle.java:1249)
	at com.sun.enterprise.v3.server.ApplicationLifecycle.prepare(ApplicationLifecycle.java:505)
	at org.glassfish.deployment.admin.DeployCommand.execute(DeployCommand.java:569)
	at com.sun.enterprise.v3.admin.CommandRunnerImpl$2$1.run(CommandRunnerImpl.java:558)
	at com.sun.enterprise.v3.admin.CommandRunnerImpl$2$1.run(CommandRunnerImpl.java:554)
	at java.base/java.security.AccessController.doPrivileged(AccessController.java:400)
	at java.base/javax.security.auth.Subject.doAs(Subject.java:453)
	at com.sun.enterprise.v3.admin.CommandRunnerImpl$2.execute(CommandRunnerImpl.java:553)
	at com.sun.enterprise.v3.admin.CommandRunnerImpl$3.run(CommandRunnerImpl.java:584)
	at com.sun.enterprise.v3.admin.CommandRunnerImpl$3.run(CommandRunnerImpl.java:576)
	at java.base/java.security.AccessController.doPrivileged(AccessController.java:400)
	at java.base/javax.security.auth.Subject.doAs(Subject.java:453)
	at com.sun.enterprise.v3.admin.CommandRunnerImpl.doCommand(CommandRunnerImpl.java:575)
	at com.sun.enterprise.v3.admin.CommandRunnerImpl.doCommand(CommandRunnerImpl.java:1499)
	at com.sun.enterprise.v3.admin.CommandRunnerImpl$ExecutionContext.execute(CommandRunnerImpl.java:1881)
	at com.sun.enterprise.v3.admin.CommandRunnerImpl$ExecutionContext.execute(CommandRunnerImpl.java:1757)
	at com.sun.enterprise.v3.admin.AdminAdapter.doCommand(AdminAdapter.java:605)
	at com.sun.enterprise.v3.admin.AdminAdapter.onMissingResource(AdminAdapter.java:257)
	at org.glassfish.grizzly.http.server.StaticHttpHandlerBase.service(StaticHttpHandlerBase.java:150)
	at com.sun.enterprise.v3.services.impl.ContainerMapper$HttpHandlerCallable.call(ContainerMapper.java:520)
	at com.sun.enterprise.v3.services.impl.ContainerMapper.service(ContainerMapper.java:217)
	at org.glassfish.grizzly.http.server.HttpHandler.runService(HttpHandler.java:174)
	at org.glassfish.grizzly.http.server.HttpHandler.doHandle(HttpHandler.java:153)
	at org.glassfish.grizzly.http.server.HttpServerFilter.handleRead(HttpServerFilter.java:196)
	at org.glassfish.grizzly.filterchain.ExecutorResolver$9.execute(ExecutorResolver.java:88)
	at org.glassfish.grizzly.filterchain.DefaultFilterChain.executeFilter(DefaultFilterChain.java:246)
	at org.glassfish.grizzly.filterchain.DefaultFilterChain.executeChainPart(DefaultFilterChain.java:178)
	at org.glassfish.grizzly.filterchain.DefaultFilterChain.execute(DefaultFilterChain.java:118)
	at org.glassfish.grizzly.filterchain.DefaultFilterChain.process(DefaultFilterChain.java:96)
	at org.glassfish.grizzly.ProcessorExecutor.execute(ProcessorExecutor.java:51)
	at org.glassfish.grizzly.nio.transport.TCPNIOTransport.fireIOEvent(TCPNIOTransport.java:510)
	at org.glassfish.grizzly.strategies.AbstractIOStrategy.fireIOEvent(AbstractIOStrategy.java:82)
	at org.glassfish.grizzly.strategies.WorkerThreadIOStrategy.run0(WorkerThreadIOStrategy.java:83)
	at org.glassfish.grizzly.strategies.WorkerThreadIOStrategy$WorkerThreadRunnable.run(WorkerThreadIOStrategy.java:101)
	at org.glassfish.grizzly.threadpool.AbstractThreadPool$Worker.doWork(AbstractThreadPool.java:535)
	at org.glassfish.grizzly.threadpool.AbstractThreadPool$Worker.run(AbstractThreadPool.java:515)
	at java.base/java.lang.Thread.run(Thread.java:1583)
Caused by: Exception [EclipseLink-28018] (Eclipse Persistence Services - 5.0.0-B08.payara-p1.v202511041741-60b8f7dca8141786130b4d36785fdcc926eb8cff): org.eclipse.persistence.exceptions.EntityManagerSetupException
Exception Description: Predeployment of PersistenceUnit [my_persistence_unit] failed.
Internal Exception: Exception [EclipseLink-7161] (Eclipse Persistence Services - 5.0.0-B08.payara-p1.v202511041741-60b8f7dca8141786130b4d36785fdcc926eb8cff): org.eclipse.persistence.exceptions.ValidationException
Exception Description: Entity class [class com.sergio.inventarios.model.Usuario] has no primary key specified. It should define either an @Id, @EmbeddedId or an @IdClass. If you have defined PK using any of these annotations then make sure that you do not have mixed access-type (both fields and properties annotated) in your entity class hierarchy.
	at org.eclipse.persistence.exceptions.EntityManagerSetupException.predeployFailed(EntityManagerSetupException.java:233)
	... 46 more
Caused by: Exception [EclipseLink-7161] (Eclipse Persistence Services - 5.0.0-B08.payara-p1.v202511041741-60b8f7dca8141786130b4d36785fdcc926eb8cff): org.eclipse.persistence.exceptions.ValidationException
Exception Description: Entity class [class com.sergio.inventarios.model.Usuario] has no primary key specified. It should define either an @Id, @EmbeddedId or an @IdClass. If you have defined PK using any of these annotations then make sure that you do not have mixed access-type (both fields and properties annotated) in your entity class hierarchy.
	at org.eclipse.persistence.exceptions.ValidationException.noPrimaryKeyAnnotationsFound(ValidationException.java:1444)
	at org.eclipse.persistence.internal.jpa.metadata.accessors.classes.EntityAccessor.validatePrimaryKey(EntityAccessor.java:1542)
	at org.eclipse.persistence.internal.jpa.metadata.accessors.classes.EntityAccessor.processMappingAccessors(EntityAccessor.java:1249)
	at org.eclipse.persistence.internal.jpa.metadata.accessors.classes.EntityAccessor.process(EntityAccessor.java:699)
	at org.eclipse.persistence.internal.jpa.metadata.MetadataProject.processStage2(MetadataProject.java:1919)
	at org.eclipse.persistence.internal.jpa.metadata.MetadataProcessor.processORMMetadata(MetadataProcessor.java:599)
	at org.eclipse.persistence.internal.jpa.deployment.PersistenceUnitProcessor.processORMetadata(PersistenceUnitProcessor.java:640)
	at org.eclipse.persistence.internal.jpa.EntityManagerSetupImpl.predeploy(EntityManagerSetupImpl.java:2067)
	... 44 more
]]

[2025-12-04T09:11:40.849-0600] [Payara 7.2025.1] [GRAVE] [] [javax.enterprise.system.core] [tid: _ThreadID=151 _ThreadName=admin-thread-pool::admin-listener(1)] [timeMillis: 1764861100849] [levelValue: 1000] [[
  Exception while preparing the app : Exception [EclipseLink-28018] (Eclipse Persistence Services - 5.0.0-B08.payara-p1.v202511041741-60b8f7dca8141786130b4d36785fdcc926eb8cff): org.eclipse.persistence.exceptions.EntityManagerSetupException
Exception Description: Predeployment of PersistenceUnit [my_persistence_unit] failed.
Internal Exception: Exception [EclipseLink-7161] (Eclipse Persistence Services - 5.0.0-B08.payara-p1.v202511041741-60b8f7dca8141786130b4d36785fdcc926eb8cff): org.eclipse.persistence.exceptions.ValidationException
Exception Description: Entity class [class com.sergio.inventarios.model.Usuario] has no primary key specified. It should define either an @Id, @EmbeddedId or an @IdClass. If you have defined PK using any of these annotations then make sure that you do not have mixed access-type (both fields and properties annotated) in your entity class hierarchy.
Local Exception Stack: 
Exception [EclipseLink-28018] (Eclipse Persistence Services - 5.0.0-B08.payara-p1.v202511041741-60b8f7dca8141786130b4d36785fdcc926eb8cff): org.eclipse.persistence.exceptions.EntityManagerSetupException
Exception Description: Predeployment of PersistenceUnit [my_persistence_unit] failed.
Internal Exception: Exception [EclipseLink-7161] (Eclipse Persistence Services - 5.0.0-B08.payara-p1.v202511041741-60b8f7dca8141786130b4d36785fdcc926eb8cff): org.eclipse.persistence.exceptions.ValidationException
Exception Description: Entity class [class com.sergio.inventarios.model.Usuario] has no primary key specified. It should define either an @Id, @EmbeddedId or an @IdClass. If you have defined PK using any of these annotations then make sure that you do not have mixed access-type (both fields and properties annotated) in your entity class hierarchy.
	at org.eclipse.persistence.exceptions.EntityManagerSetupException.predeployFailed(EntityManagerSetupException.java:233)
	at org.eclipse.persistence.internal.jpa.EntityManagerSetupImpl.createPredeployFailedPersistenceException(EntityManagerSetupImpl.java:2170)
	at org.eclipse.persistence.internal.jpa.EntityManagerSetupImpl.predeploy(EntityManagerSetupImpl.java:2146)
	at org.eclipse.persistence.jpa.PersistenceProvider.createContainerEntityManagerFactoryImpl(PersistenceProvider.java:424)
	at org.eclipse.persistence.jpa.PersistenceProvider.createContainerEntityManagerFactory(PersistenceProvider.java:388)
	at org.glassfish.persistence.jpa.PersistenceUnitLoader.loadPU(PersistenceUnitLoader.java:207)
	at org.glassfish.persistence.jpa.PersistenceUnitLoader.<init>(PersistenceUnitLoader.java:114)
	at org.glassfish.persistence.jpa.JPADeployer.loadPersistenceUnit(JPADeployer.java:265)
	at org.glassfish.persistence.jpa.JPADeployer.createEMFs(JPADeployer.java:205)
	at org.glassfish.persistence.jpa.JPADeployer.prepare(JPADeployer.java:187)
	at com.sun.enterprise.v3.server.ApplicationLifecycle.prepareModule(ApplicationLifecycle.java:1249)
	at com.sun.enterprise.v3.server.ApplicationLifecycle.prepare(ApplicationLifecycle.java:505)
	at org.glassfish.deployment.admin.DeployCommand.execute(DeployCommand.java:569)
	at com.sun.enterprise.v3.admin.CommandRunnerImpl$2$1.run(CommandRunnerImpl.java:558)
	at com.sun.enterprise.v3.admin.CommandRunnerImpl$2$1.run(CommandRunnerImpl.java:554)
	at java.base/java.security.AccessController.doPrivileged(AccessController.java:400)
	at java.base/javax.security.auth.Subject.doAs(Subject.java:453)
	at com.sun.enterprise.v3.admin.CommandRunnerImpl$2.execute(CommandRunnerImpl.java:553)
	at com.sun.enterprise.v3.admin.CommandRunnerImpl$3.run(CommandRunnerImpl.java:584)
	at com.sun.enterprise.v3.admin.CommandRunnerImpl$3.run(CommandRunnerImpl.java:576)
	at java.base/java.security.AccessController.doPrivileged(AccessController.java:400)
	at java.base/javax.security.auth.Subject.doAs(Subject.java:453)
	at com.sun.enterprise.v3.admin.CommandRunnerImpl.doCommand(CommandRunnerImpl.java:575)
	at com.sun.enterprise.v3.admin.CommandRunnerImpl.doCommand(CommandRunnerImpl.java:1499)
	at com.sun.enterprise.v3.admin.CommandRunnerImpl$ExecutionContext.execute(CommandRunnerImpl.java:1881)
	at com.sun.enterprise.v3.admin.CommandRunnerImpl$ExecutionContext.execute(CommandRunnerImpl.java:1757)
	at com.sun.enterprise.v3.admin.AdminAdapter.doCommand(AdminAdapter.java:605)
	at com.sun.enterprise.v3.admin.AdminAdapter.onMissingResource(AdminAdapter.java:257)
	at org.glassfish.grizzly.http.server.StaticHttpHandlerBase.service(StaticHttpHandlerBase.java:150)
	at com.sun.enterprise.v3.services.impl.ContainerMapper$HttpHandlerCallable.call(ContainerMapper.java:520)
	at com.sun.enterprise.v3.services.impl.ContainerMapper.service(ContainerMapper.java:217)
	at org.glassfish.grizzly.http.server.HttpHandler.runService(HttpHandler.java:174)
	at org.glassfish.grizzly.http.server.HttpHandler.doHandle(HttpHandler.java:153)
	at org.glassfish.grizzly.http.server.HttpServerFilter.handleRead(HttpServerFilter.java:196)
	at org.glassfish.grizzly.filterchain.ExecutorResolver$9.execute(ExecutorResolver.java:88)
	at org.glassfish.grizzly.filterchain.DefaultFilterChain.executeFilter(DefaultFilterChain.java:246)
	at org.glassfish.grizzly.filterchain.DefaultFilterChain.executeChainPart(DefaultFilterChain.java:178)
	at org.glassfish.grizzly.filterchain.DefaultFilterChain.execute(DefaultFilterChain.java:118)
	at org.glassfish.grizzly.filterchain.DefaultFilterChain.process(DefaultFilterChain.java:96)
	at org.glassfish.grizzly.ProcessorExecutor.execute(ProcessorExecutor.java:51)
	at org.glassfish.grizzly.nio.transport.TCPNIOTransport.fireIOEvent(TCPNIOTransport.java:510)
	at org.glassfish.grizzly.strategies.AbstractIOStrategy.fireIOEvent(AbstractIOStrategy.java:82)
	at org.glassfish.grizzly.strategies.WorkerThreadIOStrategy.run0(WorkerThreadIOStrategy.java:83)
	at org.glassfish.grizzly.strategies.WorkerThreadIOStrategy$WorkerThreadRunnable.run(WorkerThreadIOStrategy.java:101)
	at org.glassfish.grizzly.threadpool.AbstractThreadPool$Worker.doWork(AbstractThreadPool.java:535)
	at org.glassfish.grizzly.threadpool.AbstractThreadPool$Worker.run(AbstractThreadPool.java:515)
	at java.base/java.lang.Thread.run(Thread.java:1583)
Caused by: Exception [EclipseLink-7161] (Eclipse Persistence Services - 5.0.0-B08.payara-p1.v202511041741-60b8f7dca8141786130b4d36785fdcc926eb8cff): org.eclipse.persistence.exceptions.ValidationException
Exception Description: Entity class [class com.sergio.inventarios.model.Usuario] has no primary key specified. It should define either an @Id, @EmbeddedId or an @IdClass. If you have defined PK using any of these annotations then make sure that you do not have mixed access-type (both fields and properties annotated) in your entity class hierarchy.
	at org.eclipse.persistence.exceptions.ValidationException.noPrimaryKeyAnnotationsFound(ValidationException.java:1444)
	at org.eclipse.persistence.internal.jpa.metadata.accessors.classes.EntityAccessor.validatePrimaryKey(EntityAccessor.java:1542)
	at org.eclipse.persistence.internal.jpa.metadata.accessors.classes.EntityAccessor.processMappingAccessors(EntityAccessor.java:1249)
	at org.eclipse.persistence.internal.jpa.metadata.accessors.classes.EntityAccessor.process(EntityAccessor.java:699)
	at org.eclipse.persistence.internal.jpa.metadata.MetadataProject.processStage2(MetadataProject.java:1919)
	at org.eclipse.persistence.internal.jpa.metadata.MetadataProcessor.processORMMetadata(MetadataProcessor.java:599)
	at org.eclipse.persistence.internal.jpa.deployment.PersistenceUnitProcessor.processORMetadata(PersistenceUnitProcessor.java:640)
	at org.eclipse.persistence.internal.jpa.EntityManagerSetupImpl.predeploy(EntityManagerSetupImpl.java:2067)
	... 44 more
]]

[2025-12-04T09:11:50.712-0600] [Payara 7.2025.1] [INFORMACIÓN] [] [javax.enterprise.system.core] [tid: _ThreadID=237 _ThreadName=admin-thread-pool::admin-listener(3)] [timeMillis: 1764861110712] [levelValue: 800] [[
  No deployment transformer implementation found.]]

[2025-12-04T09:11:50.834-0600] [Payara 7.2025.1] [GRAVE] [] [javax.enterprise.system.core] [tid: _ThreadID=237 _ThreadName=admin-thread-pool::admin-listener(3)] [timeMillis: 1764861110834] [levelValue: 1000] [[
  Exception while invoking class org.glassfish.persistence.jpa.JPADeployer prepare method]]

[2025-12-04T09:11:50.835-0600] [Payara 7.2025.1] [GRAVE] [] [javax.enterprise.system.core] [tid: _ThreadID=237 _ThreadName=admin-thread-pool::admin-listener(3)] [timeMillis: 1764861110835] [levelValue: 1000] [[
  Exception while preparing the app]]

[2025-12-04T09:11:50.835-0600] [Payara 7.2025.1] [GRAVE] [NCLS-CORE-00026] [javax.enterprise.system.core] [tid: _ThreadID=237 _ThreadName=admin-thread-pool::admin-listener(3)] [timeMillis: 1764861110835] [levelValue: 1000] [[
  Exception during lifecycle processing
jakarta.persistence.PersistenceException: Exception [EclipseLink-28018] (Eclipse Persistence Services - 5.0.0-B08.payara-p1.v202511041741-60b8f7dca8141786130b4d36785fdcc926eb8cff): org.eclipse.persistence.exceptions.EntityManagerSetupException
Exception Description: Predeployment of PersistenceUnit [my_persistence_unit] failed.
Internal Exception: Exception [EclipseLink-7161] (Eclipse Persistence Services - 5.0.0-B08.payara-p1.v202511041741-60b8f7dca8141786130b4d36785fdcc926eb8cff): org.eclipse.persistence.exceptions.ValidationException
Exception Description: Entity class [class com.sergio.inventarios.model.Usuario] has no primary key specified. It should define either an @Id, @EmbeddedId or an @IdClass. If you have defined PK using any of these annotations then make sure that you do not have mixed access-type (both fields and properties annotated) in your entity class hierarchy.
	at org.eclipse.persistence.internal.jpa.EntityManagerSetupImpl.createPredeployFailedPersistenceException(EntityManagerSetupImpl.java:2170)
	at org.eclipse.persistence.internal.jpa.EntityManagerSetupImpl.predeploy(EntityManagerSetupImpl.java:2146)
	at org.eclipse.persistence.jpa.PersistenceProvider.createContainerEntityManagerFactoryImpl(PersistenceProvider.java:424)
	at org.eclipse.persistence.jpa.PersistenceProvider.createContainerEntityManagerFactory(PersistenceProvider.java:388)
	at org.glassfish.persistence.jpa.PersistenceUnitLoader.loadPU(PersistenceUnitLoader.java:207)
	at org.glassfish.persistence.jpa.PersistenceUnitLoader.<init>(PersistenceUnitLoader.java:114)
	at org.glassfish.persistence.jpa.JPADeployer.loadPersistenceUnit(JPADeployer.java:265)
	at org.glassfish.persistence.jpa.JPADeployer.createEMFs(JPADeployer.java:205)
	at org.glassfish.persistence.jpa.JPADeployer.prepare(JPADeployer.java:187)
	at com.sun.enterprise.v3.server.ApplicationLifecycle.prepareModule(ApplicationLifecycle.java:1249)
	at com.sun.enterprise.v3.server.ApplicationLifecycle.prepare(ApplicationLifecycle.java:505)
	at org.glassfish.deployment.admin.DeployCommand.execute(DeployCommand.java:569)
	at com.sun.enterprise.v3.admin.CommandRunnerImpl$2$1.run(CommandRunnerImpl.java:558)
	at com.sun.enterprise.v3.admin.CommandRunnerImpl$2$1.run(CommandRunnerImpl.java:554)
	at java.base/java.security.AccessController.doPrivileged(AccessController.java:400)
	at java.base/javax.security.auth.Subject.doAs(Subject.java:453)
	at com.sun.enterprise.v3.admin.CommandRunnerImpl$2.execute(CommandRunnerImpl.java:553)
	at com.sun.enterprise.v3.admin.CommandRunnerImpl$3.run(CommandRunnerImpl.java:584)
	at com.sun.enterprise.v3.admin.CommandRunnerImpl$3.run(CommandRunnerImpl.java:576)
	at java.base/java.security.AccessController.doPrivileged(AccessController.java:400)
	at java.base/javax.security.auth.Subject.doAs(Subject.java:453)
	at com.sun.enterprise.v3.admin.CommandRunnerImpl.doCommand(CommandRunnerImpl.java:575)
	at com.sun.enterprise.v3.admin.CommandRunnerImpl.doCommand(CommandRunnerImpl.java:1499)
	at com.sun.enterprise.v3.admin.CommandRunnerImpl$ExecutionContext.execute(CommandRunnerImpl.java:1881)
	at com.sun.enterprise.v3.admin.CommandRunnerImpl$ExecutionContext.execute(CommandRunnerImpl.java:1757)
	at com.sun.enterprise.v3.admin.AdminAdapter.doCommand(AdminAdapter.java:605)
	at com.sun.enterprise.v3.admin.AdminAdapter.onMissingResource(AdminAdapter.java:257)
	at org.glassfish.grizzly.http.server.StaticHttpHandlerBase.service(StaticHttpHandlerBase.java:150)
	at com.sun.enterprise.v3.services.impl.ContainerMapper$HttpHandlerCallable.call(ContainerMapper.java:520)
	at com.sun.enterprise.v3.services.impl.ContainerMapper.service(ContainerMapper.java:217)
	at org.glassfish.grizzly.http.server.HttpHandler.runService(HttpHandler.java:174)
	at org.glassfish.grizzly.http.server.HttpHandler.doHandle(HttpHandler.java:153)
	at org.glassfish.grizzly.http.server.HttpServerFilter.handleRead(HttpServerFilter.java:196)
	at org.glassfish.grizzly.filterchain.ExecutorResolver$9.execute(ExecutorResolver.java:88)
	at org.glassfish.grizzly.filterchain.DefaultFilterChain.executeFilter(DefaultFilterChain.java:246)
	at org.glassfish.grizzly.filterchain.DefaultFilterChain.executeChainPart(DefaultFilterChain.java:178)
	at org.glassfish.grizzly.filterchain.DefaultFilterChain.execute(DefaultFilterChain.java:118)
	at org.glassfish.grizzly.filterchain.DefaultFilterChain.process(DefaultFilterChain.java:96)
	at org.glassfish.grizzly.ProcessorExecutor.execute(ProcessorExecutor.java:51)
	at org.glassfish.grizzly.nio.transport.TCPNIOTransport.fireIOEvent(TCPNIOTransport.java:510)
	at org.glassfish.grizzly.strategies.AbstractIOStrategy.fireIOEvent(AbstractIOStrategy.java:82)
	at org.glassfish.grizzly.strategies.WorkerThreadIOStrategy.run0(WorkerThreadIOStrategy.java:83)
	at org.glassfish.grizzly.strategies.WorkerThreadIOStrategy$WorkerThreadRunnable.run(WorkerThreadIOStrategy.java:101)
	at org.glassfish.grizzly.threadpool.AbstractThreadPool$Worker.doWork(AbstractThreadPool.java:535)
	at org.glassfish.grizzly.threadpool.AbstractThreadPool$Worker.run(AbstractThreadPool.java:515)
	at java.base/java.lang.Thread.run(Thread.java:1583)
Caused by: Exception [EclipseLink-28018] (Eclipse Persistence Services - 5.0.0-B08.payara-p1.v202511041741-60b8f7dca8141786130b4d36785fdcc926eb8cff): org.eclipse.persistence.exceptions.EntityManagerSetupException
Exception Description: Predeployment of PersistenceUnit [my_persistence_unit] failed.
Internal Exception: Exception [EclipseLink-7161] (Eclipse Persistence Services - 5.0.0-B08.payara-p1.v202511041741-60b8f7dca8141786130b4d36785fdcc926eb8cff): org.eclipse.persistence.exceptions.ValidationException
Exception Description: Entity class [class com.sergio.inventarios.model.Usuario] has no primary key specified. It should define either an @Id, @EmbeddedId or an @IdClass. If you have defined PK using any of these annotations then make sure that you do not have mixed access-type (both fields and properties annotated) in your entity class hierarchy.
	at org.eclipse.persistence.exceptions.EntityManagerSetupException.predeployFailed(EntityManagerSetupException.java:233)
	... 46 more
Caused by: Exception [EclipseLink-7161] (Eclipse Persistence Services - 5.0.0-B08.payara-p1.v202511041741-60b8f7dca8141786130b4d36785fdcc926eb8cff): org.eclipse.persistence.exceptions.ValidationException
Exception Description: Entity class [class com.sergio.inventarios.model.Usuario] has no primary key specified. It should define either an @Id, @EmbeddedId or an @IdClass. If you have defined PK using any of these annotations then make sure that you do not have mixed access-type (both fields and properties annotated) in your entity class hierarchy.
	at org.eclipse.persistence.exceptions.ValidationException.noPrimaryKeyAnnotationsFound(ValidationException.java:1444)
	at org.eclipse.persistence.internal.jpa.metadata.accessors.classes.EntityAccessor.validatePrimaryKey(EntityAccessor.java:1542)
	at org.eclipse.persistence.internal.jpa.metadata.accessors.classes.EntityAccessor.processMappingAccessors(EntityAccessor.java:1249)
	at org.eclipse.persistence.internal.jpa.metadata.accessors.classes.EntityAccessor.process(EntityAccessor.java:699)
	at org.eclipse.persistence.internal.jpa.metadata.MetadataProject.processStage2(MetadataProject.java:1919)
	at org.eclipse.persistence.internal.jpa.metadata.MetadataProcessor.processORMMetadata(MetadataProcessor.java:599)
	at org.eclipse.persistence.internal.jpa.deployment.PersistenceUnitProcessor.processORMetadata(PersistenceUnitProcessor.java:640)
	at org.eclipse.persistence.internal.jpa.EntityManagerSetupImpl.predeploy(EntityManagerSetupImpl.java:2067)
	... 44 more
]]

[2025-12-04T09:11:50.853-0600] [Payara 7.2025.1] [GRAVE] [] [javax.enterprise.system.core] [tid: _ThreadID=237 _ThreadName=admin-thread-pool::admin-listener(3)] [timeMillis: 1764861110853] [levelValue: 1000] [[
  Exception while preparing the app : Exception [EclipseLink-28018] (Eclipse Persistence Services - 5.0.0-B08.payara-p1.v202511041741-60b8f7dca8141786130b4d36785fdcc926eb8cff): org.eclipse.persistence.exceptions.EntityManagerSetupException
Exception Description: Predeployment of PersistenceUnit [my_persistence_unit] failed.
Internal Exception: Exception [EclipseLink-7161] (Eclipse Persistence Services - 5.0.0-B08.payara-p1.v202511041741-60b8f7dca8141786130b4d36785fdcc926eb8cff): org.eclipse.persistence.exceptions.ValidationException
Exception Description: Entity class [class com.sergio.inventarios.model.Usuario] has no primary key specified. It should define either an @Id, @EmbeddedId or an @IdClass. If you have defined PK using any of these annotations then make sure that you do not have mixed access-type (both fields and properties annotated) in your entity class hierarchy.
Local Exception Stack: 
Exception [EclipseLink-28018] (Eclipse Persistence Services - 5.0.0-B08.payara-p1.v202511041741-60b8f7dca8141786130b4d36785fdcc926eb8cff): org.eclipse.persistence.exceptions.EntityManagerSetupException
Exception Description: Predeployment of PersistenceUnit [my_persistence_unit] failed.
Internal Exception: Exception [EclipseLink-7161] (Eclipse Persistence Services - 5.0.0-B08.payara-p1.v202511041741-60b8f7dca8141786130b4d36785fdcc926eb8cff): org.eclipse.persistence.exceptions.ValidationException
Exception Description: Entity class [class com.sergio.inventarios.model.Usuario] has no primary key specified. It should define either an @Id, @EmbeddedId or an @IdClass. If you have defined PK using any of these annotations then make sure that you do not have mixed access-type (both fields and properties annotated) in your entity class hierarchy.
	at org.eclipse.persistence.exceptions.EntityManagerSetupException.predeployFailed(EntityManagerSetupException.java:233)
	at org.eclipse.persistence.internal.jpa.EntityManagerSetupImpl.createPredeployFailedPersistenceException(EntityManagerSetupImpl.java:2170)
	at org.eclipse.persistence.internal.jpa.EntityManagerSetupImpl.predeploy(EntityManagerSetupImpl.java:2146)
	at org.eclipse.persistence.jpa.PersistenceProvider.createContainerEntityManagerFactoryImpl(PersistenceProvider.java:424)
	at org.eclipse.persistence.jpa.PersistenceProvider.createContainerEntityManagerFactory(PersistenceProvider.java:388)
	at org.glassfish.persistence.jpa.PersistenceUnitLoader.loadPU(PersistenceUnitLoader.java:207)
	at org.glassfish.persistence.jpa.PersistenceUnitLoader.<init>(PersistenceUnitLoader.java:114)
	at org.glassfish.persistence.jpa.JPADeployer.loadPersistenceUnit(JPADeployer.java:265)
	at org.glassfish.persistence.jpa.JPADeployer.createEMFs(JPADeployer.java:205)
	at org.glassfish.persistence.jpa.JPADeployer.prepare(JPADeployer.java:187)
	at com.sun.enterprise.v3.server.ApplicationLifecycle.prepareModule(ApplicationLifecycle.java:1249)
	at com.sun.enterprise.v3.server.ApplicationLifecycle.prepare(ApplicationLifecycle.java:505)
	at org.glassfish.deployment.admin.DeployCommand.execute(DeployCommand.java:569)
	at com.sun.enterprise.v3.admin.CommandRunnerImpl$2$1.run(CommandRunnerImpl.java:558)
	at com.sun.enterprise.v3.admin.CommandRunnerImpl$2$1.run(CommandRunnerImpl.java:554)
	at java.base/java.security.AccessController.doPrivileged(AccessController.java:400)
	at java.base/javax.security.auth.Subject.doAs(Subject.java:453)
	at com.sun.enterprise.v3.admin.CommandRunnerImpl$2.execute(CommandRunnerImpl.java:553)
	at com.sun.enterprise.v3.admin.CommandRunnerImpl$3.run(CommandRunnerImpl.java:584)
	at com.sun.enterprise.v3.admin.CommandRunnerImpl$3.run(CommandRunnerImpl.java:576)
	at java.base/java.security.AccessController.doPrivileged(AccessController.java:400)
	at java.base/javax.security.auth.Subject.doAs(Subject.java:453)
	at com.sun.enterprise.v3.admin.CommandRunnerImpl.doCommand(CommandRunnerImpl.java:575)
	at com.sun.enterprise.v3.admin.CommandRunnerImpl.doCommand(CommandRunnerImpl.java:1499)
	at com.sun.enterprise.v3.admin.CommandRunnerImpl$ExecutionContext.execute(CommandRunnerImpl.java:1881)
	at com.sun.enterprise.v3.admin.CommandRunnerImpl$ExecutionContext.execute(CommandRunnerImpl.java:1757)
	at com.sun.enterprise.v3.admin.AdminAdapter.doCommand(AdminAdapter.java:605)
	at com.sun.enterprise.v3.admin.AdminAdapter.onMissingResource(AdminAdapter.java:257)
	at org.glassfish.grizzly.http.server.StaticHttpHandlerBase.service(StaticHttpHandlerBase.java:150)
	at com.sun.enterprise.v3.services.impl.ContainerMapper$HttpHandlerCallable.call(ContainerMapper.java:520)
	at com.sun.enterprise.v3.services.impl.ContainerMapper.service(ContainerMapper.java:217)
	at org.glassfish.grizzly.http.server.HttpHandler.runService(HttpHandler.java:174)
	at org.glassfish.grizzly.http.server.HttpHandler.doHandle(HttpHandler.java:153)
	at org.glassfish.grizzly.http.server.HttpServerFilter.handleRead(HttpServerFilter.java:196)
	at org.glassfish.grizzly.filterchain.ExecutorResolver$9.execute(ExecutorResolver.java:88)
	at org.glassfish.grizzly.filterchain.DefaultFilterChain.executeFilter(DefaultFilterChain.java:246)
	at org.glassfish.grizzly.filterchain.DefaultFilterChain.executeChainPart(DefaultFilterChain.java:178)
	at org.glassfish.grizzly.filterchain.DefaultFilterChain.execute(DefaultFilterChain.java:118)
	at org.glassfish.grizzly.filterchain.DefaultFilterChain.process(DefaultFilterChain.java:96)
	at org.glassfish.grizzly.ProcessorExecutor.execute(ProcessorExecutor.java:51)
	at org.glassfish.grizzly.nio.transport.TCPNIOTransport.fireIOEvent(TCPNIOTransport.java:510)
	at org.glassfish.grizzly.strategies.AbstractIOStrategy.fireIOEvent(AbstractIOStrategy.java:82)
	at org.glassfish.grizzly.strategies.WorkerThreadIOStrategy.run0(WorkerThreadIOStrategy.java:83)
	at org.glassfish.grizzly.strategies.WorkerThreadIOStrategy$WorkerThreadRunnable.run(WorkerThreadIOStrategy.java:101)
	at org.glassfish.grizzly.threadpool.AbstractThreadPool$Worker.doWork(AbstractThreadPool.java:535)
	at org.glassfish.grizzly.threadpool.AbstractThreadPool$Worker.run(AbstractThreadPool.java:515)
	at java.base/java.lang.Thread.run(Thread.java:1583)
Caused by: Exception [EclipseLink-7161] (Eclipse Persistence Services - 5.0.0-B08.payara-p1.v202511041741-60b8f7dca8141786130b4d36785fdcc926eb8cff): org.eclipse.persistence.exceptions.ValidationException
Exception Description: Entity class [class com.sergio.inventarios.model.Usuario] has no primary key specified. It should define either an @Id, @EmbeddedId or an @IdClass. If you have defined PK using any of these annotations then make sure that you do not have mixed access-type (both fields and properties annotated) in your entity class hierarchy.
	at org.eclipse.persistence.exceptions.ValidationException.noPrimaryKeyAnnotationsFound(ValidationException.java:1444)
	at org.eclipse.persistence.internal.jpa.metadata.accessors.classes.EntityAccessor.validatePrimaryKey(EntityAccessor.java:1542)
	at org.eclipse.persistence.internal.jpa.metadata.accessors.classes.EntityAccessor.processMappingAccessors(EntityAccessor.java:1249)
	at org.eclipse.persistence.internal.jpa.metadata.accessors.classes.EntityAccessor.process(EntityAccessor.java:699)
	at org.eclipse.persistence.internal.jpa.metadata.MetadataProject.processStage2(MetadataProject.java:1919)
	at org.eclipse.persistence.internal.jpa.metadata.MetadataProcessor.processORMMetadata(MetadataProcessor.java:599)
	at org.eclipse.persistence.internal.jpa.deployment.PersistenceUnitProcessor.processORMetadata(PersistenceUnitProcessor.java:640)
	at org.eclipse.persistence.internal.jpa.EntityManagerSetupImpl.predeploy(EntityManagerSetupImpl.java:2067)
	... 44 more
]]

[2025-12-04T09:11:51.311-0600] [Payara 7.2025.1] [INFORMACIÓN] [] [javax.enterprise.system.core] [tid: _ThreadID=237 _ThreadName=admin-thread-pool::admin-listener(3)] [timeMillis: 1764861111311] [levelValue: 800] [[
  No deployment transformer implementation found.]]

[2025-12-04T09:11:51.387-0600] [Payara 7.2025.1] [GRAVE] [] [javax.enterprise.system.core] [tid: _ThreadID=237 _ThreadName=admin-thread-pool::admin-listener(3)] [timeMillis: 1764861111387] [levelValue: 1000] [[
  Exception while invoking class org.glassfish.persistence.jpa.JPADeployer prepare method]]

[2025-12-04T09:11:51.387-0600] [Payara 7.2025.1] [GRAVE] [] [javax.enterprise.system.core] [tid: _ThreadID=237 _ThreadName=admin-thread-pool::admin-listener(3)] [timeMillis: 1764861111387] [levelValue: 1000] [[
  Exception while preparing the app]]

[2025-12-04T09:11:51.388-0600] [Payara 7.2025.1] [GRAVE] [NCLS-CORE-00026] [javax.enterprise.system.core] [tid: _ThreadID=237 _ThreadName=admin-thread-pool::admin-listener(3)] [timeMillis: 1764861111388] [levelValue: 1000] [[
  Exception during lifecycle processing
jakarta.persistence.PersistenceException: Exception [EclipseLink-28018] (Eclipse Persistence Services - 5.0.0-B08.payara-p1.v202511041741-60b8f7dca8141786130b4d36785fdcc926eb8cff): org.eclipse.persistence.exceptions.EntityManagerSetupException
Exception Description: Predeployment of PersistenceUnit [my_persistence_unit] failed.
Internal Exception: Exception [EclipseLink-7161] (Eclipse Persistence Services - 5.0.0-B08.payara-p1.v202511041741-60b8f7dca8141786130b4d36785fdcc926eb8cff): org.eclipse.persistence.exceptions.ValidationException
Exception Description: Entity class [class com.sergio.inventarios.model.Usuario] has no primary key specified. It should define either an @Id, @EmbeddedId or an @IdClass. If you have defined PK using any of these annotations then make sure that you do not have mixed access-type (both fields and properties annotated) in your entity class hierarchy.
	at org.eclipse.persistence.internal.jpa.EntityManagerSetupImpl.createPredeployFailedPersistenceException(EntityManagerSetupImpl.java:2170)
	at org.eclipse.persistence.internal.jpa.EntityManagerSetupImpl.predeploy(EntityManagerSetupImpl.java:2146)
	at org.eclipse.persistence.jpa.PersistenceProvider.createContainerEntityManagerFactoryImpl(PersistenceProvider.java:424)
	at org.eclipse.persistence.jpa.PersistenceProvider.createContainerEntityManagerFactory(PersistenceProvider.java:388)
	at org.glassfish.persistence.jpa.PersistenceUnitLoader.loadPU(PersistenceUnitLoader.java:207)
	at org.glassfish.persistence.jpa.PersistenceUnitLoader.<init>(PersistenceUnitLoader.java:114)
	at org.glassfish.persistence.jpa.JPADeployer.loadPersistenceUnit(JPADeployer.java:265)
	at org.glassfish.persistence.jpa.JPADeployer.createEMFs(JPADeployer.java:205)
	at org.glassfish.persistence.jpa.JPADeployer.prepare(JPADeployer.java:187)
	at com.sun.enterprise.v3.server.ApplicationLifecycle.prepareModule(ApplicationLifecycle.java:1249)
	at com.sun.enterprise.v3.server.ApplicationLifecycle.prepare(ApplicationLifecycle.java:505)
	at org.glassfish.deployment.admin.DeployCommand.execute(DeployCommand.java:569)
	at com.sun.enterprise.v3.admin.CommandRunnerImpl$2$1.run(CommandRunnerImpl.java:558)
	at com.sun.enterprise.v3.admin.CommandRunnerImpl$2$1.run(CommandRunnerImpl.java:554)
	at java.base/java.security.AccessController.doPrivileged(AccessController.java:400)
	at java.base/javax.security.auth.Subject.doAs(Subject.java:453)
	at com.sun.enterprise.v3.admin.CommandRunnerImpl$2.execute(CommandRunnerImpl.java:553)
	at com.sun.enterprise.v3.admin.CommandRunnerImpl$3.run(CommandRunnerImpl.java:584)
	at com.sun.enterprise.v3.admin.CommandRunnerImpl$3.run(CommandRunnerImpl.java:576)
	at java.base/java.security.AccessController.doPrivileged(AccessController.java:400)
	at java.base/javax.security.auth.Subject.doAs(Subject.java:453)
	at com.sun.enterprise.v3.admin.CommandRunnerImpl.doCommand(CommandRunnerImpl.java:575)
	at com.sun.enterprise.v3.admin.CommandRunnerImpl.doCommand(CommandRunnerImpl.java:1499)
	at com.sun.enterprise.v3.admin.CommandRunnerImpl$ExecutionContext.execute(CommandRunnerImpl.java:1881)
	at com.sun.enterprise.v3.admin.CommandRunnerImpl$ExecutionContext.execute(CommandRunnerImpl.java:1757)
	at com.sun.enterprise.v3.admin.AdminAdapter.doCommand(AdminAdapter.java:605)
	at com.sun.enterprise.v3.admin.AdminAdapter.onMissingResource(AdminAdapter.java:257)
	at org.glassfish.grizzly.http.server.StaticHttpHandlerBase.service(StaticHttpHandlerBase.java:150)
	at com.sun.enterprise.v3.services.impl.ContainerMapper$HttpHandlerCallable.call(ContainerMapper.java:520)
	at com.sun.enterprise.v3.services.impl.ContainerMapper.service(ContainerMapper.java:217)
	at org.glassfish.grizzly.http.server.HttpHandler.runService(HttpHandler.java:174)
	at org.glassfish.grizzly.http.server.HttpHandler.doHandle(HttpHandler.java:153)
	at org.glassfish.grizzly.http.server.HttpServerFilter.handleRead(HttpServerFilter.java:196)
	at org.glassfish.grizzly.filterchain.ExecutorResolver$9.execute(ExecutorResolver.java:88)
	at org.glassfish.grizzly.filterchain.DefaultFilterChain.executeFilter(DefaultFilterChain.java:246)
	at org.glassfish.grizzly.filterchain.DefaultFilterChain.executeChainPart(DefaultFilterChain.java:178)
	at org.glassfish.grizzly.filterchain.DefaultFilterChain.execute(DefaultFilterChain.java:118)
	at org.glassfish.grizzly.filterchain.DefaultFilterChain.process(DefaultFilterChain.java:96)
	at org.glassfish.grizzly.ProcessorExecutor.execute(ProcessorExecutor.java:51)
	at org.glassfish.grizzly.nio.transport.TCPNIOTransport.fireIOEvent(TCPNIOTransport.java:510)
	at org.glassfish.grizzly.strategies.AbstractIOStrategy.fireIOEvent(AbstractIOStrategy.java:82)
	at org.glassfish.grizzly.strategies.WorkerThreadIOStrategy.run0(WorkerThreadIOStrategy.java:83)
	at org.glassfish.grizzly.strategies.WorkerThreadIOStrategy$WorkerThreadRunnable.run(WorkerThreadIOStrategy.java:101)
	at org.glassfish.grizzly.threadpool.AbstractThreadPool$Worker.doWork(AbstractThreadPool.java:535)
	at org.glassfish.grizzly.threadpool.AbstractThreadPool$Worker.run(AbstractThreadPool.java:515)
	at java.base/java.lang.Thread.run(Thread.java:1583)
Caused by: Exception [EclipseLink-28018] (Eclipse Persistence Services - 5.0.0-B08.payara-p1.v202511041741-60b8f7dca8141786130b4d36785fdcc926eb8cff): org.eclipse.persistence.exceptions.EntityManagerSetupException
Exception Description: Predeployment of PersistenceUnit [my_persistence_unit] failed.
Internal Exception: Exception [EclipseLink-7161] (Eclipse Persistence Services - 5.0.0-B08.payara-p1.v202511041741-60b8f7dca8141786130b4d36785fdcc926eb8cff): org.eclipse.persistence.exceptions.ValidationException
Exception Description: Entity class [class com.sergio.inventarios.model.Usuario] has no primary key specified. It should define either an @Id, @EmbeddedId or an @IdClass. If you have defined PK using any of these annotations then make sure that you do not have mixed access-type (both fields and properties annotated) in your entity class hierarchy.
	at org.eclipse.persistence.exceptions.EntityManagerSetupException.predeployFailed(EntityManagerSetupException.java:233)
	... 46 more
Caused by: Exception [EclipseLink-7161] (Eclipse Persistence Services - 5.0.0-B08.payara-p1.v202511041741-60b8f7dca8141786130b4d36785fdcc926eb8cff): org.eclipse.persistence.exceptions.ValidationException
Exception Description: Entity class [class com.sergio.inventarios.model.Usuario] has no primary key specified. It should define either an @Id, @EmbeddedId or an @IdClass. If you have defined PK using any of these annotations then make sure that you do not have mixed access-type (both fields and properties annotated) in your entity class hierarchy.
	at org.eclipse.persistence.exceptions.ValidationException.noPrimaryKeyAnnotationsFound(ValidationException.java:1444)
	at org.eclipse.persistence.internal.jpa.metadata.accessors.classes.EntityAccessor.validatePrimaryKey(EntityAccessor.java:1542)
	at org.eclipse.persistence.internal.jpa.metadata.accessors.classes.EntityAccessor.processMappingAccessors(EntityAccessor.java:1249)
	at org.eclipse.persistence.internal.jpa.metadata.accessors.classes.EntityAccessor.process(EntityAccessor.java:699)
	at org.eclipse.persistence.internal.jpa.metadata.MetadataProject.processStage2(MetadataProject.java:1919)
	at org.eclipse.persistence.internal.jpa.metadata.MetadataProcessor.processORMMetadata(MetadataProcessor.java:599)
	at org.eclipse.persistence.internal.jpa.deployment.PersistenceUnitProcessor.processORMetadata(PersistenceUnitProcessor.java:640)
	at org.eclipse.persistence.internal.jpa.EntityManagerSetupImpl.predeploy(EntityManagerSetupImpl.java:2067)
	... 44 more
]]

[2025-12-04T09:11:51.399-0600] [Payara 7.2025.1] [GRAVE] [] [javax.enterprise.system.core] [tid: _ThreadID=237 _ThreadName=admin-thread-pool::admin-listener(3)] [timeMillis: 1764861111399] [levelValue: 1000] [[
  Exception while preparing the app : Exception [EclipseLink-28018] (Eclipse Persistence Services - 5.0.0-B08.payara-p1.v202511041741-60b8f7dca8141786130b4d36785fdcc926eb8cff): org.eclipse.persistence.exceptions.EntityManagerSetupException
Exception Description: Predeployment of PersistenceUnit [my_persistence_unit] failed.
Internal Exception: Exception [EclipseLink-7161] (Eclipse Persistence Services - 5.0.0-B08.payara-p1.v202511041741-60b8f7dca8141786130b4d36785fdcc926eb8cff): org.eclipse.persistence.exceptions.ValidationException
Exception Description: Entity class [class com.sergio.inventarios.model.Usuario] has no primary key specified. It should define either an @Id, @EmbeddedId or an @IdClass. If you have defined PK using any of these annotations then make sure that you do not have mixed access-type (both fields and properties annotated) in your entity class hierarchy.
Local Exception Stack: 
Exception [EclipseLink-28018] (Eclipse Persistence Services - 5.0.0-B08.payara-p1.v202511041741-60b8f7dca8141786130b4d36785fdcc926eb8cff): org.eclipse.persistence.exceptions.EntityManagerSetupException
Exception Description: Predeployment of PersistenceUnit [my_persistence_unit] failed.
Internal Exception: Exception [EclipseLink-7161] (Eclipse Persistence Services - 5.0.0-B08.payara-p1.v202511041741-60b8f7dca8141786130b4d36785fdcc926eb8cff): org.eclipse.persistence.exceptions.ValidationException
Exception Description: Entity class [class com.sergio.inventarios.model.Usuario] has no primary key specified. It should define either an @Id, @EmbeddedId or an @IdClass. If you have defined PK using any of these annotations then make sure that you do not have mixed access-type (both fields and properties annotated) in your entity class hierarchy.
	at org.eclipse.persistence.exceptions.EntityManagerSetupException.predeployFailed(EntityManagerSetupException.java:233)
	at org.eclipse.persistence.internal.jpa.EntityManagerSetupImpl.createPredeployFailedPersistenceException(EntityManagerSetupImpl.java:2170)
	at org.eclipse.persistence.internal.jpa.EntityManagerSetupImpl.predeploy(EntityManagerSetupImpl.java:2146)
	at org.eclipse.persistence.jpa.PersistenceProvider.createContainerEntityManagerFactoryImpl(PersistenceProvider.java:424)
	at org.eclipse.persistence.jpa.PersistenceProvider.createContainerEntityManagerFactory(PersistenceProvider.java:388)
	at org.glassfish.persistence.jpa.PersistenceUnitLoader.loadPU(PersistenceUnitLoader.java:207)
	at org.glassfish.persistence.jpa.PersistenceUnitLoader.<init>(PersistenceUnitLoader.java:114)
	at org.glassfish.persistence.jpa.JPADeployer.loadPersistenceUnit(JPADeployer.java:265)
	at org.glassfish.persistence.jpa.JPADeployer.createEMFs(JPADeployer.java:205)
	at org.glassfish.persistence.jpa.JPADeployer.prepare(JPADeployer.java:187)
	at com.sun.enterprise.v3.server.ApplicationLifecycle.prepareModule(ApplicationLifecycle.java:1249)
	at com.sun.enterprise.v3.server.ApplicationLifecycle.prepare(ApplicationLifecycle.java:505)
	at org.glassfish.deployment.admin.DeployCommand.execute(DeployCommand.java:569)
	at com.sun.enterprise.v3.admin.CommandRunnerImpl$2$1.run(CommandRunnerImpl.java:558)
	at com.sun.enterprise.v3.admin.CommandRunnerImpl$2$1.run(CommandRunnerImpl.java:554)
	at java.base/java.security.AccessController.doPrivileged(AccessController.java:400)
	at java.base/javax.security.auth.Subject.doAs(Subject.java:453)
	at com.sun.enterprise.v3.admin.CommandRunnerImpl$2.execute(CommandRunnerImpl.java:553)
	at com.sun.enterprise.v3.admin.CommandRunnerImpl$3.run(CommandRunnerImpl.java:584)
	at com.sun.enterprise.v3.admin.CommandRunnerImpl$3.run(CommandRunnerImpl.java:576)
	at java.base/java.security.AccessController.doPrivileged(AccessController.java:400)
	at java.base/javax.security.auth.Subject.doAs(Subject.java:453)
	at com.sun.enterprise.v3.admin.CommandRunnerImpl.doCommand(CommandRunnerImpl.java:575)
	at com.sun.enterprise.v3.admin.CommandRunnerImpl.doCommand(CommandRunnerImpl.java:1499)
	at com.sun.enterprise.v3.admin.CommandRunnerImpl$ExecutionContext.execute(CommandRunnerImpl.java:1881)
	at com.sun.enterprise.v3.admin.CommandRunnerImpl$ExecutionContext.execute(CommandRunnerImpl.java:1757)
	at com.sun.enterprise.v3.admin.AdminAdapter.doCommand(AdminAdapter.java:605)
	at com.sun.enterprise.v3.admin.AdminAdapter.onMissingResource(AdminAdapter.java:257)
	at org.glassfish.grizzly.http.server.StaticHttpHandlerBase.service(StaticHttpHandlerBase.java:150)
	at com.sun.enterprise.v3.services.impl.ContainerMapper$HttpHandlerCallable.call(ContainerMapper.java:520)
	at com.sun.enterprise.v3.services.impl.ContainerMapper.service(ContainerMapper.java:217)
	at org.glassfish.grizzly.http.server.HttpHandler.runService(HttpHandler.java:174)
	at org.glassfish.grizzly.http.server.HttpHandler.doHandle(HttpHandler.java:153)
	at org.glassfish.grizzly.http.server.HttpServerFilter.handleRead(HttpServerFilter.java:196)
	at org.glassfish.grizzly.filterchain.ExecutorResolver$9.execute(ExecutorResolver.java:88)
	at org.glassfish.grizzly.filterchain.DefaultFilterChain.executeFilter(DefaultFilterChain.java:246)
	at org.glassfish.grizzly.filterchain.DefaultFilterChain.executeChainPart(DefaultFilterChain.java:178)
	at org.glassfish.grizzly.filterchain.DefaultFilterChain.execute(DefaultFilterChain.java:118)
	at org.glassfish.grizzly.filterchain.DefaultFilterChain.process(DefaultFilterChain.java:96)
	at org.glassfish.grizzly.ProcessorExecutor.execute(ProcessorExecutor.java:51)
	at org.glassfish.grizzly.nio.transport.TCPNIOTransport.fireIOEvent(TCPNIOTransport.java:510)
	at org.glassfish.grizzly.strategies.AbstractIOStrategy.fireIOEvent(AbstractIOStrategy.java:82)
	at org.glassfish.grizzly.strategies.WorkerThreadIOStrategy.run0(WorkerThreadIOStrategy.java:83)
	at org.glassfish.grizzly.strategies.WorkerThreadIOStrategy$WorkerThreadRunnable.run(WorkerThreadIOStrategy.java:101)
	at org.glassfish.grizzly.threadpool.AbstractThreadPool$Worker.doWork(AbstractThreadPool.java:535)
	at org.glassfish.grizzly.threadpool.AbstractThreadPool$Worker.run(AbstractThreadPool.java:515)
	at java.base/java.lang.Thread.run(Thread.java:1583)
Caused by: Exception [EclipseLink-7161] (Eclipse Persistence Services - 5.0.0-B08.payara-p1.v202511041741-60b8f7dca8141786130b4d36785fdcc926eb8cff): org.eclipse.persistence.exceptions.ValidationException
Exception Description: Entity class [class com.sergio.inventarios.model.Usuario] has no primary key specified. It should define either an @Id, @EmbeddedId or an @IdClass. If you have defined PK using any of these annotations then make sure that you do not have mixed access-type (both fields and properties annotated) in your entity class hierarchy.
	at org.eclipse.persistence.exceptions.ValidationException.noPrimaryKeyAnnotationsFound(ValidationException.java:1444)
	at org.eclipse.persistence.internal.jpa.metadata.accessors.classes.EntityAccessor.validatePrimaryKey(EntityAccessor.java:1542)
	at org.eclipse.persistence.internal.jpa.metadata.accessors.classes.EntityAccessor.processMappingAccessors(EntityAccessor.java:1249)
	at org.eclipse.persistence.internal.jpa.metadata.accessors.classes.EntityAccessor.process(EntityAccessor.java:699)
	at org.eclipse.persistence.internal.jpa.metadata.MetadataProject.processStage2(MetadataProject.java:1919)
	at org.eclipse.persistence.internal.jpa.metadata.MetadataProcessor.processORMMetadata(MetadataProcessor.java:599)
	at org.eclipse.persistence.internal.jpa.deployment.PersistenceUnitProcessor.processORMetadata(PersistenceUnitProcessor.java:640)
	at org.eclipse.persistence.internal.jpa.EntityManagerSetupImpl.predeploy(EntityManagerSetupImpl.java:2067)
	... 44 more
]]

[2025-12-04T09:12:49.049-0600] [Payara 7.2025.1] [INFORMACIÓN] [] [javax.enterprise.system.core] [tid: _ThreadID=237 _ThreadName=admin-thread-pool::admin-listener(3)] [timeMillis: 1764861169049] [levelValue: 800] [[
  No deployment transformer implementation found.]]

[2025-12-04T09:12:49.119-0600] [Payara 7.2025.1] [GRAVE] [] [javax.enterprise.system.core] [tid: _ThreadID=237 _ThreadName=admin-thread-pool::admin-listener(3)] [timeMillis: 1764861169119] [levelValue: 1000] [[
  Exception while invoking class org.glassfish.persistence.jpa.JPADeployer prepare method]]

[2025-12-04T09:12:49.120-0600] [Payara 7.2025.1] [GRAVE] [] [javax.enterprise.system.core] [tid: _ThreadID=237 _ThreadName=admin-thread-pool::admin-listener(3)] [timeMillis: 1764861169120] [levelValue: 1000] [[
  Exception while preparing the app]]

[2025-12-04T09:12:49.120-0600] [Payara 7.2025.1] [GRAVE] [NCLS-CORE-00026] [javax.enterprise.system.core] [tid: _ThreadID=237 _ThreadName=admin-thread-pool::admin-listener(3)] [timeMillis: 1764861169120] [levelValue: 1000] [[
  Exception during lifecycle processing
jakarta.persistence.PersistenceException: Exception [EclipseLink-28018] (Eclipse Persistence Services - 5.0.0-B08.payara-p1.v202511041741-60b8f7dca8141786130b4d36785fdcc926eb8cff): org.eclipse.persistence.exceptions.EntityManagerSetupException
Exception Description: Predeployment of PersistenceUnit [my_persistence_unit] failed.
Internal Exception: Exception [EclipseLink-7161] (Eclipse Persistence Services - 5.0.0-B08.payara-p1.v202511041741-60b8f7dca8141786130b4d36785fdcc926eb8cff): org.eclipse.persistence.exceptions.ValidationException
Exception Description: Entity class [class com.sergio.inventarios.model.Usuario] has no primary key specified. It should define either an @Id, @EmbeddedId or an @IdClass. If you have defined PK using any of these annotations then make sure that you do not have mixed access-type (both fields and properties annotated) in your entity class hierarchy.
	at org.eclipse.persistence.internal.jpa.EntityManagerSetupImpl.createPredeployFailedPersistenceException(EntityManagerSetupImpl.java:2170)
	at org.eclipse.persistence.internal.jpa.EntityManagerSetupImpl.predeploy(EntityManagerSetupImpl.java:2146)
	at org.eclipse.persistence.jpa.PersistenceProvider.createContainerEntityManagerFactoryImpl(PersistenceProvider.java:424)
	at org.eclipse.persistence.jpa.PersistenceProvider.createContainerEntityManagerFactory(PersistenceProvider.java:388)
	at org.glassfish.persistence.jpa.PersistenceUnitLoader.loadPU(PersistenceUnitLoader.java:207)
	at org.glassfish.persistence.jpa.PersistenceUnitLoader.<init>(PersistenceUnitLoader.java:114)
	at org.glassfish.persistence.jpa.JPADeployer.loadPersistenceUnit(JPADeployer.java:265)
	at org.glassfish.persistence.jpa.JPADeployer.createEMFs(JPADeployer.java:205)
	at org.glassfish.persistence.jpa.JPADeployer.prepare(JPADeployer.java:187)
	at com.sun.enterprise.v3.server.ApplicationLifecycle.prepareModule(ApplicationLifecycle.java:1249)
	at com.sun.enterprise.v3.server.ApplicationLifecycle.prepare(ApplicationLifecycle.java:505)
	at org.glassfish.deployment.admin.DeployCommand.execute(DeployCommand.java:569)
	at com.sun.enterprise.v3.admin.CommandRunnerImpl$2$1.run(CommandRunnerImpl.java:558)
	at com.sun.enterprise.v3.admin.CommandRunnerImpl$2$1.run(CommandRunnerImpl.java:554)
	at java.base/java.security.AccessController.doPrivileged(AccessController.java:400)
	at java.base/javax.security.auth.Subject.doAs(Subject.java:453)
	at com.sun.enterprise.v3.admin.CommandRunnerImpl$2.execute(CommandRunnerImpl.java:553)
	at com.sun.enterprise.v3.admin.CommandRunnerImpl$3.run(CommandRunnerImpl.java:584)
	at com.sun.enterprise.v3.admin.CommandRunnerImpl$3.run(CommandRunnerImpl.java:576)
	at java.base/java.security.AccessController.doPrivileged(AccessController.java:400)
	at java.base/javax.security.auth.Subject.doAs(Subject.java:453)
	at com.sun.enterprise.v3.admin.CommandRunnerImpl.doCommand(CommandRunnerImpl.java:575)
	at com.sun.enterprise.v3.admin.CommandRunnerImpl.doCommand(CommandRunnerImpl.java:1499)
	at com.sun.enterprise.v3.admin.CommandRunnerImpl$ExecutionContext.execute(CommandRunnerImpl.java:1881)
	at com.sun.enterprise.v3.admin.CommandRunnerImpl$ExecutionContext.execute(CommandRunnerImpl.java:1757)
	at com.sun.enterprise.v3.admin.AdminAdapter.doCommand(AdminAdapter.java:605)
	at com.sun.enterprise.v3.admin.AdminAdapter.onMissingResource(AdminAdapter.java:257)
	at org.glassfish.grizzly.http.server.StaticHttpHandlerBase.service(StaticHttpHandlerBase.java:150)
	at com.sun.enterprise.v3.services.impl.ContainerMapper$HttpHandlerCallable.call(ContainerMapper.java:520)
	at com.sun.enterprise.v3.services.impl.ContainerMapper.service(ContainerMapper.java:217)
	at org.glassfish.grizzly.http.server.HttpHandler.runService(HttpHandler.java:174)
	at org.glassfish.grizzly.http.server.HttpHandler.doHandle(HttpHandler.java:153)
	at org.glassfish.grizzly.http.server.HttpServerFilter.handleRead(HttpServerFilter.java:196)
	at org.glassfish.grizzly.filterchain.ExecutorResolver$9.execute(ExecutorResolver.java:88)
	at org.glassfish.grizzly.filterchain.DefaultFilterChain.executeFilter(DefaultFilterChain.java:246)
	at org.glassfish.grizzly.filterchain.DefaultFilterChain.executeChainPart(DefaultFilterChain.java:178)
	at org.glassfish.grizzly.filterchain.DefaultFilterChain.execute(DefaultFilterChain.java:118)
	at org.glassfish.grizzly.filterchain.DefaultFilterChain.process(DefaultFilterChain.java:96)
	at org.glassfish.grizzly.ProcessorExecutor.execute(ProcessorExecutor.java:51)
	at org.glassfish.grizzly.nio.transport.TCPNIOTransport.fireIOEvent(TCPNIOTransport.java:510)
	at org.glassfish.grizzly.strategies.AbstractIOStrategy.fireIOEvent(AbstractIOStrategy.java:82)
	at org.glassfish.grizzly.strategies.WorkerThreadIOStrategy.run0(WorkerThreadIOStrategy.java:83)
	at org.glassfish.grizzly.strategies.WorkerThreadIOStrategy$WorkerThreadRunnable.run(WorkerThreadIOStrategy.java:101)
	at org.glassfish.grizzly.threadpool.AbstractThreadPool$Worker.doWork(AbstractThreadPool.java:535)
	at org.glassfish.grizzly.threadpool.AbstractThreadPool$Worker.run(AbstractThreadPool.java:515)
	at java.base/java.lang.Thread.run(Thread.java:1583)
Caused by: Exception [EclipseLink-28018] (Eclipse Persistence Services - 5.0.0-B08.payara-p1.v202511041741-60b8f7dca8141786130b4d36785fdcc926eb8cff): org.eclipse.persistence.exceptions.EntityManagerSetupException
Exception Description: Predeployment of PersistenceUnit [my_persistence_unit] failed.
Internal Exception: Exception [EclipseLink-7161] (Eclipse Persistence Services - 5.0.0-B08.payara-p1.v202511041741-60b8f7dca8141786130b4d36785fdcc926eb8cff): org.eclipse.persistence.exceptions.ValidationException
Exception Description: Entity class [class com.sergio.inventarios.model.Usuario] has no primary key specified. It should define either an @Id, @EmbeddedId or an @IdClass. If you have defined PK using any of these annotations then make sure that you do not have mixed access-type (both fields and properties annotated) in your entity class hierarchy.
	at org.eclipse.persistence.exceptions.EntityManagerSetupException.predeployFailed(EntityManagerSetupException.java:233)
	... 46 more
Caused by: Exception [EclipseLink-7161] (Eclipse Persistence Services - 5.0.0-B08.payara-p1.v202511041741-60b8f7dca8141786130b4d36785fdcc926eb8cff): org.eclipse.persistence.exceptions.ValidationException
Exception Description: Entity class [class com.sergio.inventarios.model.Usuario] has no primary key specified. It should define either an @Id, @EmbeddedId or an @IdClass. If you have defined PK using any of these annotations then make sure that you do not have mixed access-type (both fields and properties annotated) in your entity class hierarchy.
	at org.eclipse.persistence.exceptions.ValidationException.noPrimaryKeyAnnotationsFound(ValidationException.java:1444)
	at org.eclipse.persistence.internal.jpa.metadata.accessors.classes.EntityAccessor.validatePrimaryKey(EntityAccessor.java:1542)
	at org.eclipse.persistence.internal.jpa.metadata.accessors.classes.EntityAccessor.processMappingAccessors(EntityAccessor.java:1249)
	at org.eclipse.persistence.internal.jpa.metadata.accessors.classes.EntityAccessor.process(EntityAccessor.java:699)
	at org.eclipse.persistence.internal.jpa.metadata.MetadataProject.processStage2(MetadataProject.java:1919)
	at org.eclipse.persistence.internal.jpa.metadata.MetadataProcessor.processORMMetadata(MetadataProcessor.java:599)
	at org.eclipse.persistence.internal.jpa.deployment.PersistenceUnitProcessor.processORMetadata(PersistenceUnitProcessor.java:640)
	at org.eclipse.persistence.internal.jpa.EntityManagerSetupImpl.predeploy(EntityManagerSetupImpl.java:2067)
	... 44 more
]]

[2025-12-04T09:12:49.127-0600] [Payara 7.2025.1] [GRAVE] [] [javax.enterprise.system.core] [tid: _ThreadID=237 _ThreadName=admin-thread-pool::admin-listener(3)] [timeMillis: 1764861169127] [levelValue: 1000] [[
  Exception while preparing the app : Exception [EclipseLink-28018] (Eclipse Persistence Services - 5.0.0-B08.payara-p1.v202511041741-60b8f7dca8141786130b4d36785fdcc926eb8cff): org.eclipse.persistence.exceptions.EntityManagerSetupException
Exception Description: Predeployment of PersistenceUnit [my_persistence_unit] failed.
Internal Exception: Exception [EclipseLink-7161] (Eclipse Persistence Services - 5.0.0-B08.payara-p1.v202511041741-60b8f7dca8141786130b4d36785fdcc926eb8cff): org.eclipse.persistence.exceptions.ValidationException
Exception Description: Entity class [class com.sergio.inventarios.model.Usuario] has no primary key specified. It should define either an @Id, @EmbeddedId or an @IdClass. If you have defined PK using any of these annotations then make sure that you do not have mixed access-type (both fields and properties annotated) in your entity class hierarchy.
Local Exception Stack: 
Exception [EclipseLink-28018] (Eclipse Persistence Services - 5.0.0-B08.payara-p1.v202511041741-60b8f7dca8141786130b4d36785fdcc926eb8cff): org.eclipse.persistence.exceptions.EntityManagerSetupException
Exception Description: Predeployment of PersistenceUnit [my_persistence_unit] failed.
Internal Exception: Exception [EclipseLink-7161] (Eclipse Persistence Services - 5.0.0-B08.payara-p1.v202511041741-60b8f7dca8141786130b4d36785fdcc926eb8cff): org.eclipse.persistence.exceptions.ValidationException
Exception Description: Entity class [class com.sergio.inventarios.model.Usuario] has no primary key specified. It should define either an @Id, @EmbeddedId or an @IdClass. If you have defined PK using any of these annotations then make sure that you do not have mixed access-type (both fields and properties annotated) in your entity class hierarchy.
	at org.eclipse.persistence.exceptions.EntityManagerSetupException.predeployFailed(EntityManagerSetupException.java:233)
	at org.eclipse.persistence.internal.jpa.EntityManagerSetupImpl.createPredeployFailedPersistenceException(EntityManagerSetupImpl.java:2170)
	at org.eclipse.persistence.internal.jpa.EntityManagerSetupImpl.predeploy(EntityManagerSetupImpl.java:2146)
	at org.eclipse.persistence.jpa.PersistenceProvider.createContainerEntityManagerFactoryImpl(PersistenceProvider.java:424)
	at org.eclipse.persistence.jpa.PersistenceProvider.createContainerEntityManagerFactory(PersistenceProvider.java:388)
	at org.glassfish.persistence.jpa.PersistenceUnitLoader.loadPU(PersistenceUnitLoader.java:207)
	at org.glassfish.persistence.jpa.PersistenceUnitLoader.<init>(PersistenceUnitLoader.java:114)
	at org.glassfish.persistence.jpa.JPADeployer.loadPersistenceUnit(JPADeployer.java:265)
	at org.glassfish.persistence.jpa.JPADeployer.createEMFs(JPADeployer.java:205)
	at org.glassfish.persistence.jpa.JPADeployer.prepare(JPADeployer.java:187)
	at com.sun.enterprise.v3.server.ApplicationLifecycle.prepareModule(ApplicationLifecycle.java:1249)
	at com.sun.enterprise.v3.server.ApplicationLifecycle.prepare(ApplicationLifecycle.java:505)
	at org.glassfish.deployment.admin.DeployCommand.execute(DeployCommand.java:569)
	at com.sun.enterprise.v3.admin.CommandRunnerImpl$2$1.run(CommandRunnerImpl.java:558)
	at com.sun.enterprise.v3.admin.CommandRunnerImpl$2$1.run(CommandRunnerImpl.java:554)
	at java.base/java.security.AccessController.doPrivileged(AccessController.java:400)
	at java.base/javax.security.auth.Subject.doAs(Subject.java:453)
	at com.sun.enterprise.v3.admin.CommandRunnerImpl$2.execute(CommandRunnerImpl.java:553)
	at com.sun.enterprise.v3.admin.CommandRunnerImpl$3.run(CommandRunnerImpl.java:584)
	at com.sun.enterprise.v3.admin.CommandRunnerImpl$3.run(CommandRunnerImpl.java:576)
	at java.base/java.security.AccessController.doPrivileged(AccessController.java:400)
	at java.base/javax.security.auth.Subject.doAs(Subject.java:453)
	at com.sun.enterprise.v3.admin.CommandRunnerImpl.doCommand(CommandRunnerImpl.java:575)
	at com.sun.enterprise.v3.admin.CommandRunnerImpl.doCommand(CommandRunnerImpl.java:1499)
	at com.sun.enterprise.v3.admin.CommandRunnerImpl$ExecutionContext.execute(CommandRunnerImpl.java:1881)
	at com.sun.enterprise.v3.admin.CommandRunnerImpl$ExecutionContext.execute(CommandRunnerImpl.java:1757)
	at com.sun.enterprise.v3.admin.AdminAdapter.doCommand(AdminAdapter.java:605)
	at com.sun.enterprise.v3.admin.AdminAdapter.onMissingResource(AdminAdapter.java:257)
	at org.glassfish.grizzly.http.server.StaticHttpHandlerBase.service(StaticHttpHandlerBase.java:150)
	at com.sun.enterprise.v3.services.impl.ContainerMapper$HttpHandlerCallable.call(ContainerMapper.java:520)
	at com.sun.enterprise.v3.services.impl.ContainerMapper.service(ContainerMapper.java:217)
	at org.glassfish.grizzly.http.server.HttpHandler.runService(HttpHandler.java:174)
	at org.glassfish.grizzly.http.server.HttpHandler.doHandle(HttpHandler.java:153)
	at org.glassfish.grizzly.http.server.HttpServerFilter.handleRead(HttpServerFilter.java:196)
	at org.glassfish.grizzly.filterchain.ExecutorResolver$9.execute(ExecutorResolver.java:88)
	at org.glassfish.grizzly.filterchain.DefaultFilterChain.executeFilter(DefaultFilterChain.java:246)
	at org.glassfish.grizzly.filterchain.DefaultFilterChain.executeChainPart(DefaultFilterChain.java:178)
	at org.glassfish.grizzly.filterchain.DefaultFilterChain.execute(DefaultFilterChain.java:118)
	at org.glassfish.grizzly.filterchain.DefaultFilterChain.process(DefaultFilterChain.java:96)
	at org.glassfish.grizzly.ProcessorExecutor.execute(ProcessorExecutor.java:51)
	at org.glassfish.grizzly.nio.transport.TCPNIOTransport.fireIOEvent(TCPNIOTransport.java:510)
	at org.glassfish.grizzly.strategies.AbstractIOStrategy.fireIOEvent(AbstractIOStrategy.java:82)
	at org.glassfish.grizzly.strategies.WorkerThreadIOStrategy.run0(WorkerThreadIOStrategy.java:83)
	at org.glassfish.grizzly.strategies.WorkerThreadIOStrategy$WorkerThreadRunnable.run(WorkerThreadIOStrategy.java:101)
	at org.glassfish.grizzly.threadpool.AbstractThreadPool$Worker.doWork(AbstractThreadPool.java:535)
	at org.glassfish.grizzly.threadpool.AbstractThreadPool$Worker.run(AbstractThreadPool.java:515)
	at java.base/java.lang.Thread.run(Thread.java:1583)
Caused by: Exception [EclipseLink-7161] (Eclipse Persistence Services - 5.0.0-B08.payara-p1.v202511041741-60b8f7dca8141786130b4d36785fdcc926eb8cff): org.eclipse.persistence.exceptions.ValidationException
Exception Description: Entity class [class com.sergio.inventarios.model.Usuario] has no primary key specified. It should define either an @Id, @EmbeddedId or an @IdClass. If you have defined PK using any of these annotations then make sure that you do not have mixed access-type (both fields and properties annotated) in your entity class hierarchy.
	at org.eclipse.persistence.exceptions.ValidationException.noPrimaryKeyAnnotationsFound(ValidationException.java:1444)
	at org.eclipse.persistence.internal.jpa.metadata.accessors.classes.EntityAccessor.validatePrimaryKey(EntityAccessor.java:1542)
	at org.eclipse.persistence.internal.jpa.metadata.accessors.classes.EntityAccessor.processMappingAccessors(EntityAccessor.java:1249)
	at org.eclipse.persistence.internal.jpa.metadata.accessors.classes.EntityAccessor.process(EntityAccessor.java:699)
	at org.eclipse.persistence.internal.jpa.metadata.MetadataProject.processStage2(MetadataProject.java:1919)
	at org.eclipse.persistence.internal.jpa.metadata.MetadataProcessor.processORMMetadata(MetadataProcessor.java:599)
	at org.eclipse.persistence.internal.jpa.deployment.PersistenceUnitProcessor.processORMetadata(PersistenceUnitProcessor.java:640)
	at org.eclipse.persistence.internal.jpa.EntityManagerSetupImpl.predeploy(EntityManagerSetupImpl.java:2067)
	... 44 more
]]

[2025-12-04T09:13:42.722-0600] [Payara 7.2025.1] [INFORMACIÓN] [NCLS-CORE-00092] [javax.enterprise.system.core] [tid: _ThreadID=295 _ThreadName=Thread-27] [timeMillis: 1764861222722] [levelValue: 800] [[
  Server shutdown initiated]]

[2025-12-04T09:13:42.729-0600] [Payara 7.2025.1] [INFORMACIÓN] [] [] [tid: _ThreadID=295 _ThreadName=Thread-27] [timeMillis: 1764861222729] [levelValue: 800] [[
  FileMonitoring shutdown]]

[2025-12-04T09:13:42.737-0600] [Payara 7.2025.1] [INFORMACIÓN] [NCLS-JMX-00002] [javax.enterprise.system.jmx] [tid: _ThreadID=295 _ThreadName=Thread-27] [timeMillis: 1764861222737] [levelValue: 800] [[
  JMXStartupService: Stopped JMXConnectorServer: null]]

[2025-12-04T09:13:42.738-0600] [Payara 7.2025.1] [INFORMACIÓN] [NCLS-JMX-00001] [javax.enterprise.system.jmx] [tid: _ThreadID=295 _ThreadName=Thread-27] [timeMillis: 1764861222738] [levelValue: 800] [[
  JMXStartupService and JMXConnectors have been shut down.]]

[2025-12-04T09:13:42.798-0600] [Payara 7.2025.1] [GRAVE] [] [jakarta.enterprise.web.util] [tid: _ThreadID=298 _ThreadName=RunLevelControllerThread-1764861222739] [timeMillis: 1764861222798] [levelValue: 1000] [[
  The web application [] created a ThreadLocal with key of type [java.lang.ThreadLocal] (value [java.lang.ThreadLocal@50b02b9d]) and a value of type [org.glassfish.admingui.theme.AdminguiThemeContext] (value [org.glassfish.admingui.theme.AdminguiThemeContext@f63e5c0]) but failed to remove it when the web application was stopped. Threads are going to be renewed over time to try and avoid a probable memory leak.]]

[2025-12-04T09:13:42.798-0600] [Payara 7.2025.1] [GRAVE] [] [jakarta.enterprise.web.util] [tid: _ThreadID=298 _ThreadName=RunLevelControllerThread-1764861222739] [timeMillis: 1764861222798] [levelValue: 1000] [[
  The web application [] created a ThreadLocal with key of type [java.lang.ThreadLocal] (value [java.lang.ThreadLocal@50b02b9d]) and a value of type [org.glassfish.admingui.theme.AdminguiThemeContext] (value [org.glassfish.admingui.theme.AdminguiThemeContext@f63e5c0]) but failed to remove it when the web application was stopped. Threads are going to be renewed over time to try and avoid a probable memory leak.]]

[2025-12-04T09:13:42.799-0600] [Payara 7.2025.1] [GRAVE] [] [jakarta.enterprise.web.util] [tid: _ThreadID=298 _ThreadName=RunLevelControllerThread-1764861222739] [timeMillis: 1764861222799] [levelValue: 1000] [[
  The web application [] created a ThreadLocal with key of type [java.lang.ThreadLocal] (value [java.lang.ThreadLocal@50b02b9d]) and a value of type [org.glassfish.admingui.theme.AdminguiThemeContext] (value [org.glassfish.admingui.theme.AdminguiThemeContext@f63e5c0]) but failed to remove it when the web application was stopped. Threads are going to be renewed over time to try and avoid a probable memory leak.]]

[2025-12-04T09:13:42.807-0600] [Payara 7.2025.1] [INFORMACIÓN] [] [fish.payara.nucleus.hazelcast.HazelcastCore] [tid: _ThreadID=298 _ThreadName=RunLevelControllerThread-1764861222739] [timeMillis: 1764861222807] [levelValue: 800] [[
  Hazelcast Instance Unbound from JNDI at payara/Hazelcast]]

[2025-12-04T09:13:42.807-0600] [Payara 7.2025.1] [INFORMACIÓN] [] [fish.payara.nucleus.hazelcast.HazelcastCore] [tid: _ThreadID=298 _ThreadName=RunLevelControllerThread-1764861222739] [timeMillis: 1764861222807] [levelValue: 800] [[
  JSR107 Caching Provider Unbound from JNDI at payara/CachingProvider]]

[2025-12-04T09:13:42.807-0600] [Payara 7.2025.1] [INFORMACIÓN] [] [fish.payara.nucleus.hazelcast.HazelcastCore] [tid: _ThreadID=298 _ThreadName=RunLevelControllerThread-1764861222739] [timeMillis: 1764861222807] [levelValue: 800] [[
  JSR107 Cache Manager Unbound from JNDI at payara/CacheManager]]

[2025-12-04T09:13:42.827-0600] [Payara 7.2025.1] [INFORMACIÓN] [] [fish.payara.nucleus.hazelcast.HazelcastCore] [tid: _ThreadID=298 _ThreadName=RunLevelControllerThread-1764861222739] [timeMillis: 1764861222827] [levelValue: 800] [[
  Shutdown Hazelcast]]

[2025-12-04T09:13:42.855-0600] [Payara 7.2025.1] [INFORMACIÓN] [] [] [tid: _ThreadID=298 _ThreadName=RunLevelControllerThread-1764861222739] [timeMillis: 1764861222855] [levelValue: 800] [[
  JdbcRuntimeExtension,  getAllSystemRAResourcesAndPools = [GlassFishConfigBean.org.glassfish.jdbc.config.JdbcResource, GlassFishConfigBean.org.glassfish.jdbc.config.JdbcResource, GlassFishConfigBean.org.glassfish.jdbc.config.JdbcConnectionPool, GlassFishConfigBean.org.glassfish.jdbc.config.JdbcConnectionPool]]]

[2025-12-04T09:13:42.860-0600] [Payara 7.2025.1] [INFORMACIÓN] [] [javax.enterprise.resource.resourceadapter.com.sun.enterprise.connectors.service] [tid: _ThreadID=303 _ThreadName=RA Shutdown] [timeMillis: 1764861222860] [levelValue: 800] [[
  RAR7094: __ds_jdbc_ra shutdown successful.]]

[2025-12-04T09:14:04.412-0600] [Payara 7.2025.1] [INFORMACIÓN] [NCLS-LOGGING-00009] [jakarta.enterprise.logging] [tid: _ThreadID=65 _ThreadName=RunLevelControllerThread-1764861244321] [timeMillis: 1764861244412] [levelValue: 800] [[
  Running Payara Version: Payara Server 7.2025.1 (build 21)]]

[2025-12-04T09:14:04.432-0600] [Payara 7.2025.1] [INFORMACIÓN] [NCLS-LOGGING-00010] [jakarta.enterprise.logging] [tid: _ThreadID=65 _ThreadName=RunLevelControllerThread-1764861244321] [timeMillis: 1764861244432] [levelValue: 800] [[
  Server log file is using Formatter class: com.sun.enterprise.server.logging.ODLLogFormatter]]

[2025-12-04T09:14:04.907-0600] [Payara 7.2025.1] [INFORMACIÓN] [] [org.glassfish.ha.store.spi.BackingStoreFactoryRegistry] [tid: _ThreadID=66 _ThreadName=RunLevelControllerThread-1764861244325] [timeMillis: 1764861244907] [levelValue: 800] [[
  Registered fish.payara.ha.hazelcast.store.HazelcastBackingStoreFactoryProxy for persistence-type = hazelcast in BackingStoreFactoryRegistry]]

[2025-12-04T09:14:08.749-0600] [Payara 7.2025.1] [INFORMACIÓN] [] [fish.payara.nucleus.hazelcast.HazelcastCore] [tid: _ThreadID=67 _ThreadName=RunLevelControllerThread-1764861244326] [timeMillis: 1764861248749] [levelValue: 800] [[
  Hazelcast Instance Bound to JNDI at payara/Hazelcast]]

[2025-12-04T09:14:08.750-0600] [Payara 7.2025.1] [INFORMACIÓN] [] [fish.payara.nucleus.hazelcast.HazelcastCore] [tid: _ThreadID=67 _ThreadName=RunLevelControllerThread-1764861244326] [timeMillis: 1764861248750] [levelValue: 800] [[
  JSR107 Caching Provider Bound to JNDI at payara/CachingProvider]]

[2025-12-04T09:14:08.750-0600] [Payara 7.2025.1] [INFORMACIÓN] [] [fish.payara.nucleus.hazelcast.HazelcastCore] [tid: _ThreadID=67 _ThreadName=RunLevelControllerThread-1764861244326] [timeMillis: 1764861248750] [levelValue: 800] [[
  JSR107 Default Cache Manager Bound to JNDI at payara/CacheManager]]

[2025-12-04T09:14:08.828-0600] [Payara 7.2025.1] [INFORMACIÓN] [NCLS-CORE-00101] [javax.enterprise.system.core] [tid: _ThreadID=64 _ThreadName=RunLevelControllerThread-1764861244320] [timeMillis: 1764861248828] [levelValue: 800] [[
  Network Listener http-listener-1 started in: 9ms - bound to [/0.0.0.0:8080]]]

[2025-12-04T09:14:08.859-0600] [Payara 7.2025.1] [INFORMACIÓN] [NCLS-CORE-00101] [javax.enterprise.system.core] [tid: _ThreadID=64 _ThreadName=RunLevelControllerThread-1764861244320] [timeMillis: 1764861248859] [levelValue: 800] [[
  Network Listener http-listener-2 started in: 2ms - bound to [/0.0.0.0:8181]]]

[2025-12-04T09:14:08.871-0600] [Payara 7.2025.1] [INFORMACIÓN] [NCLS-CORE-00101] [javax.enterprise.system.core] [tid: _ThreadID=64 _ThreadName=RunLevelControllerThread-1764861244320] [timeMillis: 1764861248871] [levelValue: 800] [[
  Network Listener admin-listener started in: 3ms - bound to [/0.0.0.0:4848]]]

[2025-12-04T09:14:08.873-0600] [Payara 7.2025.1] [INFORMACIÓN] [NCLS-CORE-00087] [javax.enterprise.system.core] [tid: _ThreadID=64 _ThreadName=RunLevelControllerThread-1764861244320] [timeMillis: 1764861248873] [levelValue: 800] [[
  Grizzly 4.1.0 started in: 4116ms - bound to [http-listener-1:8080, http-listener-2:8181, admin-listener:4848]]]

[2025-12-04T09:14:08.883-0600] [Payara 7.2025.1] [INFO] [] [org.hibernate.validator.internal.util.Version] [tid: _ThreadID=67 _ThreadName=RunLevelControllerThread-1764861244326] [timeMillis: 1764861248883] [levelValue: 800] [[
  HV000001: Hibernate Validator 9.0.1.Final.payara-p1]]

[2025-12-04T09:14:08.946-0600] [Payara 7.2025.1] [INFORMACIÓN] [NCLS-CORE-00101] [javax.enterprise.system.core] [tid: _ThreadID=65 _ThreadName=RunLevelControllerThread-1764861244321] [timeMillis: 1764861248946] [levelValue: 800] [[
  Network Listener iiop-service started in: 2ms - bound to [/0.0.0.0:3700]]]

[2025-12-04T09:14:09.223-0600] [Payara 7.2025.1] [INFORMACIÓN] [] [io.opentelemetry.api.GlobalOpenTelemetry] [tid: _ThreadID=67 _ThreadName=RunLevelControllerThread-1764861244326] [timeMillis: 1764861249223] [levelValue: 800] [[
  AutoConfiguredOpenTelemetrySdk found on classpath but automatic configuration is disabled. To enable, run your JVM with -Dotel.java.global-autoconfigure.enabled=true]]

[2025-12-04T09:14:09.261-0600] [Payara 7.2025.1] [INFORMACIÓN] [] [fish.payara.nucleus.cluster.PayaraCluster] [tid: _ThreadID=166 _ThreadName=Executor-Service-6] [timeMillis: 1764861249261] [levelValue: 800] [[
  Data Grid Status 
Payara Data Grid State: DG Version: 5 DG Name: development DG Size: 1
Instances: {
 DataGrid: development Name: server Lite: false This: true UUID: ee89bed9-2f0a-4ed5-ad84-79d89df4a14d Address: /26.26.165.78:4900
}]]

[2025-12-04T09:14:09.262-0600] [Payara 7.2025.1] [INFORMACIÓN] [NCLS-CORE-00017] [javax.enterprise.system.core] [tid: _ThreadID=1 _ThreadName=main] [timeMillis: 1764861249262] [levelValue: 800] [[
  Payara Server 7.2025.1 (21) startup time : Felix (11782ms), startup services(4944ms), total(16726ms)]]

[2025-12-04T09:14:09.318-0600] [Payara 7.2025.1] [INFORMACIÓN] [] [fish.payara.nucleus.notification.NotificationService] [tid: _ThreadID=1 _ThreadName=main] [timeMillis: 1764861249318] [levelValue: 800] [[
  Payara Notification Service bootstrapped.]]

[2025-12-04T09:14:09.449-0600] [Payara 7.2025.1] [INFORMACIÓN] [NCLS-CORE-00101] [javax.enterprise.system.core] [tid: _ThreadID=66 _ThreadName=RunLevelControllerThread-1764861244325] [timeMillis: 1764861249449] [levelValue: 800] [[
  Network Listener JMS_PROXY_default_JMS_host started in: 2ms - bound to [/0.0.0.0:7676]]]

[2025-12-04T09:14:09.454-0600] [Payara 7.2025.1] [INFORMACIÓN] [NCLS-JMX-00005] [javax.enterprise.system.jmx] [tid: _ThreadID=176 _ThreadName=Thread-11] [timeMillis: 1764861249454] [levelValue: 800] [[
  JMXStartupService has started JMXConnector on JMXService URL service:jmx:rmi://0.0.0.0:8686/jndi/rmi://0.0.0.0:8686/jmxrmi]]

[2025-12-04T09:14:09.551-0600] [Payara 7.2025.1] [INFORMACIÓN] [] [org.jvnet.hk2.osgiadapter] [tid: _ThreadID=51 _ThreadName=FelixStartLevel] [timeMillis: 1764861249551] [levelValue: 800] [[
  Skipping registration of inhabitant for service reference [org.osgi.service.metatype.MetaTypeProvider] as the service object could not be obtained.]]

[2025-12-04T09:14:13.172-0600] [Payara 7.2025.1] [INFORMACIÓN] [] [javax.enterprise.system.core] [tid: _ThreadID=213 _ThreadName=Thread-23] [timeMillis: 1764861253172] [levelValue: 800] [[
  No deployment transformer implementation found.]]

[2025-12-04T09:14:13.393-0600] [Payara 7.2025.1] [INFORMACIÓN] [] [javax.enterprise.system.core] [tid: _ThreadID=215 _ThreadName=admin-thread-pool::admin-listener(3)] [timeMillis: 1764861253393] [levelValue: 800] [[
  No deployment transformer implementation found.]]

[2025-12-04T09:14:13.527-0600] [Payara 7.2025.1] [INFORMACIÓN] [NCLS-SECURITY-01143] [javax.enterprise.system.core.security] [tid: _ThreadID=213 _ThreadName=Thread-23] [timeMillis: 1764861253527] [levelValue: 800] [[
  Loading policy provider org.glassfish.exousia.modules.def.DefaultPolicy.]]

[2025-12-04T09:14:13.538-0600] [Payara 7.2025.1] [INFORMACIÓN] [NCLS-SECURITY-01002] [javax.enterprise.system.core.security] [tid: _ThreadID=213 _ThreadName=Thread-23] [timeMillis: 1764861253538] [levelValue: 800] [[
  Java security manager is disabled.]]

[2025-12-04T09:14:13.539-0600] [Payara 7.2025.1] [INFORMACIÓN] [NCLS-SECURITY-01010] [javax.enterprise.system.core.security] [tid: _ThreadID=213 _ThreadName=Thread-23] [timeMillis: 1764861253539] [levelValue: 800] [[
  Entering Security Startup Service.]]

[2025-12-04T09:14:13.550-0600] [Payara 7.2025.1] [INFORMACIÓN] [NCLS-SECURITY-01011] [javax.enterprise.system.core.security] [tid: _ThreadID=213 _ThreadName=Thread-23] [timeMillis: 1764861253550] [levelValue: 800] [[
  Security Service(s) started successfully.]]

[2025-12-04T09:14:13.651-0600] [Payara 7.2025.1] [INFORMACIÓN] [AS-WEB-GLUE-00198] [jakarta.enterprise.web] [tid: _ThreadID=213 _ThreadName=Thread-23] [timeMillis: 1764861253651] [levelValue: 800] [[
  Created HTTP listener http-listener-1 on host/port 0.0.0.0:8080]]

[2025-12-04T09:14:13.655-0600] [Payara 7.2025.1] [INFORMACIÓN] [AS-WEB-GLUE-00198] [jakarta.enterprise.web] [tid: _ThreadID=213 _ThreadName=Thread-23] [timeMillis: 1764861253655] [levelValue: 800] [[
  Created HTTP listener http-listener-2 on host/port 0.0.0.0:8181]]

[2025-12-04T09:14:13.658-0600] [Payara 7.2025.1] [INFORMACIÓN] [AS-WEB-GLUE-00198] [jakarta.enterprise.web] [tid: _ThreadID=213 _ThreadName=Thread-23] [timeMillis: 1764861253658] [levelValue: 800] [[
  Created HTTP listener admin-listener on host/port 0.0.0.0:4848]]

[2025-12-04T09:14:13.675-0600] [Payara 7.2025.1] [INFORMACIÓN] [AS-WEB-GLUE-00200] [jakarta.enterprise.web] [tid: _ThreadID=213 _ThreadName=Thread-23] [timeMillis: 1764861253675] [levelValue: 800] [[
  Created virtual server server]]

[2025-12-04T09:14:13.677-0600] [Payara 7.2025.1] [INFORMACIÓN] [AS-WEB-GLUE-00200] [jakarta.enterprise.web] [tid: _ThreadID=213 _ThreadName=Thread-23] [timeMillis: 1764861253677] [levelValue: 800] [[
  Created virtual server __asadmin]]

[2025-12-04T09:14:13.814-0600] [Payara 7.2025.1] [INFORMACIÓN] [AS-WEB-GLUE-00201] [jakarta.enterprise.web] [tid: _ThreadID=213 _ThreadName=Thread-23] [timeMillis: 1764861253814] [levelValue: 800] [[
  Virtual server server loaded default web module ]]

[2025-12-04T09:14:14.805-0600] [Payara 7.2025.1] [INFO] [] [org.jboss.weld.Version] [tid: _ThreadID=213 _ThreadName=Thread-23] [timeMillis: 1764861254805] [levelValue: 800] [[
  WELD-000900: 6.0.3 (Final)]]

[2025-12-04T09:14:15.765-0600] [Payara 7.2025.1] [GRAVE] [] [javax.enterprise.system.core] [tid: _ThreadID=215 _ThreadName=admin-thread-pool::admin-listener(3)] [timeMillis: 1764861255765] [levelValue: 1000] [[
  Exception while invoking class org.glassfish.persistence.jpa.JPADeployer prepare method]]

[2025-12-04T09:14:15.766-0600] [Payara 7.2025.1] [GRAVE] [] [javax.enterprise.system.core] [tid: _ThreadID=215 _ThreadName=admin-thread-pool::admin-listener(3)] [timeMillis: 1764861255766] [levelValue: 1000] [[
  Exception while preparing the app]]

[2025-12-04T09:14:15.766-0600] [Payara 7.2025.1] [GRAVE] [NCLS-CORE-00026] [javax.enterprise.system.core] [tid: _ThreadID=215 _ThreadName=admin-thread-pool::admin-listener(3)] [timeMillis: 1764861255766] [levelValue: 1000] [[
  Exception during lifecycle processing
jakarta.persistence.PersistenceException: Exception [EclipseLink-28018] (Eclipse Persistence Services - 5.0.0-B08.payara-p1.v202511041741-60b8f7dca8141786130b4d36785fdcc926eb8cff): org.eclipse.persistence.exceptions.EntityManagerSetupException
Exception Description: Predeployment of PersistenceUnit [my_persistence_unit] failed.
Internal Exception: Exception [EclipseLink-7161] (Eclipse Persistence Services - 5.0.0-B08.payara-p1.v202511041741-60b8f7dca8141786130b4d36785fdcc926eb8cff): org.eclipse.persistence.exceptions.ValidationException
Exception Description: Entity class [class com.sergio.inventarios.model.Usuario] has no primary key specified. It should define either an @Id, @EmbeddedId or an @IdClass. If you have defined PK using any of these annotations then make sure that you do not have mixed access-type (both fields and properties annotated) in your entity class hierarchy.
	at org.eclipse.persistence.internal.jpa.EntityManagerSetupImpl.createPredeployFailedPersistenceException(EntityManagerSetupImpl.java:2170)
	at org.eclipse.persistence.internal.jpa.EntityManagerSetupImpl.predeploy(EntityManagerSetupImpl.java:2146)
	at org.eclipse.persistence.jpa.PersistenceProvider.createContainerEntityManagerFactoryImpl(PersistenceProvider.java:424)
	at org.eclipse.persistence.jpa.PersistenceProvider.createContainerEntityManagerFactory(PersistenceProvider.java:388)
	at org.glassfish.persistence.jpa.PersistenceUnitLoader.loadPU(PersistenceUnitLoader.java:207)
	at org.glassfish.persistence.jpa.PersistenceUnitLoader.<init>(PersistenceUnitLoader.java:114)
	at org.glassfish.persistence.jpa.JPADeployer.loadPersistenceUnit(JPADeployer.java:265)
	at org.glassfish.persistence.jpa.JPADeployer.createEMFs(JPADeployer.java:205)
	at org.glassfish.persistence.jpa.JPADeployer.prepare(JPADeployer.java:187)
	at com.sun.enterprise.v3.server.ApplicationLifecycle.prepareModule(ApplicationLifecycle.java:1249)
	at com.sun.enterprise.v3.server.ApplicationLifecycle.prepare(ApplicationLifecycle.java:505)
	at org.glassfish.deployment.admin.DeployCommand.execute(DeployCommand.java:569)
	at com.sun.enterprise.v3.admin.CommandRunnerImpl$2$1.run(CommandRunnerImpl.java:558)
	at com.sun.enterprise.v3.admin.CommandRunnerImpl$2$1.run(CommandRunnerImpl.java:554)
	at java.base/java.security.AccessController.doPrivileged(AccessController.java:400)
	at java.base/javax.security.auth.Subject.doAs(Subject.java:453)
	at com.sun.enterprise.v3.admin.CommandRunnerImpl$2.execute(CommandRunnerImpl.java:553)
	at com.sun.enterprise.v3.admin.CommandRunnerImpl$3.run(CommandRunnerImpl.java:584)
	at com.sun.enterprise.v3.admin.CommandRunnerImpl$3.run(CommandRunnerImpl.java:576)
	at java.base/java.security.AccessController.doPrivileged(AccessController.java:400)
	at java.base/javax.security.auth.Subject.doAs(Subject.java:453)
	at com.sun.enterprise.v3.admin.CommandRunnerImpl.doCommand(CommandRunnerImpl.java:575)
	at com.sun.enterprise.v3.admin.CommandRunnerImpl.doCommand(CommandRunnerImpl.java:1499)
	at com.sun.enterprise.v3.admin.CommandRunnerImpl$ExecutionContext.execute(CommandRunnerImpl.java:1881)
	at com.sun.enterprise.v3.admin.CommandRunnerImpl$ExecutionContext.execute(CommandRunnerImpl.java:1757)
	at com.sun.enterprise.v3.admin.AdminAdapter.doCommand(AdminAdapter.java:605)
	at com.sun.enterprise.v3.admin.AdminAdapter.onMissingResource(AdminAdapter.java:257)
	at org.glassfish.grizzly.http.server.StaticHttpHandlerBase.service(StaticHttpHandlerBase.java:150)
	at com.sun.enterprise.v3.services.impl.ContainerMapper$HttpHandlerCallable.call(ContainerMapper.java:520)
	at com.sun.enterprise.v3.services.impl.ContainerMapper.service(ContainerMapper.java:217)
	at org.glassfish.grizzly.http.server.HttpHandler.runService(HttpHandler.java:174)
	at org.glassfish.grizzly.http.server.HttpHandler.doHandle(HttpHandler.java:153)
	at org.glassfish.grizzly.http.server.HttpServerFilter.handleRead(HttpServerFilter.java:196)
	at org.glassfish.grizzly.filterchain.ExecutorResolver$9.execute(ExecutorResolver.java:88)
	at org.glassfish.grizzly.filterchain.DefaultFilterChain.executeFilter(DefaultFilterChain.java:246)
	at org.glassfish.grizzly.filterchain.DefaultFilterChain.executeChainPart(DefaultFilterChain.java:178)
	at org.glassfish.grizzly.filterchain.DefaultFilterChain.execute(DefaultFilterChain.java:118)
	at org.glassfish.grizzly.filterchain.DefaultFilterChain.process(DefaultFilterChain.java:96)
	at org.glassfish.grizzly.ProcessorExecutor.execute(ProcessorExecutor.java:51)
	at org.glassfish.grizzly.nio.transport.TCPNIOTransport.fireIOEvent(TCPNIOTransport.java:510)
	at org.glassfish.grizzly.strategies.AbstractIOStrategy.fireIOEvent(AbstractIOStrategy.java:82)
	at org.glassfish.grizzly.strategies.WorkerThreadIOStrategy.run0(WorkerThreadIOStrategy.java:83)
	at org.glassfish.grizzly.strategies.WorkerThreadIOStrategy$WorkerThreadRunnable.run(WorkerThreadIOStrategy.java:101)
	at org.glassfish.grizzly.threadpool.AbstractThreadPool$Worker.doWork(AbstractThreadPool.java:535)
	at org.glassfish.grizzly.threadpool.AbstractThreadPool$Worker.run(AbstractThreadPool.java:515)
	at java.base/java.lang.Thread.run(Thread.java:1583)
Caused by: Exception [EclipseLink-28018] (Eclipse Persistence Services - 5.0.0-B08.payara-p1.v202511041741-60b8f7dca8141786130b4d36785fdcc926eb8cff): org.eclipse.persistence.exceptions.EntityManagerSetupException
Exception Description: Predeployment of PersistenceUnit [my_persistence_unit] failed.
Internal Exception: Exception [EclipseLink-7161] (Eclipse Persistence Services - 5.0.0-B08.payara-p1.v202511041741-60b8f7dca8141786130b4d36785fdcc926eb8cff): org.eclipse.persistence.exceptions.ValidationException
Exception Description: Entity class [class com.sergio.inventarios.model.Usuario] has no primary key specified. It should define either an @Id, @EmbeddedId or an @IdClass. If you have defined PK using any of these annotations then make sure that you do not have mixed access-type (both fields and properties annotated) in your entity class hierarchy.
	at org.eclipse.persistence.exceptions.EntityManagerSetupException.predeployFailed(EntityManagerSetupException.java:233)
	... 46 more
Caused by: Exception [EclipseLink-7161] (Eclipse Persistence Services - 5.0.0-B08.payara-p1.v202511041741-60b8f7dca8141786130b4d36785fdcc926eb8cff): org.eclipse.persistence.exceptions.ValidationException
Exception Description: Entity class [class com.sergio.inventarios.model.Usuario] has no primary key specified. It should define either an @Id, @EmbeddedId or an @IdClass. If you have defined PK using any of these annotations then make sure that you do not have mixed access-type (both fields and properties annotated) in your entity class hierarchy.
	at org.eclipse.persistence.exceptions.ValidationException.noPrimaryKeyAnnotationsFound(ValidationException.java:1444)
	at org.eclipse.persistence.internal.jpa.metadata.accessors.classes.EntityAccessor.validatePrimaryKey(EntityAccessor.java:1542)
	at org.eclipse.persistence.internal.jpa.metadata.accessors.classes.EntityAccessor.processMappingAccessors(EntityAccessor.java:1249)
	at org.eclipse.persistence.internal.jpa.metadata.accessors.classes.EntityAccessor.process(EntityAccessor.java:699)
	at org.eclipse.persistence.internal.jpa.metadata.MetadataProject.processStage2(MetadataProject.java:1919)
	at org.eclipse.persistence.internal.jpa.metadata.MetadataProcessor.processORMMetadata(MetadataProcessor.java:599)
	at org.eclipse.persistence.internal.jpa.deployment.PersistenceUnitProcessor.processORMetadata(PersistenceUnitProcessor.java:640)
	at org.eclipse.persistence.internal.jpa.EntityManagerSetupImpl.predeploy(EntityManagerSetupImpl.java:2067)
	... 44 more
]]

[2025-12-04T09:14:15.781-0600] [Payara 7.2025.1] [GRAVE] [] [javax.enterprise.system.core] [tid: _ThreadID=215 _ThreadName=admin-thread-pool::admin-listener(3)] [timeMillis: 1764861255781] [levelValue: 1000] [[
  Exception while preparing the app : Exception [EclipseLink-28018] (Eclipse Persistence Services - 5.0.0-B08.payara-p1.v202511041741-60b8f7dca8141786130b4d36785fdcc926eb8cff): org.eclipse.persistence.exceptions.EntityManagerSetupException
Exception Description: Predeployment of PersistenceUnit [my_persistence_unit] failed.
Internal Exception: Exception [EclipseLink-7161] (Eclipse Persistence Services - 5.0.0-B08.payara-p1.v202511041741-60b8f7dca8141786130b4d36785fdcc926eb8cff): org.eclipse.persistence.exceptions.ValidationException
Exception Description: Entity class [class com.sergio.inventarios.model.Usuario] has no primary key specified. It should define either an @Id, @EmbeddedId or an @IdClass. If you have defined PK using any of these annotations then make sure that you do not have mixed access-type (both fields and properties annotated) in your entity class hierarchy.
Local Exception Stack: 
Exception [EclipseLink-28018] (Eclipse Persistence Services - 5.0.0-B08.payara-p1.v202511041741-60b8f7dca8141786130b4d36785fdcc926eb8cff): org.eclipse.persistence.exceptions.EntityManagerSetupException
Exception Description: Predeployment of PersistenceUnit [my_persistence_unit] failed.
Internal Exception: Exception [EclipseLink-7161] (Eclipse Persistence Services - 5.0.0-B08.payara-p1.v202511041741-60b8f7dca8141786130b4d36785fdcc926eb8cff): org.eclipse.persistence.exceptions.ValidationException
Exception Description: Entity class [class com.sergio.inventarios.model.Usuario] has no primary key specified. It should define either an @Id, @EmbeddedId or an @IdClass. If you have defined PK using any of these annotations then make sure that you do not have mixed access-type (both fields and properties annotated) in your entity class hierarchy.
	at org.eclipse.persistence.exceptions.EntityManagerSetupException.predeployFailed(EntityManagerSetupException.java:233)
	at org.eclipse.persistence.internal.jpa.EntityManagerSetupImpl.createPredeployFailedPersistenceException(EntityManagerSetupImpl.java:2170)
	at org.eclipse.persistence.internal.jpa.EntityManagerSetupImpl.predeploy(EntityManagerSetupImpl.java:2146)
	at org.eclipse.persistence.jpa.PersistenceProvider.createContainerEntityManagerFactoryImpl(PersistenceProvider.java:424)
	at org.eclipse.persistence.jpa.PersistenceProvider.createContainerEntityManagerFactory(PersistenceProvider.java:388)
	at org.glassfish.persistence.jpa.PersistenceUnitLoader.loadPU(PersistenceUnitLoader.java:207)
	at org.glassfish.persistence.jpa.PersistenceUnitLoader.<init>(PersistenceUnitLoader.java:114)
	at org.glassfish.persistence.jpa.JPADeployer.loadPersistenceUnit(JPADeployer.java:265)
	at org.glassfish.persistence.jpa.JPADeployer.createEMFs(JPADeployer.java:205)
	at org.glassfish.persistence.jpa.JPADeployer.prepare(JPADeployer.java:187)
	at com.sun.enterprise.v3.server.ApplicationLifecycle.prepareModule(ApplicationLifecycle.java:1249)
	at com.sun.enterprise.v3.server.ApplicationLifecycle.prepare(ApplicationLifecycle.java:505)
	at org.glassfish.deployment.admin.DeployCommand.execute(DeployCommand.java:569)
	at com.sun.enterprise.v3.admin.CommandRunnerImpl$2$1.run(CommandRunnerImpl.java:558)
	at com.sun.enterprise.v3.admin.CommandRunnerImpl$2$1.run(CommandRunnerImpl.java:554)
	at java.base/java.security.AccessController.doPrivileged(AccessController.java:400)
	at java.base/javax.security.auth.Subject.doAs(Subject.java:453)
	at com.sun.enterprise.v3.admin.CommandRunnerImpl$2.execute(CommandRunnerImpl.java:553)
	at com.sun.enterprise.v3.admin.CommandRunnerImpl$3.run(CommandRunnerImpl.java:584)
	at com.sun.enterprise.v3.admin.CommandRunnerImpl$3.run(CommandRunnerImpl.java:576)
	at java.base/java.security.AccessController.doPrivileged(AccessController.java:400)
	at java.base/javax.security.auth.Subject.doAs(Subject.java:453)
	at com.sun.enterprise.v3.admin.CommandRunnerImpl.doCommand(CommandRunnerImpl.java:575)
	at com.sun.enterprise.v3.admin.CommandRunnerImpl.doCommand(CommandRunnerImpl.java:1499)
	at com.sun.enterprise.v3.admin.CommandRunnerImpl$ExecutionContext.execute(CommandRunnerImpl.java:1881)
	at com.sun.enterprise.v3.admin.CommandRunnerImpl$ExecutionContext.execute(CommandRunnerImpl.java:1757)
	at com.sun.enterprise.v3.admin.AdminAdapter.doCommand(AdminAdapter.java:605)
	at com.sun.enterprise.v3.admin.AdminAdapter.onMissingResource(AdminAdapter.java:257)
	at org.glassfish.grizzly.http.server.StaticHttpHandlerBase.service(StaticHttpHandlerBase.java:150)
	at com.sun.enterprise.v3.services.impl.ContainerMapper$HttpHandlerCallable.call(ContainerMapper.java:520)
	at com.sun.enterprise.v3.services.impl.ContainerMapper.service(ContainerMapper.java:217)
	at org.glassfish.grizzly.http.server.HttpHandler.runService(HttpHandler.java:174)
	at org.glassfish.grizzly.http.server.HttpHandler.doHandle(HttpHandler.java:153)
	at org.glassfish.grizzly.http.server.HttpServerFilter.handleRead(HttpServerFilter.java:196)
	at org.glassfish.grizzly.filterchain.ExecutorResolver$9.execute(ExecutorResolver.java:88)
	at org.glassfish.grizzly.filterchain.DefaultFilterChain.executeFilter(DefaultFilterChain.java:246)
	at org.glassfish.grizzly.filterchain.DefaultFilterChain.executeChainPart(DefaultFilterChain.java:178)
	at org.glassfish.grizzly.filterchain.DefaultFilterChain.execute(DefaultFilterChain.java:118)
	at org.glassfish.grizzly.filterchain.DefaultFilterChain.process(DefaultFilterChain.java:96)
	at org.glassfish.grizzly.ProcessorExecutor.execute(ProcessorExecutor.java:51)
	at org.glassfish.grizzly.nio.transport.TCPNIOTransport.fireIOEvent(TCPNIOTransport.java:510)
	at org.glassfish.grizzly.strategies.AbstractIOStrategy.fireIOEvent(AbstractIOStrategy.java:82)
	at org.glassfish.grizzly.strategies.WorkerThreadIOStrategy.run0(WorkerThreadIOStrategy.java:83)
	at org.glassfish.grizzly.strategies.WorkerThreadIOStrategy$WorkerThreadRunnable.run(WorkerThreadIOStrategy.java:101)
	at org.glassfish.grizzly.threadpool.AbstractThreadPool$Worker.doWork(AbstractThreadPool.java:535)
	at org.glassfish.grizzly.threadpool.AbstractThreadPool$Worker.run(AbstractThreadPool.java:515)
	at java.base/java.lang.Thread.run(Thread.java:1583)
Caused by: Exception [EclipseLink-7161] (Eclipse Persistence Services - 5.0.0-B08.payara-p1.v202511041741-60b8f7dca8141786130b4d36785fdcc926eb8cff): org.eclipse.persistence.exceptions.ValidationException
Exception Description: Entity class [class com.sergio.inventarios.model.Usuario] has no primary key specified. It should define either an @Id, @EmbeddedId or an @IdClass. If you have defined PK using any of these annotations then make sure that you do not have mixed access-type (both fields and properties annotated) in your entity class hierarchy.
	at org.eclipse.persistence.exceptions.ValidationException.noPrimaryKeyAnnotationsFound(ValidationException.java:1444)
	at org.eclipse.persistence.internal.jpa.metadata.accessors.classes.EntityAccessor.validatePrimaryKey(EntityAccessor.java:1542)
	at org.eclipse.persistence.internal.jpa.metadata.accessors.classes.EntityAccessor.processMappingAccessors(EntityAccessor.java:1249)
	at org.eclipse.persistence.internal.jpa.metadata.accessors.classes.EntityAccessor.process(EntityAccessor.java:699)
	at org.eclipse.persistence.internal.jpa.metadata.MetadataProject.processStage2(MetadataProject.java:1919)
	at org.eclipse.persistence.internal.jpa.metadata.MetadataProcessor.processORMMetadata(MetadataProcessor.java:599)
	at org.eclipse.persistence.internal.jpa.deployment.PersistenceUnitProcessor.processORMetadata(PersistenceUnitProcessor.java:640)
	at org.eclipse.persistence.internal.jpa.EntityManagerSetupImpl.predeploy(EntityManagerSetupImpl.java:2067)
	... 44 more
]]

[2025-12-04T09:14:16.493-0600] [Payara 7.2025.1] [INFORMACIÓN] [NCLS-CORE-00022] [javax.enterprise.system.core] [tid: _ThreadID=213 _ThreadName=Thread-23] [timeMillis: 1764861256493] [levelValue: 800] [[
  Loading application __admingui done in 3955 ms]]

[2025-12-04T09:14:16.725-0600] [Payara 7.2025.1] [INFORMACIÓN] [] [org.glassfish.soteria.servlet.SamRegistrationInstaller] [tid: _ThreadID=213 _ThreadName=Thread-23] [timeMillis: 1764861256725] [levelValue: 800] [[
  Initializing Soteria 4.0.1.payara-p1 for context '']]

[2025-12-04T09:14:16.754-0600] [Payara 7.2025.1] [INFORMACIÓN] [faces.config.listener.version] [jakarta.enterprise.resource.webcontainer.faces.config] [tid: _ThreadID=213 _ThreadName=Thread-23] [timeMillis: 1764861256754] [levelValue: 800] [[
  Inicializando Mojarra 4.1.4.payara-p1 para el contexto '']]

[2025-12-04T09:14:17.269-0600] [Payara 7.2025.1] [INFORMACIÓN] [AS-WEB-GLUE-00172] [jakarta.enterprise.web] [tid: _ThreadID=213 _ThreadName=Thread-23] [timeMillis: 1764861257269] [levelValue: 800] [[
  Loading application [__admingui] at [/]]]

[2025-12-04T09:14:20.635-0600] [Payara 7.2025.1] [ADVERTENCIA] [] [javax.enterprise.system.container.web.com.sun.web.security] [tid: _ThreadID=149 _ThreadName=admin-thread-pool::admin-listener(1)] [timeMillis: 1764861260635] [levelValue: 900] [[
  Context path from ServletContext:  differs from path from bundle: /]]

[2025-12-04T09:14:21.460-0600] [Payara 7.2025.1] [INFORMACIÓN] [] [javax.enterprise.resource.corba.org.glassfish.enterprise.iiop.api] [tid: _ThreadID=215 _ThreadName=admin-thread-pool::admin-listener(3)] [timeMillis: 1764861261460] [levelValue: 800] [[
  GlassFishORBFactory service initialized.]]

[2025-12-04T09:14:21.850-0600] [Payara 7.2025.1] [INFORMACIÓN] [NCLS-REST-00001] [jakarta.enterprise.admin.rest] [tid: _ThreadID=215 _ThreadName=admin-thread-pool::admin-listener(3)] [timeMillis: 1764861261850] [levelValue: 800] [[
  Listening to REST requests at context: /management/domain.]]

[2025-12-04T09:15:52.152-0600] [Payara 7.2025.1] [INFORMACIÓN] [] [org.glassfish.admingui] [tid: _ThreadID=149 _ThreadName=admin-thread-pool::admin-listener(1)] [timeMillis: 1764861352152] [levelValue: 800] [[
  Redirecting to /]]

[2025-12-04T09:15:52.247-0600] [Payara 7.2025.1] [INFORMACIÓN] [] [org.glassfish.admingui] [tid: _ThreadID=234 _ThreadName=admin-thread-pool::admin-listener(4)] [timeMillis: 1764861352247] [levelValue: 800] [[
  Admin Console: Initializing Session Attributes...]]

[2025-12-04T09:16:23.500-0600] [Payara 7.2025.1] [INFORMACIÓN] [] [javax.enterprise.system.core] [tid: _ThreadID=149 _ThreadName=admin-thread-pool::admin-listener(1)] [timeMillis: 1764861383500] [levelValue: 800] [[
  No deployment transformer implementation found.]]

[2025-12-04T09:16:23.692-0600] [Payara 7.2025.1] [GRAVE] [] [javax.enterprise.system.core] [tid: _ThreadID=149 _ThreadName=admin-thread-pool::admin-listener(1)] [timeMillis: 1764861383692] [levelValue: 1000] [[
  Exception while invoking class org.glassfish.persistence.jpa.JPADeployer prepare method]]

[2025-12-04T09:16:23.693-0600] [Payara 7.2025.1] [GRAVE] [] [javax.enterprise.system.core] [tid: _ThreadID=149 _ThreadName=admin-thread-pool::admin-listener(1)] [timeMillis: 1764861383693] [levelValue: 1000] [[
  Exception while preparing the app]]

[2025-12-04T09:16:23.693-0600] [Payara 7.2025.1] [GRAVE] [NCLS-CORE-00026] [javax.enterprise.system.core] [tid: _ThreadID=149 _ThreadName=admin-thread-pool::admin-listener(1)] [timeMillis: 1764861383693] [levelValue: 1000] [[
  Exception during lifecycle processing
jakarta.persistence.PersistenceException: Exception [EclipseLink-28018] (Eclipse Persistence Services - 5.0.0-B08.payara-p1.v202511041741-60b8f7dca8141786130b4d36785fdcc926eb8cff): org.eclipse.persistence.exceptions.EntityManagerSetupException
Exception Description: Predeployment of PersistenceUnit [my_persistence_unit] failed.
Internal Exception: Exception [EclipseLink-7161] (Eclipse Persistence Services - 5.0.0-B08.payara-p1.v202511041741-60b8f7dca8141786130b4d36785fdcc926eb8cff): org.eclipse.persistence.exceptions.ValidationException
Exception Description: Entity class [class com.sergio.inventarios.model.Usuario] has no primary key specified. It should define either an @Id, @EmbeddedId or an @IdClass. If you have defined PK using any of these annotations then make sure that you do not have mixed access-type (both fields and properties annotated) in your entity class hierarchy.
	at org.eclipse.persistence.internal.jpa.EntityManagerSetupImpl.createPredeployFailedPersistenceException(EntityManagerSetupImpl.java:2170)
	at org.eclipse.persistence.internal.jpa.EntityManagerSetupImpl.predeploy(EntityManagerSetupImpl.java:2146)
	at org.eclipse.persistence.jpa.PersistenceProvider.createContainerEntityManagerFactoryImpl(PersistenceProvider.java:424)
	at org.eclipse.persistence.jpa.PersistenceProvider.createContainerEntityManagerFactory(PersistenceProvider.java:388)
	at org.glassfish.persistence.jpa.PersistenceUnitLoader.loadPU(PersistenceUnitLoader.java:207)
	at org.glassfish.persistence.jpa.PersistenceUnitLoader.<init>(PersistenceUnitLoader.java:114)
	at org.glassfish.persistence.jpa.JPADeployer.loadPersistenceUnit(JPADeployer.java:265)
	at org.glassfish.persistence.jpa.JPADeployer.createEMFs(JPADeployer.java:205)
	at org.glassfish.persistence.jpa.JPADeployer.prepare(JPADeployer.java:187)
	at com.sun.enterprise.v3.server.ApplicationLifecycle.prepareModule(ApplicationLifecycle.java:1249)
	at com.sun.enterprise.v3.server.ApplicationLifecycle.prepare(ApplicationLifecycle.java:505)
	at org.glassfish.deployment.admin.DeployCommand.execute(DeployCommand.java:569)
	at com.sun.enterprise.v3.admin.CommandRunnerImpl$2$1.run(CommandRunnerImpl.java:558)
	at com.sun.enterprise.v3.admin.CommandRunnerImpl$2$1.run(CommandRunnerImpl.java:554)
	at java.base/java.security.AccessController.doPrivileged(AccessController.java:400)
	at java.base/javax.security.auth.Subject.doAs(Subject.java:453)
	at com.sun.enterprise.v3.admin.CommandRunnerImpl$2.execute(CommandRunnerImpl.java:553)
	at com.sun.enterprise.v3.admin.CommandRunnerImpl$3.run(CommandRunnerImpl.java:584)
	at com.sun.enterprise.v3.admin.CommandRunnerImpl$3.run(CommandRunnerImpl.java:576)
	at java.base/java.security.AccessController.doPrivileged(AccessController.java:400)
	at java.base/javax.security.auth.Subject.doAs(Subject.java:453)
	at com.sun.enterprise.v3.admin.CommandRunnerImpl.doCommand(CommandRunnerImpl.java:575)
	at com.sun.enterprise.v3.admin.CommandRunnerImpl.doCommand(CommandRunnerImpl.java:1499)
	at com.sun.enterprise.v3.admin.CommandRunnerImpl$ExecutionContext.execute(CommandRunnerImpl.java:1881)
	at com.sun.enterprise.v3.admin.CommandRunnerImpl$ExecutionContext.execute(CommandRunnerImpl.java:1757)
	at com.sun.enterprise.v3.admin.AdminAdapter.doCommand(AdminAdapter.java:605)
	at com.sun.enterprise.v3.admin.AdminAdapter.onMissingResource(AdminAdapter.java:257)
	at org.glassfish.grizzly.http.server.StaticHttpHandlerBase.service(StaticHttpHandlerBase.java:150)
	at com.sun.enterprise.v3.services.impl.ContainerMapper$HttpHandlerCallable.call(ContainerMapper.java:520)
	at com.sun.enterprise.v3.services.impl.ContainerMapper.service(ContainerMapper.java:217)
	at org.glassfish.grizzly.http.server.HttpHandler.runService(HttpHandler.java:174)
	at org.glassfish.grizzly.http.server.HttpHandler.doHandle(HttpHandler.java:153)
	at org.glassfish.grizzly.http.server.HttpServerFilter.handleRead(HttpServerFilter.java:196)
	at org.glassfish.grizzly.filterchain.ExecutorResolver$9.execute(ExecutorResolver.java:88)
	at org.glassfish.grizzly.filterchain.DefaultFilterChain.executeFilter(DefaultFilterChain.java:246)
	at org.glassfish.grizzly.filterchain.DefaultFilterChain.executeChainPart(DefaultFilterChain.java:178)
	at org.glassfish.grizzly.filterchain.DefaultFilterChain.execute(DefaultFilterChain.java:118)
	at org.glassfish.grizzly.filterchain.DefaultFilterChain.process(DefaultFilterChain.java:96)
	at org.glassfish.grizzly.ProcessorExecutor.execute(ProcessorExecutor.java:51)
	at org.glassfish.grizzly.nio.transport.TCPNIOTransport.fireIOEvent(TCPNIOTransport.java:510)
	at org.glassfish.grizzly.strategies.AbstractIOStrategy.fireIOEvent(AbstractIOStrategy.java:82)
	at org.glassfish.grizzly.strategies.WorkerThreadIOStrategy.run0(WorkerThreadIOStrategy.java:83)
	at org.glassfish.grizzly.strategies.WorkerThreadIOStrategy$WorkerThreadRunnable.run(WorkerThreadIOStrategy.java:101)
	at org.glassfish.grizzly.threadpool.AbstractThreadPool$Worker.doWork(AbstractThreadPool.java:535)
	at org.glassfish.grizzly.threadpool.AbstractThreadPool$Worker.run(AbstractThreadPool.java:515)
	at java.base/java.lang.Thread.run(Thread.java:1583)
Caused by: Exception [EclipseLink-28018] (Eclipse Persistence Services - 5.0.0-B08.payara-p1.v202511041741-60b8f7dca8141786130b4d36785fdcc926eb8cff): org.eclipse.persistence.exceptions.EntityManagerSetupException
Exception Description: Predeployment of PersistenceUnit [my_persistence_unit] failed.
Internal Exception: Exception [EclipseLink-7161] (Eclipse Persistence Services - 5.0.0-B08.payara-p1.v202511041741-60b8f7dca8141786130b4d36785fdcc926eb8cff): org.eclipse.persistence.exceptions.ValidationException
Exception Description: Entity class [class com.sergio.inventarios.model.Usuario] has no primary key specified. It should define either an @Id, @EmbeddedId or an @IdClass. If you have defined PK using any of these annotations then make sure that you do not have mixed access-type (both fields and properties annotated) in your entity class hierarchy.
	at org.eclipse.persistence.exceptions.EntityManagerSetupException.predeployFailed(EntityManagerSetupException.java:233)
	... 46 more
Caused by: Exception [EclipseLink-7161] (Eclipse Persistence Services - 5.0.0-B08.payara-p1.v202511041741-60b8f7dca8141786130b4d36785fdcc926eb8cff): org.eclipse.persistence.exceptions.ValidationException
Exception Description: Entity class [class com.sergio.inventarios.model.Usuario] has no primary key specified. It should define either an @Id, @EmbeddedId or an @IdClass. If you have defined PK using any of these annotations then make sure that you do not have mixed access-type (both fields and properties annotated) in your entity class hierarchy.
	at org.eclipse.persistence.exceptions.ValidationException.noPrimaryKeyAnnotationsFound(ValidationException.java:1444)
	at org.eclipse.persistence.internal.jpa.metadata.accessors.classes.EntityAccessor.validatePrimaryKey(EntityAccessor.java:1542)
	at org.eclipse.persistence.internal.jpa.metadata.accessors.classes.EntityAccessor.processMappingAccessors(EntityAccessor.java:1249)
	at org.eclipse.persistence.internal.jpa.metadata.accessors.classes.EntityAccessor.process(EntityAccessor.java:699)
	at org.eclipse.persistence.internal.jpa.metadata.MetadataProject.processStage2(MetadataProject.java:1919)
	at org.eclipse.persistence.internal.jpa.metadata.MetadataProcessor.processORMMetadata(MetadataProcessor.java:599)
	at org.eclipse.persistence.internal.jpa.deployment.PersistenceUnitProcessor.processORMetadata(PersistenceUnitProcessor.java:640)
	at org.eclipse.persistence.internal.jpa.EntityManagerSetupImpl.predeploy(EntityManagerSetupImpl.java:2067)
	... 44 more
]]

[2025-12-04T09:16:23.704-0600] [Payara 7.2025.1] [GRAVE] [] [javax.enterprise.system.core] [tid: _ThreadID=149 _ThreadName=admin-thread-pool::admin-listener(1)] [timeMillis: 1764861383704] [levelValue: 1000] [[
  Exception while preparing the app : Exception [EclipseLink-28018] (Eclipse Persistence Services - 5.0.0-B08.payara-p1.v202511041741-60b8f7dca8141786130b4d36785fdcc926eb8cff): org.eclipse.persistence.exceptions.EntityManagerSetupException
Exception Description: Predeployment of PersistenceUnit [my_persistence_unit] failed.
Internal Exception: Exception [EclipseLink-7161] (Eclipse Persistence Services - 5.0.0-B08.payara-p1.v202511041741-60b8f7dca8141786130b4d36785fdcc926eb8cff): org.eclipse.persistence.exceptions.ValidationException
Exception Description: Entity class [class com.sergio.inventarios.model.Usuario] has no primary key specified. It should define either an @Id, @EmbeddedId or an @IdClass. If you have defined PK using any of these annotations then make sure that you do not have mixed access-type (both fields and properties annotated) in your entity class hierarchy.
Local Exception Stack: 
Exception [EclipseLink-28018] (Eclipse Persistence Services - 5.0.0-B08.payara-p1.v202511041741-60b8f7dca8141786130b4d36785fdcc926eb8cff): org.eclipse.persistence.exceptions.EntityManagerSetupException
Exception Description: Predeployment of PersistenceUnit [my_persistence_unit] failed.
Internal Exception: Exception [EclipseLink-7161] (Eclipse Persistence Services - 5.0.0-B08.payara-p1.v202511041741-60b8f7dca8141786130b4d36785fdcc926eb8cff): org.eclipse.persistence.exceptions.ValidationException
Exception Description: Entity class [class com.sergio.inventarios.model.Usuario] has no primary key specified. It should define either an @Id, @EmbeddedId or an @IdClass. If you have defined PK using any of these annotations then make sure that you do not have mixed access-type (both fields and properties annotated) in your entity class hierarchy.
	at org.eclipse.persistence.exceptions.EntityManagerSetupException.predeployFailed(EntityManagerSetupException.java:233)
	at org.eclipse.persistence.internal.jpa.EntityManagerSetupImpl.createPredeployFailedPersistenceException(EntityManagerSetupImpl.java:2170)
	at org.eclipse.persistence.internal.jpa.EntityManagerSetupImpl.predeploy(EntityManagerSetupImpl.java:2146)
	at org.eclipse.persistence.jpa.PersistenceProvider.createContainerEntityManagerFactoryImpl(PersistenceProvider.java:424)
	at org.eclipse.persistence.jpa.PersistenceProvider.createContainerEntityManagerFactory(PersistenceProvider.java:388)
	at org.glassfish.persistence.jpa.PersistenceUnitLoader.loadPU(PersistenceUnitLoader.java:207)
	at org.glassfish.persistence.jpa.PersistenceUnitLoader.<init>(PersistenceUnitLoader.java:114)
	at org.glassfish.persistence.jpa.JPADeployer.loadPersistenceUnit(JPADeployer.java:265)
	at org.glassfish.persistence.jpa.JPADeployer.createEMFs(JPADeployer.java:205)
	at org.glassfish.persistence.jpa.JPADeployer.prepare(JPADeployer.java:187)
	at com.sun.enterprise.v3.server.ApplicationLifecycle.prepareModule(ApplicationLifecycle.java:1249)
	at com.sun.enterprise.v3.server.ApplicationLifecycle.prepare(ApplicationLifecycle.java:505)
	at org.glassfish.deployment.admin.DeployCommand.execute(DeployCommand.java:569)
	at com.sun.enterprise.v3.admin.CommandRunnerImpl$2$1.run(CommandRunnerImpl.java:558)
	at com.sun.enterprise.v3.admin.CommandRunnerImpl$2$1.run(CommandRunnerImpl.java:554)
	at java.base/java.security.AccessController.doPrivileged(AccessController.java:400)
	at java.base/javax.security.auth.Subject.doAs(Subject.java:453)
	at com.sun.enterprise.v3.admin.CommandRunnerImpl$2.execute(CommandRunnerImpl.java:553)
	at com.sun.enterprise.v3.admin.CommandRunnerImpl$3.run(CommandRunnerImpl.java:584)
	at com.sun.enterprise.v3.admin.CommandRunnerImpl$3.run(CommandRunnerImpl.java:576)
	at java.base/java.security.AccessController.doPrivileged(AccessController.java:400)
	at java.base/javax.security.auth.Subject.doAs(Subject.java:453)
	at com.sun.enterprise.v3.admin.CommandRunnerImpl.doCommand(CommandRunnerImpl.java:575)
	at com.sun.enterprise.v3.admin.CommandRunnerImpl.doCommand(CommandRunnerImpl.java:1499)
	at com.sun.enterprise.v3.admin.CommandRunnerImpl$ExecutionContext.execute(CommandRunnerImpl.java:1881)
	at com.sun.enterprise.v3.admin.CommandRunnerImpl$ExecutionContext.execute(CommandRunnerImpl.java:1757)
	at com.sun.enterprise.v3.admin.AdminAdapter.doCommand(AdminAdapter.java:605)
	at com.sun.enterprise.v3.admin.AdminAdapter.onMissingResource(AdminAdapter.java:257)
	at org.glassfish.grizzly.http.server.StaticHttpHandlerBase.service(StaticHttpHandlerBase.java:150)
	at com.sun.enterprise.v3.services.impl.ContainerMapper$HttpHandlerCallable.call(ContainerMapper.java:520)
	at com.sun.enterprise.v3.services.impl.ContainerMapper.service(ContainerMapper.java:217)
	at org.glassfish.grizzly.http.server.HttpHandler.runService(HttpHandler.java:174)
	at org.glassfish.grizzly.http.server.HttpHandler.doHandle(HttpHandler.java:153)
	at org.glassfish.grizzly.http.server.HttpServerFilter.handleRead(HttpServerFilter.java:196)
	at org.glassfish.grizzly.filterchain.ExecutorResolver$9.execute(ExecutorResolver.java:88)
	at org.glassfish.grizzly.filterchain.DefaultFilterChain.executeFilter(DefaultFilterChain.java:246)
	at org.glassfish.grizzly.filterchain.DefaultFilterChain.executeChainPart(DefaultFilterChain.java:178)
	at org.glassfish.grizzly.filterchain.DefaultFilterChain.execute(DefaultFilterChain.java:118)
	at org.glassfish.grizzly.filterchain.DefaultFilterChain.process(DefaultFilterChain.java:96)
	at org.glassfish.grizzly.ProcessorExecutor.execute(ProcessorExecutor.java:51)
	at org.glassfish.grizzly.nio.transport.TCPNIOTransport.fireIOEvent(TCPNIOTransport.java:510)
	at org.glassfish.grizzly.strategies.AbstractIOStrategy.fireIOEvent(AbstractIOStrategy.java:82)
	at org.glassfish.grizzly.strategies.WorkerThreadIOStrategy.run0(WorkerThreadIOStrategy.java:83)
	at org.glassfish.grizzly.strategies.WorkerThreadIOStrategy$WorkerThreadRunnable.run(WorkerThreadIOStrategy.java:101)
	at org.glassfish.grizzly.threadpool.AbstractThreadPool$Worker.doWork(AbstractThreadPool.java:535)
	at org.glassfish.grizzly.threadpool.AbstractThreadPool$Worker.run(AbstractThreadPool.java:515)
	at java.base/java.lang.Thread.run(Thread.java:1583)
Caused by: Exception [EclipseLink-7161] (Eclipse Persistence Services - 5.0.0-B08.payara-p1.v202511041741-60b8f7dca8141786130b4d36785fdcc926eb8cff): org.eclipse.persistence.exceptions.ValidationException
Exception Description: Entity class [class com.sergio.inventarios.model.Usuario] has no primary key specified. It should define either an @Id, @EmbeddedId or an @IdClass. If you have defined PK using any of these annotations then make sure that you do not have mixed access-type (both fields and properties annotated) in your entity class hierarchy.
	at org.eclipse.persistence.exceptions.ValidationException.noPrimaryKeyAnnotationsFound(ValidationException.java:1444)
	at org.eclipse.persistence.internal.jpa.metadata.accessors.classes.EntityAccessor.validatePrimaryKey(EntityAccessor.java:1542)
	at org.eclipse.persistence.internal.jpa.metadata.accessors.classes.EntityAccessor.processMappingAccessors(EntityAccessor.java:1249)
	at org.eclipse.persistence.internal.jpa.metadata.accessors.classes.EntityAccessor.process(EntityAccessor.java:699)
	at org.eclipse.persistence.internal.jpa.metadata.MetadataProject.processStage2(MetadataProject.java:1919)
	at org.eclipse.persistence.internal.jpa.metadata.MetadataProcessor.processORMMetadata(MetadataProcessor.java:599)
	at org.eclipse.persistence.internal.jpa.deployment.PersistenceUnitProcessor.processORMetadata(PersistenceUnitProcessor.java:640)
	at org.eclipse.persistence.internal.jpa.EntityManagerSetupImpl.predeploy(EntityManagerSetupImpl.java:2067)
	... 44 more
]]

[2025-12-04T09:18:58.569-0600] [Payara 7.2025.1] [INFORMACIÓN] [NCLS-CORE-00092] [javax.enterprise.system.core] [tid: _ThreadID=252 _ThreadName=Thread-26] [timeMillis: 1764861538569] [levelValue: 800] [[
  Server shutdown initiated]]

[2025-12-04T09:18:58.575-0600] [Payara 7.2025.1] [INFORMACIÓN] [] [] [tid: _ThreadID=252 _ThreadName=Thread-26] [timeMillis: 1764861538575] [levelValue: 800] [[
  FileMonitoring shutdown]]

[2025-12-04T09:18:58.584-0600] [Payara 7.2025.1] [INFORMACIÓN] [NCLS-JMX-00002] [javax.enterprise.system.jmx] [tid: _ThreadID=252 _ThreadName=Thread-26] [timeMillis: 1764861538584] [levelValue: 800] [[
  JMXStartupService: Stopped JMXConnectorServer: null]]

[2025-12-04T09:18:58.584-0600] [Payara 7.2025.1] [INFORMACIÓN] [NCLS-JMX-00001] [javax.enterprise.system.jmx] [tid: _ThreadID=252 _ThreadName=Thread-26] [timeMillis: 1764861538584] [levelValue: 800] [[
  JMXStartupService and JMXConnectors have been shut down.]]

[2025-12-04T09:18:58.614-0600] [Payara 7.2025.1] [GRAVE] [] [jakarta.enterprise.web.util] [tid: _ThreadID=255 _ThreadName=RunLevelControllerThread-1764861538585] [timeMillis: 1764861538614] [levelValue: 1000] [[
  The web application [] created a ThreadLocal with key of type [java.lang.ThreadLocal] (value [java.lang.ThreadLocal@3e3d01c4]) and a value of type [org.glassfish.admingui.theme.AdminguiThemeContext] (value [org.glassfish.admingui.theme.AdminguiThemeContext@2c13330f]) but failed to remove it when the web application was stopped. Threads are going to be renewed over time to try and avoid a probable memory leak.]]

[2025-12-04T09:18:58.614-0600] [Payara 7.2025.1] [GRAVE] [] [jakarta.enterprise.web.util] [tid: _ThreadID=255 _ThreadName=RunLevelControllerThread-1764861538585] [timeMillis: 1764861538614] [levelValue: 1000] [[
  The web application [] created a ThreadLocal with key of type [java.lang.ThreadLocal] (value [java.lang.ThreadLocal@3e3d01c4]) and a value of type [org.glassfish.admingui.theme.AdminguiThemeContext] (value [org.glassfish.admingui.theme.AdminguiThemeContext@2c13330f]) but failed to remove it when the web application was stopped. Threads are going to be renewed over time to try and avoid a probable memory leak.]]

[2025-12-04T09:18:58.616-0600] [Payara 7.2025.1] [GRAVE] [] [jakarta.enterprise.web.util] [tid: _ThreadID=255 _ThreadName=RunLevelControllerThread-1764861538585] [timeMillis: 1764861538616] [levelValue: 1000] [[
  The web application [] created a ThreadLocal with key of type [java.lang.ThreadLocal] (value [java.lang.ThreadLocal@3e3d01c4]) and a value of type [org.glassfish.admingui.theme.AdminguiThemeContext] (value [org.glassfish.admingui.theme.AdminguiThemeContext@2c13330f]) but failed to remove it when the web application was stopped. Threads are going to be renewed over time to try and avoid a probable memory leak.]]

[2025-12-04T09:18:58.616-0600] [Payara 7.2025.1] [GRAVE] [] [jakarta.enterprise.web.util] [tid: _ThreadID=255 _ThreadName=RunLevelControllerThread-1764861538585] [timeMillis: 1764861538616] [levelValue: 1000] [[
  The web application [] created a ThreadLocal with key of type [java.lang.ThreadLocal] (value [java.lang.ThreadLocal@3e3d01c4]) and a value of type [org.glassfish.admingui.theme.AdminguiThemeContext] (value [org.glassfish.admingui.theme.AdminguiThemeContext@2c13330f]) but failed to remove it when the web application was stopped. Threads are going to be renewed over time to try and avoid a probable memory leak.]]

[2025-12-04T09:18:58.616-0600] [Payara 7.2025.1] [GRAVE] [] [jakarta.enterprise.web.util] [tid: _ThreadID=255 _ThreadName=RunLevelControllerThread-1764861538585] [timeMillis: 1764861538616] [levelValue: 1000] [[
  The web application [] created a ThreadLocal with key of type [java.lang.ThreadLocal] (value [java.lang.ThreadLocal@3e3d01c4]) and a value of type [org.glassfish.admingui.theme.AdminguiThemeContext] (value [org.glassfish.admingui.theme.AdminguiThemeContext@2c13330f]) but failed to remove it when the web application was stopped. Threads are going to be renewed over time to try and avoid a probable memory leak.]]

[2025-12-04T09:18:58.616-0600] [Payara 7.2025.1] [GRAVE] [] [jakarta.enterprise.web.util] [tid: _ThreadID=255 _ThreadName=RunLevelControllerThread-1764861538585] [timeMillis: 1764861538616] [levelValue: 1000] [[
  The web application [] created a ThreadLocal with key of type [java.lang.ThreadLocal] (value [java.lang.ThreadLocal@3e3d01c4]) and a value of type [org.glassfish.admingui.theme.AdminguiThemeContext] (value [org.glassfish.admingui.theme.AdminguiThemeContext@2c13330f]) but failed to remove it when the web application was stopped. Threads are going to be renewed over time to try and avoid a probable memory leak.]]

[2025-12-04T09:18:58.616-0600] [Payara 7.2025.1] [GRAVE] [] [jakarta.enterprise.web.util] [tid: _ThreadID=255 _ThreadName=RunLevelControllerThread-1764861538585] [timeMillis: 1764861538616] [levelValue: 1000] [[
  The web application [] created a ThreadLocal with key of type [java.lang.ThreadLocal] (value [java.lang.ThreadLocal@3e3d01c4]) and a value of type [org.glassfish.admingui.theme.AdminguiThemeContext] (value [org.glassfish.admingui.theme.AdminguiThemeContext@2c13330f]) but failed to remove it when the web application was stopped. Threads are going to be renewed over time to try and avoid a probable memory leak.]]

[2025-12-04T09:18:58.619-0600] [Payara 7.2025.1] [INFORMACIÓN] [] [fish.payara.nucleus.hazelcast.HazelcastCore] [tid: _ThreadID=255 _ThreadName=RunLevelControllerThread-1764861538585] [timeMillis: 1764861538619] [levelValue: 800] [[
  Hazelcast Instance Unbound from JNDI at payara/Hazelcast]]

[2025-12-04T09:18:58.619-0600] [Payara 7.2025.1] [INFORMACIÓN] [] [fish.payara.nucleus.hazelcast.HazelcastCore] [tid: _ThreadID=255 _ThreadName=RunLevelControllerThread-1764861538585] [timeMillis: 1764861538619] [levelValue: 800] [[
  JSR107 Caching Provider Unbound from JNDI at payara/CachingProvider]]

[2025-12-04T09:18:58.619-0600] [Payara 7.2025.1] [INFORMACIÓN] [] [fish.payara.nucleus.hazelcast.HazelcastCore] [tid: _ThreadID=255 _ThreadName=RunLevelControllerThread-1764861538585] [timeMillis: 1764861538619] [levelValue: 800] [[
  JSR107 Cache Manager Unbound from JNDI at payara/CacheManager]]

[2025-12-04T09:18:58.629-0600] [Payara 7.2025.1] [INFORMACIÓN] [] [fish.payara.nucleus.hazelcast.HazelcastCore] [tid: _ThreadID=255 _ThreadName=RunLevelControllerThread-1764861538585] [timeMillis: 1764861538629] [levelValue: 800] [[
  Shutdown Hazelcast]]

[2025-12-04T09:18:58.817-0600] [Payara 7.2025.1] [INFORMACIÓN] [] [] [tid: _ThreadID=265 _ThreadName=RunLevelControllerThread-1764861538810] [timeMillis: 1764861538817] [levelValue: 800] [[
  JdbcRuntimeExtension,  getAllSystemRAResourcesAndPools = [GlassFishConfigBean.org.glassfish.jdbc.config.JdbcResource, GlassFishConfigBean.org.glassfish.jdbc.config.JdbcResource, GlassFishConfigBean.org.glassfish.jdbc.config.JdbcConnectionPool, GlassFishConfigBean.org.glassfish.jdbc.config.JdbcConnectionPool]]]

[2025-12-04T09:18:58.820-0600] [Payara 7.2025.1] [INFORMACIÓN] [] [javax.enterprise.resource.resourceadapter.com.sun.enterprise.connectors.service] [tid: _ThreadID=266 _ThreadName=RA Shutdown] [timeMillis: 1764861538820] [levelValue: 800] [[
  RAR7094: __ds_jdbc_ra shutdown successful.]]

[2025-12-04T09:19:28.541-0600] [Payara 7.2025.1] [INFORMACIÓN] [NCLS-LOGGING-00009] [jakarta.enterprise.logging] [tid: _ThreadID=65 _ThreadName=RunLevelControllerThread-1764861568460] [timeMillis: 1764861568541] [levelValue: 800] [[
  Running Payara Version: Payara Server 7.2025.1 (build 21)]]

[2025-12-04T09:19:28.562-0600] [Payara 7.2025.1] [INFORMACIÓN] [NCLS-LOGGING-00010] [jakarta.enterprise.logging] [tid: _ThreadID=65 _ThreadName=RunLevelControllerThread-1764861568460] [timeMillis: 1764861568562] [levelValue: 800] [[
  Server log file is using Formatter class: com.sun.enterprise.server.logging.ODLLogFormatter]]

[2025-12-04T09:19:29.062-0600] [Payara 7.2025.1] [INFORMACIÓN] [] [org.glassfish.ha.store.spi.BackingStoreFactoryRegistry] [tid: _ThreadID=65 _ThreadName=RunLevelControllerThread-1764861568460] [timeMillis: 1764861569062] [levelValue: 800] [[
  Registered fish.payara.ha.hazelcast.store.HazelcastBackingStoreFactoryProxy for persistence-type = hazelcast in BackingStoreFactoryRegistry]]

[2025-12-04T09:19:32.879-0600] [Payara 7.2025.1] [INFORMACIÓN] [] [fish.payara.nucleus.hazelcast.HazelcastCore] [tid: _ThreadID=67 _ThreadName=RunLevelControllerThread-1764861568463] [timeMillis: 1764861572879] [levelValue: 800] [[
  Hazelcast Instance Bound to JNDI at payara/Hazelcast]]

[2025-12-04T09:19:32.879-0600] [Payara 7.2025.1] [INFORMACIÓN] [] [fish.payara.nucleus.hazelcast.HazelcastCore] [tid: _ThreadID=67 _ThreadName=RunLevelControllerThread-1764861568463] [timeMillis: 1764861572879] [levelValue: 800] [[
  JSR107 Caching Provider Bound to JNDI at payara/CachingProvider]]

[2025-12-04T09:19:32.879-0600] [Payara 7.2025.1] [INFORMACIÓN] [] [fish.payara.nucleus.hazelcast.HazelcastCore] [tid: _ThreadID=67 _ThreadName=RunLevelControllerThread-1764861568463] [timeMillis: 1764861572879] [levelValue: 800] [[
  JSR107 Default Cache Manager Bound to JNDI at payara/CacheManager]]

[2025-12-04T09:19:32.961-0600] [Payara 7.2025.1] [INFORMACIÓN] [NCLS-CORE-00101] [javax.enterprise.system.core] [tid: _ThreadID=64 _ThreadName=RunLevelControllerThread-1764861568459] [timeMillis: 1764861572961] [levelValue: 800] [[
  Network Listener http-listener-1 started in: 7ms - bound to [/0.0.0.0:8080]]]

[2025-12-04T09:19:32.983-0600] [Payara 7.2025.1] [INFORMACIÓN] [NCLS-CORE-00101] [javax.enterprise.system.core] [tid: _ThreadID=64 _ThreadName=RunLevelControllerThread-1764861568459] [timeMillis: 1764861572983] [levelValue: 800] [[
  Network Listener http-listener-2 started in: 2ms - bound to [/0.0.0.0:8181]]]

[2025-12-04T09:19:32.995-0600] [Payara 7.2025.1] [INFO] [] [org.hibernate.validator.internal.util.Version] [tid: _ThreadID=66 _ThreadName=RunLevelControllerThread-1764861568463] [timeMillis: 1764861572995] [levelValue: 800] [[
  HV000001: Hibernate Validator 9.0.1.Final.payara-p1]]

[2025-12-04T09:19:32.996-0600] [Payara 7.2025.1] [INFORMACIÓN] [NCLS-CORE-00101] [javax.enterprise.system.core] [tid: _ThreadID=64 _ThreadName=RunLevelControllerThread-1764861568459] [timeMillis: 1764861572996] [levelValue: 800] [[
  Network Listener admin-listener started in: 3ms - bound to [/0.0.0.0:4848]]]

[2025-12-04T09:19:32.998-0600] [Payara 7.2025.1] [INFORMACIÓN] [NCLS-CORE-00087] [javax.enterprise.system.core] [tid: _ThreadID=64 _ThreadName=RunLevelControllerThread-1764861568459] [timeMillis: 1764861572998] [levelValue: 800] [[
  Grizzly 4.1.0 started in: 4132ms - bound to [http-listener-1:8080, http-listener-2:8181, admin-listener:4848]]]

[2025-12-04T09:19:33.076-0600] [Payara 7.2025.1] [INFORMACIÓN] [NCLS-CORE-00101] [javax.enterprise.system.core] [tid: _ThreadID=65 _ThreadName=RunLevelControllerThread-1764861568460] [timeMillis: 1764861573076] [levelValue: 800] [[
  Network Listener iiop-service started in: 3ms - bound to [/0.0.0.0:3700]]]

[2025-12-04T09:19:33.288-0600] [Payara 7.2025.1] [INFORMACIÓN] [] [io.opentelemetry.api.GlobalOpenTelemetry] [tid: _ThreadID=66 _ThreadName=RunLevelControllerThread-1764861568463] [timeMillis: 1764861573288] [levelValue: 800] [[
  AutoConfiguredOpenTelemetrySdk found on classpath but automatic configuration is disabled. To enable, run your JVM with -Dotel.java.global-autoconfigure.enabled=true]]

[2025-12-04T09:19:33.330-0600] [Payara 7.2025.1] [INFORMACIÓN] [] [fish.payara.nucleus.cluster.PayaraCluster] [tid: _ThreadID=164 _ThreadName=Executor-Service-3] [timeMillis: 1764861573330] [levelValue: 800] [[
  Data Grid Status 
Payara Data Grid State: DG Version: 5 DG Name: development DG Size: 1
Instances: {
 DataGrid: development Name: server Lite: false This: true UUID: 38a19d53-1f2b-409f-9701-1a01bd664f5b Address: /26.26.165.78:4900
}]]

[2025-12-04T09:19:33.333-0600] [Payara 7.2025.1] [INFORMACIÓN] [NCLS-CORE-00017] [javax.enterprise.system.core] [tid: _ThreadID=1 _ThreadName=main] [timeMillis: 1764861573333] [levelValue: 800] [[
  Payara Server 7.2025.1 (21) startup time : Felix (11644ms), startup services(4877ms), total(16521ms)]]

[2025-12-04T09:19:33.418-0600] [Payara 7.2025.1] [INFORMACIÓN] [] [fish.payara.nucleus.notification.NotificationService] [tid: _ThreadID=1 _ThreadName=main] [timeMillis: 1764861573418] [levelValue: 800] [[
  Payara Notification Service bootstrapped.]]

[2025-12-04T09:19:33.509-0600] [Payara 7.2025.1] [INFORMACIÓN] [NCLS-CORE-00101] [javax.enterprise.system.core] [tid: _ThreadID=67 _ThreadName=RunLevelControllerThread-1764861568463] [timeMillis: 1764861573509] [levelValue: 800] [[
  Network Listener JMS_PROXY_default_JMS_host started in: 3ms - bound to [/0.0.0.0:7676]]]

[2025-12-04T09:19:33.512-0600] [Payara 7.2025.1] [INFORMACIÓN] [NCLS-JMX-00005] [javax.enterprise.system.jmx] [tid: _ThreadID=176 _ThreadName=Thread-11] [timeMillis: 1764861573512] [levelValue: 800] [[
  JMXStartupService has started JMXConnector on JMXService URL service:jmx:rmi://0.0.0.0:8686/jndi/rmi://0.0.0.0:8686/jmxrmi]]

[2025-12-04T09:19:37.464-0600] [Payara 7.2025.1] [INFORMACIÓN] [] [javax.enterprise.system.core] [tid: _ThreadID=194 _ThreadName=Thread-12] [timeMillis: 1764861577464] [levelValue: 800] [[
  No deployment transformer implementation found.]]

[2025-12-04T09:19:37.648-0600] [Payara 7.2025.1] [INFORMACIÓN] [] [javax.enterprise.system.core] [tid: _ThreadID=195 _ThreadName=admin-thread-pool::admin-listener(4)] [timeMillis: 1764861577648] [levelValue: 800] [[
  No deployment transformer implementation found.]]

[2025-12-04T09:19:37.785-0600] [Payara 7.2025.1] [INFORMACIÓN] [NCLS-SECURITY-01143] [javax.enterprise.system.core.security] [tid: _ThreadID=194 _ThreadName=Thread-12] [timeMillis: 1764861577785] [levelValue: 800] [[
  Loading policy provider org.glassfish.exousia.modules.def.DefaultPolicy.]]

[2025-12-04T09:19:37.804-0600] [Payara 7.2025.1] [INFORMACIÓN] [NCLS-SECURITY-01002] [javax.enterprise.system.core.security] [tid: _ThreadID=194 _ThreadName=Thread-12] [timeMillis: 1764861577804] [levelValue: 800] [[
  Java security manager is disabled.]]

[2025-12-04T09:19:37.805-0600] [Payara 7.2025.1] [INFORMACIÓN] [NCLS-SECURITY-01010] [javax.enterprise.system.core.security] [tid: _ThreadID=194 _ThreadName=Thread-12] [timeMillis: 1764861577805] [levelValue: 800] [[
  Entering Security Startup Service.]]

[2025-12-04T09:19:37.818-0600] [Payara 7.2025.1] [INFORMACIÓN] [NCLS-SECURITY-01011] [javax.enterprise.system.core.security] [tid: _ThreadID=194 _ThreadName=Thread-12] [timeMillis: 1764861577818] [levelValue: 800] [[
  Security Service(s) started successfully.]]

[2025-12-04T09:19:37.923-0600] [Payara 7.2025.1] [INFORMACIÓN] [AS-WEB-GLUE-00198] [jakarta.enterprise.web] [tid: _ThreadID=194 _ThreadName=Thread-12] [timeMillis: 1764861577923] [levelValue: 800] [[
  Created HTTP listener http-listener-1 on host/port 0.0.0.0:8080]]

[2025-12-04T09:19:37.927-0600] [Payara 7.2025.1] [INFORMACIÓN] [AS-WEB-GLUE-00198] [jakarta.enterprise.web] [tid: _ThreadID=194 _ThreadName=Thread-12] [timeMillis: 1764861577927] [levelValue: 800] [[
  Created HTTP listener http-listener-2 on host/port 0.0.0.0:8181]]

[2025-12-04T09:19:37.928-0600] [Payara 7.2025.1] [INFORMACIÓN] [AS-WEB-GLUE-00198] [jakarta.enterprise.web] [tid: _ThreadID=194 _ThreadName=Thread-12] [timeMillis: 1764861577928] [levelValue: 800] [[
  Created HTTP listener admin-listener on host/port 0.0.0.0:4848]]

[2025-12-04T09:19:37.942-0600] [Payara 7.2025.1] [INFORMACIÓN] [AS-WEB-GLUE-00200] [jakarta.enterprise.web] [tid: _ThreadID=194 _ThreadName=Thread-12] [timeMillis: 1764861577942] [levelValue: 800] [[
  Created virtual server server]]

[2025-12-04T09:19:37.943-0600] [Payara 7.2025.1] [INFORMACIÓN] [AS-WEB-GLUE-00200] [jakarta.enterprise.web] [tid: _ThreadID=194 _ThreadName=Thread-12] [timeMillis: 1764861577943] [levelValue: 800] [[
  Created virtual server __asadmin]]

[2025-12-04T09:19:38.060-0600] [Payara 7.2025.1] [INFORMACIÓN] [AS-WEB-GLUE-00201] [jakarta.enterprise.web] [tid: _ThreadID=194 _ThreadName=Thread-12] [timeMillis: 1764861578060] [levelValue: 800] [[
  Virtual server server loaded default web module ]]

[2025-12-04T09:19:39.029-0600] [Payara 7.2025.1] [INFO] [] [org.jboss.weld.Version] [tid: _ThreadID=194 _ThreadName=Thread-12] [timeMillis: 1764861579029] [levelValue: 800] [[
  WELD-000900: 6.0.3 (Final)]]

[2025-12-04T09:19:39.984-0600] [Payara 7.2025.1] [GRAVE] [] [javax.enterprise.system.core] [tid: _ThreadID=195 _ThreadName=admin-thread-pool::admin-listener(4)] [timeMillis: 1764861579984] [levelValue: 1000] [[
  Exception while invoking class org.glassfish.persistence.jpa.JPADeployer prepare method]]

[2025-12-04T09:19:39.984-0600] [Payara 7.2025.1] [GRAVE] [] [javax.enterprise.system.core] [tid: _ThreadID=195 _ThreadName=admin-thread-pool::admin-listener(4)] [timeMillis: 1764861579984] [levelValue: 1000] [[
  Exception while preparing the app]]

[2025-12-04T09:19:39.984-0600] [Payara 7.2025.1] [GRAVE] [NCLS-CORE-00026] [javax.enterprise.system.core] [tid: _ThreadID=195 _ThreadName=admin-thread-pool::admin-listener(4)] [timeMillis: 1764861579984] [levelValue: 1000] [[
  Exception during lifecycle processing
jakarta.persistence.PersistenceException: Exception [EclipseLink-28018] (Eclipse Persistence Services - 5.0.0-B08.payara-p1.v202511041741-60b8f7dca8141786130b4d36785fdcc926eb8cff): org.eclipse.persistence.exceptions.EntityManagerSetupException
Exception Description: Predeployment of PersistenceUnit [my_persistence_unit] failed.
Internal Exception: Exception [EclipseLink-7161] (Eclipse Persistence Services - 5.0.0-B08.payara-p1.v202511041741-60b8f7dca8141786130b4d36785fdcc926eb8cff): org.eclipse.persistence.exceptions.ValidationException
Exception Description: Entity class [class com.sergio.inventarios.model.Usuario] has no primary key specified. It should define either an @Id, @EmbeddedId or an @IdClass. If you have defined PK using any of these annotations then make sure that you do not have mixed access-type (both fields and properties annotated) in your entity class hierarchy.
	at org.eclipse.persistence.internal.jpa.EntityManagerSetupImpl.createPredeployFailedPersistenceException(EntityManagerSetupImpl.java:2170)
	at org.eclipse.persistence.internal.jpa.EntityManagerSetupImpl.predeploy(EntityManagerSetupImpl.java:2146)
	at org.eclipse.persistence.jpa.PersistenceProvider.createContainerEntityManagerFactoryImpl(PersistenceProvider.java:424)
	at org.eclipse.persistence.jpa.PersistenceProvider.createContainerEntityManagerFactory(PersistenceProvider.java:388)
	at org.glassfish.persistence.jpa.PersistenceUnitLoader.loadPU(PersistenceUnitLoader.java:207)
	at org.glassfish.persistence.jpa.PersistenceUnitLoader.<init>(PersistenceUnitLoader.java:114)
	at org.glassfish.persistence.jpa.JPADeployer.loadPersistenceUnit(JPADeployer.java:265)
	at org.glassfish.persistence.jpa.JPADeployer.createEMFs(JPADeployer.java:205)
	at org.glassfish.persistence.jpa.JPADeployer.prepare(JPADeployer.java:187)
	at com.sun.enterprise.v3.server.ApplicationLifecycle.prepareModule(ApplicationLifecycle.java:1249)
	at com.sun.enterprise.v3.server.ApplicationLifecycle.prepare(ApplicationLifecycle.java:505)
	at org.glassfish.deployment.admin.DeployCommand.execute(DeployCommand.java:569)
	at com.sun.enterprise.v3.admin.CommandRunnerImpl$2$1.run(CommandRunnerImpl.java:558)
	at com.sun.enterprise.v3.admin.CommandRunnerImpl$2$1.run(CommandRunnerImpl.java:554)
	at java.base/java.security.AccessController.doPrivileged(AccessController.java:400)
	at java.base/javax.security.auth.Subject.doAs(Subject.java:453)
	at com.sun.enterprise.v3.admin.CommandRunnerImpl$2.execute(CommandRunnerImpl.java:553)
	at com.sun.enterprise.v3.admin.CommandRunnerImpl$3.run(CommandRunnerImpl.java:584)
	at com.sun.enterprise.v3.admin.CommandRunnerImpl$3.run(CommandRunnerImpl.java:576)
	at java.base/java.security.AccessController.doPrivileged(AccessController.java:400)
	at java.base/javax.security.auth.Subject.doAs(Subject.java:453)
	at com.sun.enterprise.v3.admin.CommandRunnerImpl.doCommand(CommandRunnerImpl.java:575)
	at com.sun.enterprise.v3.admin.CommandRunnerImpl.doCommand(CommandRunnerImpl.java:1499)
	at com.sun.enterprise.v3.admin.CommandRunnerImpl$ExecutionContext.execute(CommandRunnerImpl.java:1881)
	at com.sun.enterprise.v3.admin.CommandRunnerImpl$ExecutionContext.execute(CommandRunnerImpl.java:1757)
	at com.sun.enterprise.v3.admin.AdminAdapter.doCommand(AdminAdapter.java:605)
	at com.sun.enterprise.v3.admin.AdminAdapter.onMissingResource(AdminAdapter.java:257)
	at org.glassfish.grizzly.http.server.StaticHttpHandlerBase.service(StaticHttpHandlerBase.java:150)
	at com.sun.enterprise.v3.services.impl.ContainerMapper$HttpHandlerCallable.call(ContainerMapper.java:520)
	at com.sun.enterprise.v3.services.impl.ContainerMapper.service(ContainerMapper.java:217)
	at org.glassfish.grizzly.http.server.HttpHandler.runService(HttpHandler.java:174)
	at org.glassfish.grizzly.http.server.HttpHandler.doHandle(HttpHandler.java:153)
	at org.glassfish.grizzly.http.server.HttpServerFilter.handleRead(HttpServerFilter.java:196)
	at org.glassfish.grizzly.filterchain.ExecutorResolver$9.execute(ExecutorResolver.java:88)
	at org.glassfish.grizzly.filterchain.DefaultFilterChain.executeFilter(DefaultFilterChain.java:246)
	at org.glassfish.grizzly.filterchain.DefaultFilterChain.executeChainPart(DefaultFilterChain.java:178)
	at org.glassfish.grizzly.filterchain.DefaultFilterChain.execute(DefaultFilterChain.java:118)
	at org.glassfish.grizzly.filterchain.DefaultFilterChain.process(DefaultFilterChain.java:96)
	at org.glassfish.grizzly.ProcessorExecutor.execute(ProcessorExecutor.java:51)
	at org.glassfish.grizzly.nio.transport.TCPNIOTransport.fireIOEvent(TCPNIOTransport.java:510)
	at org.glassfish.grizzly.strategies.AbstractIOStrategy.fireIOEvent(AbstractIOStrategy.java:82)
	at org.glassfish.grizzly.strategies.WorkerThreadIOStrategy.run0(WorkerThreadIOStrategy.java:83)
	at org.glassfish.grizzly.strategies.WorkerThreadIOStrategy$WorkerThreadRunnable.run(WorkerThreadIOStrategy.java:101)
	at org.glassfish.grizzly.threadpool.AbstractThreadPool$Worker.doWork(AbstractThreadPool.java:535)
	at org.glassfish.grizzly.threadpool.AbstractThreadPool$Worker.run(AbstractThreadPool.java:515)
	at java.base/java.lang.Thread.run(Thread.java:1583)
Caused by: Exception [EclipseLink-28018] (Eclipse Persistence Services - 5.0.0-B08.payara-p1.v202511041741-60b8f7dca8141786130b4d36785fdcc926eb8cff): org.eclipse.persistence.exceptions.EntityManagerSetupException
Exception Description: Predeployment of PersistenceUnit [my_persistence_unit] failed.
Internal Exception: Exception [EclipseLink-7161] (Eclipse Persistence Services - 5.0.0-B08.payara-p1.v202511041741-60b8f7dca8141786130b4d36785fdcc926eb8cff): org.eclipse.persistence.exceptions.ValidationException
Exception Description: Entity class [class com.sergio.inventarios.model.Usuario] has no primary key specified. It should define either an @Id, @EmbeddedId or an @IdClass. If you have defined PK using any of these annotations then make sure that you do not have mixed access-type (both fields and properties annotated) in your entity class hierarchy.
	at org.eclipse.persistence.exceptions.EntityManagerSetupException.predeployFailed(EntityManagerSetupException.java:233)
	... 46 more
Caused by: Exception [EclipseLink-7161] (Eclipse Persistence Services - 5.0.0-B08.payara-p1.v202511041741-60b8f7dca8141786130b4d36785fdcc926eb8cff): org.eclipse.persistence.exceptions.ValidationException
Exception Description: Entity class [class com.sergio.inventarios.model.Usuario] has no primary key specified. It should define either an @Id, @EmbeddedId or an @IdClass. If you have defined PK using any of these annotations then make sure that you do not have mixed access-type (both fields and properties annotated) in your entity class hierarchy.
	at org.eclipse.persistence.exceptions.ValidationException.noPrimaryKeyAnnotationsFound(ValidationException.java:1444)
	at org.eclipse.persistence.internal.jpa.metadata.accessors.classes.EntityAccessor.validatePrimaryKey(EntityAccessor.java:1542)
	at org.eclipse.persistence.internal.jpa.metadata.accessors.classes.EntityAccessor.processMappingAccessors(EntityAccessor.java:1249)
	at org.eclipse.persistence.internal.jpa.metadata.accessors.classes.EntityAccessor.process(EntityAccessor.java:699)
	at org.eclipse.persistence.internal.jpa.metadata.MetadataProject.processStage2(MetadataProject.java:1919)
	at org.eclipse.persistence.internal.jpa.metadata.MetadataProcessor.processORMMetadata(MetadataProcessor.java:599)
	at org.eclipse.persistence.internal.jpa.deployment.PersistenceUnitProcessor.processORMetadata(PersistenceUnitProcessor.java:640)
	at org.eclipse.persistence.internal.jpa.EntityManagerSetupImpl.predeploy(EntityManagerSetupImpl.java:2067)
	... 44 more
]]

[2025-12-04T09:19:40.003-0600] [Payara 7.2025.1] [GRAVE] [] [javax.enterprise.system.core] [tid: _ThreadID=195 _ThreadName=admin-thread-pool::admin-listener(4)] [timeMillis: 1764861580003] [levelValue: 1000] [[
  Exception while preparing the app : Exception [EclipseLink-28018] (Eclipse Persistence Services - 5.0.0-B08.payara-p1.v202511041741-60b8f7dca8141786130b4d36785fdcc926eb8cff): org.eclipse.persistence.exceptions.EntityManagerSetupException
Exception Description: Predeployment of PersistenceUnit [my_persistence_unit] failed.
Internal Exception: Exception [EclipseLink-7161] (Eclipse Persistence Services - 5.0.0-B08.payara-p1.v202511041741-60b8f7dca8141786130b4d36785fdcc926eb8cff): org.eclipse.persistence.exceptions.ValidationException
Exception Description: Entity class [class com.sergio.inventarios.model.Usuario] has no primary key specified. It should define either an @Id, @EmbeddedId or an @IdClass. If you have defined PK using any of these annotations then make sure that you do not have mixed access-type (both fields and properties annotated) in your entity class hierarchy.
Local Exception Stack: 
Exception [EclipseLink-28018] (Eclipse Persistence Services - 5.0.0-B08.payara-p1.v202511041741-60b8f7dca8141786130b4d36785fdcc926eb8cff): org.eclipse.persistence.exceptions.EntityManagerSetupException
Exception Description: Predeployment of PersistenceUnit [my_persistence_unit] failed.
Internal Exception: Exception [EclipseLink-7161] (Eclipse Persistence Services - 5.0.0-B08.payara-p1.v202511041741-60b8f7dca8141786130b4d36785fdcc926eb8cff): org.eclipse.persistence.exceptions.ValidationException
Exception Description: Entity class [class com.sergio.inventarios.model.Usuario] has no primary key specified. It should define either an @Id, @EmbeddedId or an @IdClass. If you have defined PK using any of these annotations then make sure that you do not have mixed access-type (both fields and properties annotated) in your entity class hierarchy.
	at org.eclipse.persistence.exceptions.EntityManagerSetupException.predeployFailed(EntityManagerSetupException.java:233)
	at org.eclipse.persistence.internal.jpa.EntityManagerSetupImpl.createPredeployFailedPersistenceException(EntityManagerSetupImpl.java:2170)
	at org.eclipse.persistence.internal.jpa.EntityManagerSetupImpl.predeploy(EntityManagerSetupImpl.java:2146)
	at org.eclipse.persistence.jpa.PersistenceProvider.createContainerEntityManagerFactoryImpl(PersistenceProvider.java:424)
	at org.eclipse.persistence.jpa.PersistenceProvider.createContainerEntityManagerFactory(PersistenceProvider.java:388)
	at org.glassfish.persistence.jpa.PersistenceUnitLoader.loadPU(PersistenceUnitLoader.java:207)
	at org.glassfish.persistence.jpa.PersistenceUnitLoader.<init>(PersistenceUnitLoader.java:114)
	at org.glassfish.persistence.jpa.JPADeployer.loadPersistenceUnit(JPADeployer.java:265)
	at org.glassfish.persistence.jpa.JPADeployer.createEMFs(JPADeployer.java:205)
	at org.glassfish.persistence.jpa.JPADeployer.prepare(JPADeployer.java:187)
	at com.sun.enterprise.v3.server.ApplicationLifecycle.prepareModule(ApplicationLifecycle.java:1249)
	at com.sun.enterprise.v3.server.ApplicationLifecycle.prepare(ApplicationLifecycle.java:505)
	at org.glassfish.deployment.admin.DeployCommand.execute(DeployCommand.java:569)
	at com.sun.enterprise.v3.admin.CommandRunnerImpl$2$1.run(CommandRunnerImpl.java:558)
	at com.sun.enterprise.v3.admin.CommandRunnerImpl$2$1.run(CommandRunnerImpl.java:554)
	at java.base/java.security.AccessController.doPrivileged(AccessController.java:400)
	at java.base/javax.security.auth.Subject.doAs(Subject.java:453)
	at com.sun.enterprise.v3.admin.CommandRunnerImpl$2.execute(CommandRunnerImpl.java:553)
	at com.sun.enterprise.v3.admin.CommandRunnerImpl$3.run(CommandRunnerImpl.java:584)
	at com.sun.enterprise.v3.admin.CommandRunnerImpl$3.run(CommandRunnerImpl.java:576)
	at java.base/java.security.AccessController.doPrivileged(AccessController.java:400)
	at java.base/javax.security.auth.Subject.doAs(Subject.java:453)
	at com.sun.enterprise.v3.admin.CommandRunnerImpl.doCommand(CommandRunnerImpl.java:575)
	at com.sun.enterprise.v3.admin.CommandRunnerImpl.doCommand(CommandRunnerImpl.java:1499)
	at com.sun.enterprise.v3.admin.CommandRunnerImpl$ExecutionContext.execute(CommandRunnerImpl.java:1881)
	at com.sun.enterprise.v3.admin.CommandRunnerImpl$ExecutionContext.execute(CommandRunnerImpl.java:1757)
	at com.sun.enterprise.v3.admin.AdminAdapter.doCommand(AdminAdapter.java:605)
	at com.sun.enterprise.v3.admin.AdminAdapter.onMissingResource(AdminAdapter.java:257)
	at org.glassfish.grizzly.http.server.StaticHttpHandlerBase.service(StaticHttpHandlerBase.java:150)
	at com.sun.enterprise.v3.services.impl.ContainerMapper$HttpHandlerCallable.call(ContainerMapper.java:520)
	at com.sun.enterprise.v3.services.impl.ContainerMapper.service(ContainerMapper.java:217)
	at org.glassfish.grizzly.http.server.HttpHandler.runService(HttpHandler.java:174)
	at org.glassfish.grizzly.http.server.HttpHandler.doHandle(HttpHandler.java:153)
	at org.glassfish.grizzly.http.server.HttpServerFilter.handleRead(HttpServerFilter.java:196)
	at org.glassfish.grizzly.filterchain.ExecutorResolver$9.execute(ExecutorResolver.java:88)
	at org.glassfish.grizzly.filterchain.DefaultFilterChain.executeFilter(DefaultFilterChain.java:246)
	at org.glassfish.grizzly.filterchain.DefaultFilterChain.executeChainPart(DefaultFilterChain.java:178)
	at org.glassfish.grizzly.filterchain.DefaultFilterChain.execute(DefaultFilterChain.java:118)
	at org.glassfish.grizzly.filterchain.DefaultFilterChain.process(DefaultFilterChain.java:96)
	at org.glassfish.grizzly.ProcessorExecutor.execute(ProcessorExecutor.java:51)
	at org.glassfish.grizzly.nio.transport.TCPNIOTransport.fireIOEvent(TCPNIOTransport.java:510)
	at org.glassfish.grizzly.strategies.AbstractIOStrategy.fireIOEvent(AbstractIOStrategy.java:82)
	at org.glassfish.grizzly.strategies.WorkerThreadIOStrategy.run0(WorkerThreadIOStrategy.java:83)
	at org.glassfish.grizzly.strategies.WorkerThreadIOStrategy$WorkerThreadRunnable.run(WorkerThreadIOStrategy.java:101)
	at org.glassfish.grizzly.threadpool.AbstractThreadPool$Worker.doWork(AbstractThreadPool.java:535)
	at org.glassfish.grizzly.threadpool.AbstractThreadPool$Worker.run(AbstractThreadPool.java:515)
	at java.base/java.lang.Thread.run(Thread.java:1583)
Caused by: Exception [EclipseLink-7161] (Eclipse Persistence Services - 5.0.0-B08.payara-p1.v202511041741-60b8f7dca8141786130b4d36785fdcc926eb8cff): org.eclipse.persistence.exceptions.ValidationException
Exception Description: Entity class [class com.sergio.inventarios.model.Usuario] has no primary key specified. It should define either an @Id, @EmbeddedId or an @IdClass. If you have defined PK using any of these annotations then make sure that you do not have mixed access-type (both fields and properties annotated) in your entity class hierarchy.
	at org.eclipse.persistence.exceptions.ValidationException.noPrimaryKeyAnnotationsFound(ValidationException.java:1444)
	at org.eclipse.persistence.internal.jpa.metadata.accessors.classes.EntityAccessor.validatePrimaryKey(EntityAccessor.java:1542)
	at org.eclipse.persistence.internal.jpa.metadata.accessors.classes.EntityAccessor.processMappingAccessors(EntityAccessor.java:1249)
	at org.eclipse.persistence.internal.jpa.metadata.accessors.classes.EntityAccessor.process(EntityAccessor.java:699)
	at org.eclipse.persistence.internal.jpa.metadata.MetadataProject.processStage2(MetadataProject.java:1919)
	at org.eclipse.persistence.internal.jpa.metadata.MetadataProcessor.processORMMetadata(MetadataProcessor.java:599)
	at org.eclipse.persistence.internal.jpa.deployment.PersistenceUnitProcessor.processORMetadata(PersistenceUnitProcessor.java:640)
	at org.eclipse.persistence.internal.jpa.EntityManagerSetupImpl.predeploy(EntityManagerSetupImpl.java:2067)
	... 44 more
]]

[2025-12-04T09:19:40.705-0600] [Payara 7.2025.1] [INFORMACIÓN] [NCLS-CORE-00022] [javax.enterprise.system.core] [tid: _ThreadID=194 _ThreadName=Thread-12] [timeMillis: 1764861580705] [levelValue: 800] [[
  Loading application __admingui done in 3884 ms]]

[2025-12-04T09:19:40.937-0600] [Payara 7.2025.1] [INFORMACIÓN] [] [org.glassfish.soteria.servlet.SamRegistrationInstaller] [tid: _ThreadID=194 _ThreadName=Thread-12] [timeMillis: 1764861580937] [levelValue: 800] [[
  Initializing Soteria 4.0.1.payara-p1 for context '']]

[2025-12-04T09:19:40.982-0600] [Payara 7.2025.1] [INFORMACIÓN] [faces.config.listener.version] [jakarta.enterprise.resource.webcontainer.faces.config] [tid: _ThreadID=194 _ThreadName=Thread-12] [timeMillis: 1764861580982] [levelValue: 800] [[
  Inicializando Mojarra 4.1.4.payara-p1 para el contexto '']]

[2025-12-04T09:19:41.484-0600] [Payara 7.2025.1] [INFORMACIÓN] [AS-WEB-GLUE-00172] [jakarta.enterprise.web] [tid: _ThreadID=194 _ThreadName=Thread-12] [timeMillis: 1764861581484] [levelValue: 800] [[
  Loading application [__admingui] at [/]]]

[2025-12-04T09:19:43.332-0600] [Payara 7.2025.1] [INFORMACIÓN] [] [javax.enterprise.resource.corba.org.glassfish.enterprise.iiop.api] [tid: _ThreadID=150 _ThreadName=admin-thread-pool::admin-listener(1)] [timeMillis: 1764861583332] [levelValue: 800] [[
  GlassFishORBFactory service initialized.]]

[2025-12-04T09:19:43.577-0600] [Payara 7.2025.1] [INFORMACIÓN] [NCLS-REST-00001] [jakarta.enterprise.admin.rest] [tid: _ThreadID=150 _ThreadName=admin-thread-pool::admin-listener(1)] [timeMillis: 1764861583577] [levelValue: 800] [[
  Listening to REST requests at context: /management/domain.]]

[2025-12-04T09:19:43.694-0600] [Payara 7.2025.1] [INFORMACIÓN] [] [org.jvnet.hk2.osgiadapter] [tid: _ThreadID=51 _ThreadName=FelixStartLevel] [timeMillis: 1764861583694] [levelValue: 800] [[
  Skipping registration of inhabitant for service reference [org.osgi.service.metatype.MetaTypeProvider] as the service object could not be obtained.]]

[2025-12-04T09:19:44.930-0600] [Payara 7.2025.1] [ADVERTENCIA] [] [javax.enterprise.system.container.web.com.sun.web.security] [tid: _ThreadID=186 _ThreadName=admin-thread-pool::admin-listener(2)] [timeMillis: 1764861584930] [levelValue: 900] [[
  Context path from ServletContext:  differs from path from bundle: /]]

[2025-12-04T09:20:47.817-0600] [Payara 7.2025.1] [INFORMACIÓN] [] [javax.enterprise.system.core] [tid: _ThreadID=187 _ThreadName=admin-thread-pool::admin-listener(3)] [timeMillis: 1764861647817] [levelValue: 800] [[
  No deployment transformer implementation found.]]

[2025-12-04T09:20:48.072-0600] [Payara 7.2025.1] [INFORMACIÓN] [] [org.eclipse.persistence.session./file:/C:/Users/SISTEMAS DESARROLLO2/Documents/NetBeansProjects/Inventarios/target/Inventarios-1.0-SNAPSHOT/WEB-INF/classes/_my_persistence_unit] [tid: _ThreadID=187 _ThreadName=admin-thread-pool::admin-listener(3)] [timeMillis: 1764861648072] [levelValue: 800] [[
  EclipseLink, version: Eclipse Persistence Services - 5.0.0-B08.payara-p1.v202511041741-60b8f7dca8141786130b4d36785fdcc926eb8cff]]

[2025-12-04T09:20:53.906-0600] [Payara 7.2025.1] [INFORMACIÓN] [] [org.eclipse.krazo.servlet.KrazoContainerInitializer] [tid: _ThreadID=187 _ThreadName=admin-thread-pool::admin-listener(3)] [timeMillis: 1764861653906] [levelValue: 800] [[
  Eclipse Krazo version 4.0.0 started]]

[2025-12-04T09:20:53.915-0600] [Payara 7.2025.1] [INFORMACIÓN] [] [org.glassfish.soteria.servlet.SamRegistrationInstaller] [tid: _ThreadID=187 _ThreadName=admin-thread-pool::admin-listener(3)] [timeMillis: 1764861653915] [levelValue: 800] [[
  Initializing Soteria 4.0.1.payara-p1 for context '/Inventarios']]

[2025-12-04T09:20:54.030-0600] [Payara 7.2025.1] [INFORMACIÓN] [AS-WEB-GLUE-00172] [jakarta.enterprise.web] [tid: _ThreadID=187 _ThreadName=admin-thread-pool::admin-listener(3)] [timeMillis: 1764861654030] [levelValue: 800] [[
  Loading application [Inventarios-1.0-SNAPSHOT] at [/Inventarios]]]

[2025-12-04T09:20:54.075-0600] [Payara 7.2025.1] [INFORMACIÓN] [] [javax.enterprise.system.core] [tid: _ThreadID=187 _ThreadName=admin-thread-pool::admin-listener(3)] [timeMillis: 1764861654075] [levelValue: 800] [[
  Inventarios-1.0-SNAPSHOT was successfully deployed in 6,687 milliseconds.]]

[2025-12-04T10:00:26.600-0600] [Payara 7.2025.1] [ADVERTENCIA] [] [jakarta.enterprise.web.util] [tid: _ThreadID=195 _ThreadName=admin-thread-pool::admin-listener(4)] [timeMillis: 1764864026600] [levelValue: 900] [[
  The web application [/Inventarios] registered the JDBC driver [com.mysql.cj.jdbc.Driver] but failed to unregister it when the web application was stopped. To prevent a memory leak, the JDBC Driver has been forcibly unregistered.]]

[2025-12-04T10:00:27.284-0600] [Payara 7.2025.1] [INFORMACIÓN] [] [javax.enterprise.system.core] [tid: _ThreadID=187 _ThreadName=admin-thread-pool::admin-listener(3)] [timeMillis: 1764864027284] [levelValue: 800] [[
  No deployment transformer implementation found.]]

[2025-12-04T10:00:27.495-0600] [Payara 7.2025.1] [INFORMACIÓN] [] [org.eclipse.persistence.session./file:/C:/Users/SISTEMAS DESARROLLO2/Documents/NetBeansProjects/Inventarios/target/Inventarios-1.0-SNAPSHOT/WEB-INF/classes/_my_persistence_unit] [tid: _ThreadID=187 _ThreadName=admin-thread-pool::admin-listener(3)] [timeMillis: 1764864027495] [levelValue: 800] [[
  EclipseLink, version: Eclipse Persistence Services - 5.0.0-B08.payara-p1.v202511041741-60b8f7dca8141786130b4d36785fdcc926eb8cff]]

[2025-12-04T10:00:28.031-0600] [Payara 7.2025.1] [INFORMACIÓN] [] [org.eclipse.krazo.servlet.KrazoContainerInitializer] [tid: _ThreadID=187 _ThreadName=admin-thread-pool::admin-listener(3)] [timeMillis: 1764864028031] [levelValue: 800] [[
  Eclipse Krazo version 4.0.0 started]]

[2025-12-04T10:00:28.037-0600] [Payara 7.2025.1] [INFORMACIÓN] [] [org.glassfish.soteria.servlet.SamRegistrationInstaller] [tid: _ThreadID=187 _ThreadName=admin-thread-pool::admin-listener(3)] [timeMillis: 1764864028037] [levelValue: 800] [[
  Initializing Soteria 4.0.1.payara-p1 for context '/Inventarios']]

[2025-12-04T10:00:28.214-0600] [Payara 7.2025.1] [INFORMACIÓN] [AS-WEB-GLUE-00172] [jakarta.enterprise.web] [tid: _ThreadID=187 _ThreadName=admin-thread-pool::admin-listener(3)] [timeMillis: 1764864028214] [levelValue: 800] [[
  Loading application [Inventarios-1.0-SNAPSHOT] at [/Inventarios]]]

[2025-12-04T10:00:28.280-0600] [Payara 7.2025.1] [INFORMACIÓN] [] [javax.enterprise.system.core] [tid: _ThreadID=187 _ThreadName=admin-thread-pool::admin-listener(3)] [timeMillis: 1764864028280] [levelValue: 800] [[
  Inventarios-1.0-SNAPSHOT was successfully deployed in 1,460 milliseconds.]]

[2025-12-04T10:00:39.621-0600] [Payara 7.2025.1] [GRAVE] [] [] [tid: _ThreadID=139 _ThreadName=http-thread-pool::http-listener-1(4)] [timeMillis: 1764864039621] [levelValue: 1000] [[
  java.lang.ClassCastException: class java.util.ArrayList cannot be cast to class com.sergio.inventarios.model.Producto (java.util.ArrayList is in module java.base of loader 'bootstrap'; com.sergio.inventarios.model.Producto is in unnamed module of loader org.glassfish.web.loader.WebappClassLoader @4cf55e9c)
	at com.sergio.inventarios.dao.ProductoDAO.listar(ProductoDAO.java:45)
	at com.sergio.inventarios.controller.ProductosController.listarActivos(ProductosController.java:33)
	at java.base/jdk.internal.reflect.DirectMethodHandleAccessor.invoke(DirectMethodHandleAccessor.java:103)
	at java.base/java.lang.reflect.Method.invoke(Method.java:580)
	at org.glassfish.jersey.server.model.internal.ResourceMethodInvocationHandlerFactory.lambda$static$0(ResourceMethodInvocationHandlerFactory.java:52)
	at org.glassfish.jersey.server.model.internal.AbstractJavaResourceMethodDispatcher$1.run(AbstractJavaResourceMethodDispatcher.java:146)
	at org.glassfish.jersey.server.model.internal.AbstractJavaResourceMethodDispatcher.invoke(AbstractJavaResourceMethodDispatcher.java:189)
	at org.glassfish.jersey.server.model.internal.JavaResourceMethodDispatcherProvider$ResponseOutInvoker.doDispatch(JavaResourceMethodDispatcherProvider.java:176)
	at org.glassfish.jersey.server.model.internal.AbstractJavaResourceMethodDispatcher.dispatch(AbstractJavaResourceMethodDispatcher.java:93)
	at org.glassfish.jersey.server.model.ResourceMethodInvoker.invoke(ResourceMethodInvoker.java:478)
	at org.glassfish.jersey.server.model.ResourceMethodInvoker.apply(ResourceMethodInvoker.java:400)
	at org.glassfish.jersey.server.model.ResourceMethodInvoker.apply(ResourceMethodInvoker.java:81)
	at org.glassfish.jersey.server.ServerRuntime$1.run(ServerRuntime.java:274)
	at org.glassfish.jersey.internal.Errors$1.call(Errors.java:248)
	at org.glassfish.jersey.internal.Errors$1.call(Errors.java:244)
	at org.glassfish.jersey.internal.Errors.process(Errors.java:292)
	at org.glassfish.jersey.internal.Errors.process(Errors.java:274)
	at org.glassfish.jersey.internal.Errors.process(Errors.java:244)
	at org.glassfish.jersey.process.internal.RequestScope.runInScope(RequestScope.java:266)
	at org.glassfish.jersey.server.ServerRuntime.process(ServerRuntime.java:253)
	at org.glassfish.jersey.server.ApplicationHandler.handle(ApplicationHandler.java:703)
	at org.glassfish.jersey.servlet.WebComponent.serviceImpl(WebComponent.java:423)
	at org.glassfish.jersey.servlet.WebComponent.service(WebComponent.java:375)
	at org.glassfish.jersey.servlet.ServletContainer.service(ServletContainer.java:358)
	at org.glassfish.jersey.servlet.ServletContainer.service(ServletContainer.java:312)
	at org.glassfish.jersey.servlet.ServletContainer.service(ServletContainer.java:205)
	at org.apache.catalina.core.StandardWrapper.service(StandardWrapper.java:1554)
	at org.apache.catalina.core.StandardWrapperValve.invoke(StandardWrapperValve.java:259)
	at org.apache.catalina.core.StandardContextValve.invoke(StandardContextValve.java:166)
	at org.apache.catalina.core.StandardPipeline.doInvoke(StandardPipeline.java:757)
	at org.apache.catalina.core.StandardPipeline.invoke(StandardPipeline.java:577)
	at com.sun.enterprise.web.WebPipeline.invoke(WebPipeline.java:99)
	at org.apache.catalina.core.StandardHostValve.invoke(StandardHostValve.java:158)
	at org.apache.catalina.connector.CoyoteAdapter.doService(CoyoteAdapter.java:366)
	at org.apache.catalina.connector.CoyoteAdapter.service(CoyoteAdapter.java:238)
	at com.sun.enterprise.v3.services.impl.ContainerMapper$HttpHandlerCallable.call(ContainerMapper.java:520)
	at com.sun.enterprise.v3.services.impl.ContainerMapper.service(ContainerMapper.java:217)
	at org.glassfish.grizzly.http.server.HttpHandler.runService(HttpHandler.java:174)
	at org.glassfish.grizzly.http.server.HttpHandler.doHandle(HttpHandler.java:153)
	at org.glassfish.grizzly.http.server.HttpServerFilter.handleRead(HttpServerFilter.java:196)
	at org.glassfish.grizzly.filterchain.ExecutorResolver$9.execute(ExecutorResolver.java:88)
	at org.glassfish.grizzly.filterchain.DefaultFilterChain.executeFilter(DefaultFilterChain.java:246)
	at org.glassfish.grizzly.filterchain.DefaultFilterChain.executeChainPart(DefaultFilterChain.java:178)
	at org.glassfish.grizzly.filterchain.DefaultFilterChain.execute(DefaultFilterChain.java:118)
	at org.glassfish.grizzly.filterchain.DefaultFilterChain.process(DefaultFilterChain.java:96)
	at org.glassfish.grizzly.ProcessorExecutor.execute(ProcessorExecutor.java:51)
	at org.glassfish.grizzly.nio.transport.TCPNIOTransport.fireIOEvent(TCPNIOTransport.java:510)
	at org.glassfish.grizzly.strategies.AbstractIOStrategy.fireIOEvent(AbstractIOStrategy.java:82)
	at org.glassfish.grizzly.strategies.WorkerThreadIOStrategy.run0(WorkerThreadIOStrategy.java:83)
	at org.glassfish.grizzly.strategies.WorkerThreadIOStrategy$WorkerThreadRunnable.run(WorkerThreadIOStrategy.java:101)
	at org.glassfish.grizzly.threadpool.AbstractThreadPool$Worker.doWork(AbstractThreadPool.java:535)
	at org.glassfish.grizzly.threadpool.AbstractThreadPool$Worker.run(AbstractThreadPool.java:515)
	at java.base/java.lang.Thread.run(Thread.java:1583)
]]

[2025-12-04T10:03:17.705-0600] [Payara 7.2025.1] [GRAVE] [] [] [tid: _ThreadID=136 _ThreadName=http-thread-pool::http-listener-1(1)] [timeMillis: 1764864197705] [levelValue: 1000] [[
  java.lang.ClassCastException: class java.util.ArrayList cannot be cast to class com.sergio.inventarios.model.Producto (java.util.ArrayList is in module java.base of loader 'bootstrap'; com.sergio.inventarios.model.Producto is in unnamed module of loader org.glassfish.web.loader.WebappClassLoader @4cf55e9c)
	at com.sergio.inventarios.dao.ProductoDAO.listar(ProductoDAO.java:45)
	at com.sergio.inventarios.controller.ProductosController.listarActivos(ProductosController.java:33)
	at java.base/jdk.internal.reflect.DirectMethodHandleAccessor.invoke(DirectMethodHandleAccessor.java:103)
	at java.base/java.lang.reflect.Method.invoke(Method.java:580)
	at org.glassfish.jersey.server.model.internal.ResourceMethodInvocationHandlerFactory.lambda$static$0(ResourceMethodInvocationHandlerFactory.java:52)
	at org.glassfish.jersey.server.model.internal.AbstractJavaResourceMethodDispatcher$1.run(AbstractJavaResourceMethodDispatcher.java:146)
	at org.glassfish.jersey.server.model.internal.AbstractJavaResourceMethodDispatcher.invoke(AbstractJavaResourceMethodDispatcher.java:189)
	at org.glassfish.jersey.server.model.internal.JavaResourceMethodDispatcherProvider$ResponseOutInvoker.doDispatch(JavaResourceMethodDispatcherProvider.java:176)
	at org.glassfish.jersey.server.model.internal.AbstractJavaResourceMethodDispatcher.dispatch(AbstractJavaResourceMethodDispatcher.java:93)
	at org.glassfish.jersey.server.model.ResourceMethodInvoker.invoke(ResourceMethodInvoker.java:478)
	at org.glassfish.jersey.server.model.ResourceMethodInvoker.apply(ResourceMethodInvoker.java:400)
	at org.glassfish.jersey.server.model.ResourceMethodInvoker.apply(ResourceMethodInvoker.java:81)
	at org.glassfish.jersey.server.ServerRuntime$1.run(ServerRuntime.java:274)
	at org.glassfish.jersey.internal.Errors$1.call(Errors.java:248)
	at org.glassfish.jersey.internal.Errors$1.call(Errors.java:244)
	at org.glassfish.jersey.internal.Errors.process(Errors.java:292)
	at org.glassfish.jersey.internal.Errors.process(Errors.java:274)
	at org.glassfish.jersey.internal.Errors.process(Errors.java:244)
	at org.glassfish.jersey.process.internal.RequestScope.runInScope(RequestScope.java:266)
	at org.glassfish.jersey.server.ServerRuntime.process(ServerRuntime.java:253)
	at org.glassfish.jersey.server.ApplicationHandler.handle(ApplicationHandler.java:703)
	at org.glassfish.jersey.servlet.WebComponent.serviceImpl(WebComponent.java:423)
	at org.glassfish.jersey.servlet.WebComponent.service(WebComponent.java:375)
	at org.glassfish.jersey.servlet.ServletContainer.service(ServletContainer.java:358)
	at org.glassfish.jersey.servlet.ServletContainer.service(ServletContainer.java:312)
	at org.glassfish.jersey.servlet.ServletContainer.service(ServletContainer.java:205)
	at org.apache.catalina.core.StandardWrapper.service(StandardWrapper.java:1554)
	at org.apache.catalina.core.StandardWrapperValve.invoke(StandardWrapperValve.java:259)
	at org.apache.catalina.core.StandardContextValve.invoke(StandardContextValve.java:166)
	at org.apache.catalina.core.StandardPipeline.doInvoke(StandardPipeline.java:757)
	at org.apache.catalina.core.StandardPipeline.invoke(StandardPipeline.java:577)
	at com.sun.enterprise.web.WebPipeline.invoke(WebPipeline.java:99)
	at org.apache.catalina.core.StandardHostValve.invoke(StandardHostValve.java:158)
	at org.apache.catalina.connector.CoyoteAdapter.doService(CoyoteAdapter.java:366)
	at org.apache.catalina.connector.CoyoteAdapter.service(CoyoteAdapter.java:238)
	at com.sun.enterprise.v3.services.impl.ContainerMapper$HttpHandlerCallable.call(ContainerMapper.java:520)
	at com.sun.enterprise.v3.services.impl.ContainerMapper.service(ContainerMapper.java:217)
	at org.glassfish.grizzly.http.server.HttpHandler.runService(HttpHandler.java:174)
	at org.glassfish.grizzly.http.server.HttpHandler.doHandle(HttpHandler.java:153)
	at org.glassfish.grizzly.http.server.HttpServerFilter.handleRead(HttpServerFilter.java:196)
	at org.glassfish.grizzly.filterchain.ExecutorResolver$9.execute(ExecutorResolver.java:88)
	at org.glassfish.grizzly.filterchain.DefaultFilterChain.executeFilter(DefaultFilterChain.java:246)
	at org.glassfish.grizzly.filterchain.DefaultFilterChain.executeChainPart(DefaultFilterChain.java:178)
	at org.glassfish.grizzly.filterchain.DefaultFilterChain.execute(DefaultFilterChain.java:118)
	at org.glassfish.grizzly.filterchain.DefaultFilterChain.process(DefaultFilterChain.java:96)
	at org.glassfish.grizzly.ProcessorExecutor.execute(ProcessorExecutor.java:51)
	at org.glassfish.grizzly.nio.transport.TCPNIOTransport.fireIOEvent(TCPNIOTransport.java:510)
	at org.glassfish.grizzly.strategies.AbstractIOStrategy.fireIOEvent(AbstractIOStrategy.java:82)
	at org.glassfish.grizzly.strategies.WorkerThreadIOStrategy.run0(WorkerThreadIOStrategy.java:83)
	at org.glassfish.grizzly.strategies.WorkerThreadIOStrategy$WorkerThreadRunnable.run(WorkerThreadIOStrategy.java:101)
	at org.glassfish.grizzly.threadpool.AbstractThreadPool$Worker.doWork(AbstractThreadPool.java:535)
	at org.glassfish.grizzly.threadpool.AbstractThreadPool$Worker.run(AbstractThreadPool.java:515)
	at java.base/java.lang.Thread.run(Thread.java:1583)
]]

[2025-12-04T10:04:22.596-0600] [Payara 7.2025.1] [GRAVE] [] [] [tid: _ThreadID=138 _ThreadName=http-thread-pool::http-listener-1(3)] [timeMillis: 1764864262596] [levelValue: 1000] [[
  java.lang.ClassCastException: class java.util.ArrayList cannot be cast to class com.sergio.inventarios.model.Producto (java.util.ArrayList is in module java.base of loader 'bootstrap'; com.sergio.inventarios.model.Producto is in unnamed module of loader org.glassfish.web.loader.WebappClassLoader @4cf55e9c)
	at com.sergio.inventarios.dao.ProductoDAO.listar(ProductoDAO.java:45)
	at com.sergio.inventarios.controller.ProductosController.listarActivos(ProductosController.java:33)
	at java.base/jdk.internal.reflect.DirectMethodHandleAccessor.invoke(DirectMethodHandleAccessor.java:103)
	at java.base/java.lang.reflect.Method.invoke(Method.java:580)
	at org.glassfish.jersey.server.model.internal.ResourceMethodInvocationHandlerFactory.lambda$static$0(ResourceMethodInvocationHandlerFactory.java:52)
	at org.glassfish.jersey.server.model.internal.AbstractJavaResourceMethodDispatcher$1.run(AbstractJavaResourceMethodDispatcher.java:146)
	at org.glassfish.jersey.server.model.internal.AbstractJavaResourceMethodDispatcher.invoke(AbstractJavaResourceMethodDispatcher.java:189)
	at org.glassfish.jersey.server.model.internal.JavaResourceMethodDispatcherProvider$ResponseOutInvoker.doDispatch(JavaResourceMethodDispatcherProvider.java:176)
	at org.glassfish.jersey.server.model.internal.AbstractJavaResourceMethodDispatcher.dispatch(AbstractJavaResourceMethodDispatcher.java:93)
	at org.glassfish.jersey.server.model.ResourceMethodInvoker.invoke(ResourceMethodInvoker.java:478)
	at org.glassfish.jersey.server.model.ResourceMethodInvoker.apply(ResourceMethodInvoker.java:400)
	at org.glassfish.jersey.server.model.ResourceMethodInvoker.apply(ResourceMethodInvoker.java:81)
	at org.glassfish.jersey.server.ServerRuntime$1.run(ServerRuntime.java:274)
	at org.glassfish.jersey.internal.Errors$1.call(Errors.java:248)
	at org.glassfish.jersey.internal.Errors$1.call(Errors.java:244)
	at org.glassfish.jersey.internal.Errors.process(Errors.java:292)
	at org.glassfish.jersey.internal.Errors.process(Errors.java:274)
	at org.glassfish.jersey.internal.Errors.process(Errors.java:244)
	at org.glassfish.jersey.process.internal.RequestScope.runInScope(RequestScope.java:266)
	at org.glassfish.jersey.server.ServerRuntime.process(ServerRuntime.java:253)
	at org.glassfish.jersey.server.ApplicationHandler.handle(ApplicationHandler.java:703)
	at org.glassfish.jersey.servlet.WebComponent.serviceImpl(WebComponent.java:423)
	at org.glassfish.jersey.servlet.WebComponent.service(WebComponent.java:375)
	at org.glassfish.jersey.servlet.ServletContainer.service(ServletContainer.java:358)
	at org.glassfish.jersey.servlet.ServletContainer.service(ServletContainer.java:312)
	at org.glassfish.jersey.servlet.ServletContainer.service(ServletContainer.java:205)
	at org.apache.catalina.core.StandardWrapper.service(StandardWrapper.java:1554)
	at org.apache.catalina.core.StandardWrapperValve.invoke(StandardWrapperValve.java:259)
	at org.apache.catalina.core.StandardContextValve.invoke(StandardContextValve.java:166)
	at org.apache.catalina.core.StandardPipeline.doInvoke(StandardPipeline.java:757)
	at org.apache.catalina.core.StandardPipeline.invoke(StandardPipeline.java:577)
	at com.sun.enterprise.web.WebPipeline.invoke(WebPipeline.java:99)
	at org.apache.catalina.core.StandardHostValve.invoke(StandardHostValve.java:158)
	at org.apache.catalina.connector.CoyoteAdapter.doService(CoyoteAdapter.java:366)
	at org.apache.catalina.connector.CoyoteAdapter.service(CoyoteAdapter.java:238)
	at com.sun.enterprise.v3.services.impl.ContainerMapper$HttpHandlerCallable.call(ContainerMapper.java:520)
	at com.sun.enterprise.v3.services.impl.ContainerMapper.service(ContainerMapper.java:217)
	at org.glassfish.grizzly.http.server.HttpHandler.runService(HttpHandler.java:174)
	at org.glassfish.grizzly.http.server.HttpHandler.doHandle(HttpHandler.java:153)
	at org.glassfish.grizzly.http.server.HttpServerFilter.handleRead(HttpServerFilter.java:196)
	at org.glassfish.grizzly.filterchain.ExecutorResolver$9.execute(ExecutorResolver.java:88)
	at org.glassfish.grizzly.filterchain.DefaultFilterChain.executeFilter(DefaultFilterChain.java:246)
	at org.glassfish.grizzly.filterchain.DefaultFilterChain.executeChainPart(DefaultFilterChain.java:178)
	at org.glassfish.grizzly.filterchain.DefaultFilterChain.execute(DefaultFilterChain.java:118)
	at org.glassfish.grizzly.filterchain.DefaultFilterChain.process(DefaultFilterChain.java:96)
	at org.glassfish.grizzly.ProcessorExecutor.execute(ProcessorExecutor.java:51)
	at org.glassfish.grizzly.nio.transport.TCPNIOTransport.fireIOEvent(TCPNIOTransport.java:510)
	at org.glassfish.grizzly.strategies.AbstractIOStrategy.fireIOEvent(AbstractIOStrategy.java:82)
	at org.glassfish.grizzly.strategies.WorkerThreadIOStrategy.run0(WorkerThreadIOStrategy.java:83)
	at org.glassfish.grizzly.strategies.WorkerThreadIOStrategy$WorkerThreadRunnable.run(WorkerThreadIOStrategy.java:101)
	at org.glassfish.grizzly.threadpool.AbstractThreadPool$Worker.doWork(AbstractThreadPool.java:535)
	at org.glassfish.grizzly.threadpool.AbstractThreadPool$Worker.run(AbstractThreadPool.java:515)
	at java.base/java.lang.Thread.run(Thread.java:1583)
]]

[2025-12-04T10:06:19.180-0600] [Payara 7.2025.1] [GRAVE] [] [] [tid: _ThreadID=137 _ThreadName=http-thread-pool::http-listener-1(2)] [timeMillis: 1764864379180] [levelValue: 1000] [[
  java.lang.ClassCastException: class java.util.ArrayList cannot be cast to class com.sergio.inventarios.model.Producto (java.util.ArrayList is in module java.base of loader 'bootstrap'; com.sergio.inventarios.model.Producto is in unnamed module of loader org.glassfish.web.loader.WebappClassLoader @4cf55e9c)
	at com.sergio.inventarios.dao.ProductoDAO.listar(ProductoDAO.java:45)
	at com.sergio.inventarios.controller.ProductosController.listarActivos(ProductosController.java:33)
	at java.base/jdk.internal.reflect.DirectMethodHandleAccessor.invoke(DirectMethodHandleAccessor.java:103)
	at java.base/java.lang.reflect.Method.invoke(Method.java:580)
	at org.glassfish.jersey.server.model.internal.ResourceMethodInvocationHandlerFactory.lambda$static$0(ResourceMethodInvocationHandlerFactory.java:52)
	at org.glassfish.jersey.server.model.internal.AbstractJavaResourceMethodDispatcher$1.run(AbstractJavaResourceMethodDispatcher.java:146)
	at org.glassfish.jersey.server.model.internal.AbstractJavaResourceMethodDispatcher.invoke(AbstractJavaResourceMethodDispatcher.java:189)
	at org.glassfish.jersey.server.model.internal.JavaResourceMethodDispatcherProvider$ResponseOutInvoker.doDispatch(JavaResourceMethodDispatcherProvider.java:176)
	at org.glassfish.jersey.server.model.internal.AbstractJavaResourceMethodDispatcher.dispatch(AbstractJavaResourceMethodDispatcher.java:93)
	at org.glassfish.jersey.server.model.ResourceMethodInvoker.invoke(ResourceMethodInvoker.java:478)
	at org.glassfish.jersey.server.model.ResourceMethodInvoker.apply(ResourceMethodInvoker.java:400)
	at org.glassfish.jersey.server.model.ResourceMethodInvoker.apply(ResourceMethodInvoker.java:81)
	at org.glassfish.jersey.server.ServerRuntime$1.run(ServerRuntime.java:274)
	at org.glassfish.jersey.internal.Errors$1.call(Errors.java:248)
	at org.glassfish.jersey.internal.Errors$1.call(Errors.java:244)
	at org.glassfish.jersey.internal.Errors.process(Errors.java:292)
	at org.glassfish.jersey.internal.Errors.process(Errors.java:274)
	at org.glassfish.jersey.internal.Errors.process(Errors.java:244)
	at org.glassfish.jersey.process.internal.RequestScope.runInScope(RequestScope.java:266)
	at org.glassfish.jersey.server.ServerRuntime.process(ServerRuntime.java:253)
	at org.glassfish.jersey.server.ApplicationHandler.handle(ApplicationHandler.java:703)
	at org.glassfish.jersey.servlet.WebComponent.serviceImpl(WebComponent.java:423)
	at org.glassfish.jersey.servlet.WebComponent.service(WebComponent.java:375)
	at org.glassfish.jersey.servlet.ServletContainer.service(ServletContainer.java:358)
	at org.glassfish.jersey.servlet.ServletContainer.service(ServletContainer.java:312)
	at org.glassfish.jersey.servlet.ServletContainer.service(ServletContainer.java:205)
	at org.apache.catalina.core.StandardWrapper.service(StandardWrapper.java:1554)
	at org.apache.catalina.core.StandardWrapperValve.invoke(StandardWrapperValve.java:259)
	at org.apache.catalina.core.StandardContextValve.invoke(StandardContextValve.java:166)
	at org.apache.catalina.core.StandardPipeline.doInvoke(StandardPipeline.java:757)
	at org.apache.catalina.core.StandardPipeline.invoke(StandardPipeline.java:577)
	at com.sun.enterprise.web.WebPipeline.invoke(WebPipeline.java:99)
	at org.apache.catalina.core.StandardHostValve.invoke(StandardHostValve.java:158)
	at org.apache.catalina.connector.CoyoteAdapter.doService(CoyoteAdapter.java:366)
	at org.apache.catalina.connector.CoyoteAdapter.service(CoyoteAdapter.java:238)
	at com.sun.enterprise.v3.services.impl.ContainerMapper$HttpHandlerCallable.call(ContainerMapper.java:520)
	at com.sun.enterprise.v3.services.impl.ContainerMapper.service(ContainerMapper.java:217)
	at org.glassfish.grizzly.http.server.HttpHandler.runService(HttpHandler.java:174)
	at org.glassfish.grizzly.http.server.HttpHandler.doHandle(HttpHandler.java:153)
	at org.glassfish.grizzly.http.server.HttpServerFilter.handleRead(HttpServerFilter.java:196)
	at org.glassfish.grizzly.filterchain.ExecutorResolver$9.execute(ExecutorResolver.java:88)
	at org.glassfish.grizzly.filterchain.DefaultFilterChain.executeFilter(DefaultFilterChain.java:246)
	at org.glassfish.grizzly.filterchain.DefaultFilterChain.executeChainPart(DefaultFilterChain.java:178)
	at org.glassfish.grizzly.filterchain.DefaultFilterChain.execute(DefaultFilterChain.java:118)
	at org.glassfish.grizzly.filterchain.DefaultFilterChain.process(DefaultFilterChain.java:96)
	at org.glassfish.grizzly.ProcessorExecutor.execute(ProcessorExecutor.java:51)
	at org.glassfish.grizzly.nio.transport.TCPNIOTransport.fireIOEvent(TCPNIOTransport.java:510)
	at org.glassfish.grizzly.strategies.AbstractIOStrategy.fireIOEvent(AbstractIOStrategy.java:82)
	at org.glassfish.grizzly.strategies.WorkerThreadIOStrategy.run0(WorkerThreadIOStrategy.java:83)
	at org.glassfish.grizzly.strategies.WorkerThreadIOStrategy$WorkerThreadRunnable.run(WorkerThreadIOStrategy.java:101)
	at org.glassfish.grizzly.threadpool.AbstractThreadPool$Worker.doWork(AbstractThreadPool.java:535)
	at org.glassfish.grizzly.threadpool.AbstractThreadPool$Worker.run(AbstractThreadPool.java:515)
	at java.base/java.lang.Thread.run(Thread.java:1583)
]]

[2025-12-04T10:07:02.889-0600] [Payara 7.2025.1] [GRAVE] [] [] [tid: _ThreadID=140 _ThreadName=http-thread-pool::http-listener-1(5)] [timeMillis: 1764864422889] [levelValue: 1000] [[
  java.lang.ClassCastException: class java.util.ArrayList cannot be cast to class com.sergio.inventarios.model.Producto (java.util.ArrayList is in module java.base of loader 'bootstrap'; com.sergio.inventarios.model.Producto is in unnamed module of loader org.glassfish.web.loader.WebappClassLoader @4cf55e9c)
	at com.sergio.inventarios.dao.ProductoDAO.listar(ProductoDAO.java:45)
	at com.sergio.inventarios.controller.ProductosController.listarActivos(ProductosController.java:33)
	at java.base/jdk.internal.reflect.DirectMethodHandleAccessor.invoke(DirectMethodHandleAccessor.java:103)
	at java.base/java.lang.reflect.Method.invoke(Method.java:580)
	at org.glassfish.jersey.server.model.internal.ResourceMethodInvocationHandlerFactory.lambda$static$0(ResourceMethodInvocationHandlerFactory.java:52)
	at org.glassfish.jersey.server.model.internal.AbstractJavaResourceMethodDispatcher$1.run(AbstractJavaResourceMethodDispatcher.java:146)
	at org.glassfish.jersey.server.model.internal.AbstractJavaResourceMethodDispatcher.invoke(AbstractJavaResourceMethodDispatcher.java:189)
	at org.glassfish.jersey.server.model.internal.JavaResourceMethodDispatcherProvider$ResponseOutInvoker.doDispatch(JavaResourceMethodDispatcherProvider.java:176)
	at org.glassfish.jersey.server.model.internal.AbstractJavaResourceMethodDispatcher.dispatch(AbstractJavaResourceMethodDispatcher.java:93)
	at org.glassfish.jersey.server.model.ResourceMethodInvoker.invoke(ResourceMethodInvoker.java:478)
	at org.glassfish.jersey.server.model.ResourceMethodInvoker.apply(ResourceMethodInvoker.java:400)
	at org.glassfish.jersey.server.model.ResourceMethodInvoker.apply(ResourceMethodInvoker.java:81)
	at org.glassfish.jersey.server.ServerRuntime$1.run(ServerRuntime.java:274)
	at org.glassfish.jersey.internal.Errors$1.call(Errors.java:248)
	at org.glassfish.jersey.internal.Errors$1.call(Errors.java:244)
	at org.glassfish.jersey.internal.Errors.process(Errors.java:292)
	at org.glassfish.jersey.internal.Errors.process(Errors.java:274)
	at org.glassfish.jersey.internal.Errors.process(Errors.java:244)
	at org.glassfish.jersey.process.internal.RequestScope.runInScope(RequestScope.java:266)
	at org.glassfish.jersey.server.ServerRuntime.process(ServerRuntime.java:253)
	at org.glassfish.jersey.server.ApplicationHandler.handle(ApplicationHandler.java:703)
	at org.glassfish.jersey.servlet.WebComponent.serviceImpl(WebComponent.java:423)
	at org.glassfish.jersey.servlet.WebComponent.service(WebComponent.java:375)
	at org.glassfish.jersey.servlet.ServletContainer.service(ServletContainer.java:358)
	at org.glassfish.jersey.servlet.ServletContainer.service(ServletContainer.java:312)
	at org.glassfish.jersey.servlet.ServletContainer.service(ServletContainer.java:205)
	at org.apache.catalina.core.StandardWrapper.service(StandardWrapper.java:1554)
	at org.apache.catalina.core.StandardWrapperValve.invoke(StandardWrapperValve.java:259)
	at org.apache.catalina.core.StandardContextValve.invoke(StandardContextValve.java:166)
	at org.apache.catalina.core.StandardPipeline.doInvoke(StandardPipeline.java:757)
	at org.apache.catalina.core.StandardPipeline.invoke(StandardPipeline.java:577)
	at com.sun.enterprise.web.WebPipeline.invoke(WebPipeline.java:99)
	at org.apache.catalina.core.StandardHostValve.invoke(StandardHostValve.java:158)
	at org.apache.catalina.connector.CoyoteAdapter.doService(CoyoteAdapter.java:366)
	at org.apache.catalina.connector.CoyoteAdapter.service(CoyoteAdapter.java:238)
	at com.sun.enterprise.v3.services.impl.ContainerMapper$HttpHandlerCallable.call(ContainerMapper.java:520)
	at com.sun.enterprise.v3.services.impl.ContainerMapper.service(ContainerMapper.java:217)
	at org.glassfish.grizzly.http.server.HttpHandler.runService(HttpHandler.java:174)
	at org.glassfish.grizzly.http.server.HttpHandler.doHandle(HttpHandler.java:153)
	at org.glassfish.grizzly.http.server.HttpServerFilter.handleRead(HttpServerFilter.java:196)
	at org.glassfish.grizzly.filterchain.ExecutorResolver$9.execute(ExecutorResolver.java:88)
	at org.glassfish.grizzly.filterchain.DefaultFilterChain.executeFilter(DefaultFilterChain.java:246)
	at org.glassfish.grizzly.filterchain.DefaultFilterChain.executeChainPart(DefaultFilterChain.java:178)
	at org.glassfish.grizzly.filterchain.DefaultFilterChain.execute(DefaultFilterChain.java:118)
	at org.glassfish.grizzly.filterchain.DefaultFilterChain.process(DefaultFilterChain.java:96)
	at org.glassfish.grizzly.ProcessorExecutor.execute(ProcessorExecutor.java:51)
	at org.glassfish.grizzly.nio.transport.TCPNIOTransport.fireIOEvent(TCPNIOTransport.java:510)
	at org.glassfish.grizzly.strategies.AbstractIOStrategy.fireIOEvent(AbstractIOStrategy.java:82)
	at org.glassfish.grizzly.strategies.WorkerThreadIOStrategy.run0(WorkerThreadIOStrategy.java:83)
	at org.glassfish.grizzly.strategies.WorkerThreadIOStrategy$WorkerThreadRunnable.run(WorkerThreadIOStrategy.java:101)
	at org.glassfish.grizzly.threadpool.AbstractThreadPool$Worker.doWork(AbstractThreadPool.java:535)
	at org.glassfish.grizzly.threadpool.AbstractThreadPool$Worker.run(AbstractThreadPool.java:515)
	at java.base/java.lang.Thread.run(Thread.java:1583)
]]

[2025-12-04T10:07:18.680-0600] [Payara 7.2025.1] [GRAVE] [] [] [tid: _ThreadID=139 _ThreadName=http-thread-pool::http-listener-1(4)] [timeMillis: 1764864438680] [levelValue: 1000] [[
  java.lang.ClassCastException: class java.util.ArrayList cannot be cast to class com.sergio.inventarios.model.Producto (java.util.ArrayList is in module java.base of loader 'bootstrap'; com.sergio.inventarios.model.Producto is in unnamed module of loader org.glassfish.web.loader.WebappClassLoader @4cf55e9c)
	at com.sergio.inventarios.dao.ProductoDAO.listar(ProductoDAO.java:45)
	at com.sergio.inventarios.controller.ProductosController.listarActivos(ProductosController.java:33)
	at java.base/jdk.internal.reflect.DirectMethodHandleAccessor.invoke(DirectMethodHandleAccessor.java:103)
	at java.base/java.lang.reflect.Method.invoke(Method.java:580)
	at org.glassfish.jersey.server.model.internal.ResourceMethodInvocationHandlerFactory.lambda$static$0(ResourceMethodInvocationHandlerFactory.java:52)
	at org.glassfish.jersey.server.model.internal.AbstractJavaResourceMethodDispatcher$1.run(AbstractJavaResourceMethodDispatcher.java:146)
	at org.glassfish.jersey.server.model.internal.AbstractJavaResourceMethodDispatcher.invoke(AbstractJavaResourceMethodDispatcher.java:189)
	at org.glassfish.jersey.server.model.internal.JavaResourceMethodDispatcherProvider$ResponseOutInvoker.doDispatch(JavaResourceMethodDispatcherProvider.java:176)
	at org.glassfish.jersey.server.model.internal.AbstractJavaResourceMethodDispatcher.dispatch(AbstractJavaResourceMethodDispatcher.java:93)
	at org.glassfish.jersey.server.model.ResourceMethodInvoker.invoke(ResourceMethodInvoker.java:478)
	at org.glassfish.jersey.server.model.ResourceMethodInvoker.apply(ResourceMethodInvoker.java:400)
	at org.glassfish.jersey.server.model.ResourceMethodInvoker.apply(ResourceMethodInvoker.java:81)
	at org.glassfish.jersey.server.ServerRuntime$1.run(ServerRuntime.java:274)
	at org.glassfish.jersey.internal.Errors$1.call(Errors.java:248)
	at org.glassfish.jersey.internal.Errors$1.call(Errors.java:244)
	at org.glassfish.jersey.internal.Errors.process(Errors.java:292)
	at org.glassfish.jersey.internal.Errors.process(Errors.java:274)
	at org.glassfish.jersey.internal.Errors.process(Errors.java:244)
	at org.glassfish.jersey.process.internal.RequestScope.runInScope(RequestScope.java:266)
	at org.glassfish.jersey.server.ServerRuntime.process(ServerRuntime.java:253)
	at org.glassfish.jersey.server.ApplicationHandler.handle(ApplicationHandler.java:703)
	at org.glassfish.jersey.servlet.WebComponent.serviceImpl(WebComponent.java:423)
	at org.glassfish.jersey.servlet.WebComponent.service(WebComponent.java:375)
	at org.glassfish.jersey.servlet.ServletContainer.service(ServletContainer.java:358)
	at org.glassfish.jersey.servlet.ServletContainer.service(ServletContainer.java:312)
	at org.glassfish.jersey.servlet.ServletContainer.service(ServletContainer.java:205)
	at org.apache.catalina.core.StandardWrapper.service(StandardWrapper.java:1554)
	at org.apache.catalina.core.StandardWrapperValve.invoke(StandardWrapperValve.java:259)
	at org.apache.catalina.core.StandardContextValve.invoke(StandardContextValve.java:166)
	at org.apache.catalina.core.StandardPipeline.doInvoke(StandardPipeline.java:757)
	at org.apache.catalina.core.StandardPipeline.invoke(StandardPipeline.java:577)
	at com.sun.enterprise.web.WebPipeline.invoke(WebPipeline.java:99)
	at org.apache.catalina.core.StandardHostValve.invoke(StandardHostValve.java:158)
	at org.apache.catalina.connector.CoyoteAdapter.doService(CoyoteAdapter.java:366)
	at org.apache.catalina.connector.CoyoteAdapter.service(CoyoteAdapter.java:238)
	at com.sun.enterprise.v3.services.impl.ContainerMapper$HttpHandlerCallable.call(ContainerMapper.java:520)
	at com.sun.enterprise.v3.services.impl.ContainerMapper.service(ContainerMapper.java:217)
	at org.glassfish.grizzly.http.server.HttpHandler.runService(HttpHandler.java:174)
	at org.glassfish.grizzly.http.server.HttpHandler.doHandle(HttpHandler.java:153)
	at org.glassfish.grizzly.http.server.HttpServerFilter.handleRead(HttpServerFilter.java:196)
	at org.glassfish.grizzly.filterchain.ExecutorResolver$9.execute(ExecutorResolver.java:88)
	at org.glassfish.grizzly.filterchain.DefaultFilterChain.executeFilter(DefaultFilterChain.java:246)
	at org.glassfish.grizzly.filterchain.DefaultFilterChain.executeChainPart(DefaultFilterChain.java:178)
	at org.glassfish.grizzly.filterchain.DefaultFilterChain.execute(DefaultFilterChain.java:118)
	at org.glassfish.grizzly.filterchain.DefaultFilterChain.process(DefaultFilterChain.java:96)
	at org.glassfish.grizzly.ProcessorExecutor.execute(ProcessorExecutor.java:51)
	at org.glassfish.grizzly.nio.transport.TCPNIOTransport.fireIOEvent(TCPNIOTransport.java:510)
	at org.glassfish.grizzly.strategies.AbstractIOStrategy.fireIOEvent(AbstractIOStrategy.java:82)
	at org.glassfish.grizzly.strategies.WorkerThreadIOStrategy.run0(WorkerThreadIOStrategy.java:83)
	at org.glassfish.grizzly.strategies.WorkerThreadIOStrategy$WorkerThreadRunnable.run(WorkerThreadIOStrategy.java:101)
	at org.glassfish.grizzly.threadpool.AbstractThreadPool$Worker.doWork(AbstractThreadPool.java:535)
	at org.glassfish.grizzly.threadpool.AbstractThreadPool$Worker.run(AbstractThreadPool.java:515)
	at java.base/java.lang.Thread.run(Thread.java:1583)
]]

[2025-12-04T10:08:46.386-0600] [Payara 7.2025.1] [GRAVE] [] [] [tid: _ThreadID=136 _ThreadName=http-thread-pool::http-listener-1(1)] [timeMillis: 1764864526386] [levelValue: 1000] [[
  java.lang.ClassCastException: class java.util.ArrayList cannot be cast to class com.sergio.inventarios.model.Producto (java.util.ArrayList is in module java.base of loader 'bootstrap'; com.sergio.inventarios.model.Producto is in unnamed module of loader org.glassfish.web.loader.WebappClassLoader @4cf55e9c)
	at com.sergio.inventarios.dao.ProductoDAO.listar(ProductoDAO.java:45)
	at com.sergio.inventarios.controller.ProductosController.listarActivos(ProductosController.java:33)
	at java.base/jdk.internal.reflect.DirectMethodHandleAccessor.invoke(DirectMethodHandleAccessor.java:103)
	at java.base/java.lang.reflect.Method.invoke(Method.java:580)
	at org.glassfish.jersey.server.model.internal.ResourceMethodInvocationHandlerFactory.lambda$static$0(ResourceMethodInvocationHandlerFactory.java:52)
	at org.glassfish.jersey.server.model.internal.AbstractJavaResourceMethodDispatcher$1.run(AbstractJavaResourceMethodDispatcher.java:146)
	at org.glassfish.jersey.server.model.internal.AbstractJavaResourceMethodDispatcher.invoke(AbstractJavaResourceMethodDispatcher.java:189)
	at org.glassfish.jersey.server.model.internal.JavaResourceMethodDispatcherProvider$ResponseOutInvoker.doDispatch(JavaResourceMethodDispatcherProvider.java:176)
	at org.glassfish.jersey.server.model.internal.AbstractJavaResourceMethodDispatcher.dispatch(AbstractJavaResourceMethodDispatcher.java:93)
	at org.glassfish.jersey.server.model.ResourceMethodInvoker.invoke(ResourceMethodInvoker.java:478)
	at org.glassfish.jersey.server.model.ResourceMethodInvoker.apply(ResourceMethodInvoker.java:400)
	at org.glassfish.jersey.server.model.ResourceMethodInvoker.apply(ResourceMethodInvoker.java:81)
	at org.glassfish.jersey.server.ServerRuntime$1.run(ServerRuntime.java:274)
	at org.glassfish.jersey.internal.Errors$1.call(Errors.java:248)
	at org.glassfish.jersey.internal.Errors$1.call(Errors.java:244)
	at org.glassfish.jersey.internal.Errors.process(Errors.java:292)
	at org.glassfish.jersey.internal.Errors.process(Errors.java:274)
	at org.glassfish.jersey.internal.Errors.process(Errors.java:244)
	at org.glassfish.jersey.process.internal.RequestScope.runInScope(RequestScope.java:266)
	at org.glassfish.jersey.server.ServerRuntime.process(ServerRuntime.java:253)
	at org.glassfish.jersey.server.ApplicationHandler.handle(ApplicationHandler.java:703)
	at org.glassfish.jersey.servlet.WebComponent.serviceImpl(WebComponent.java:423)
	at org.glassfish.jersey.servlet.WebComponent.service(WebComponent.java:375)
	at org.glassfish.jersey.servlet.ServletContainer.service(ServletContainer.java:358)
	at org.glassfish.jersey.servlet.ServletContainer.service(ServletContainer.java:312)
	at org.glassfish.jersey.servlet.ServletContainer.service(ServletContainer.java:205)
	at org.apache.catalina.core.StandardWrapper.service(StandardWrapper.java:1554)
	at org.apache.catalina.core.StandardWrapperValve.invoke(StandardWrapperValve.java:259)
	at org.apache.catalina.core.StandardContextValve.invoke(StandardContextValve.java:166)
	at org.apache.catalina.core.StandardPipeline.doInvoke(StandardPipeline.java:757)
	at org.apache.catalina.core.StandardPipeline.invoke(StandardPipeline.java:577)
	at com.sun.enterprise.web.WebPipeline.invoke(WebPipeline.java:99)
	at org.apache.catalina.core.StandardHostValve.invoke(StandardHostValve.java:158)
	at org.apache.catalina.connector.CoyoteAdapter.doService(CoyoteAdapter.java:366)
	at org.apache.catalina.connector.CoyoteAdapter.service(CoyoteAdapter.java:238)
	at com.sun.enterprise.v3.services.impl.ContainerMapper$HttpHandlerCallable.call(ContainerMapper.java:520)
	at com.sun.enterprise.v3.services.impl.ContainerMapper.service(ContainerMapper.java:217)
	at org.glassfish.grizzly.http.server.HttpHandler.runService(HttpHandler.java:174)
	at org.glassfish.grizzly.http.server.HttpHandler.doHandle(HttpHandler.java:153)
	at org.glassfish.grizzly.http.server.HttpServerFilter.handleRead(HttpServerFilter.java:196)
	at org.glassfish.grizzly.filterchain.ExecutorResolver$9.execute(ExecutorResolver.java:88)
	at org.glassfish.grizzly.filterchain.DefaultFilterChain.executeFilter(DefaultFilterChain.java:246)
	at org.glassfish.grizzly.filterchain.DefaultFilterChain.executeChainPart(DefaultFilterChain.java:178)
	at org.glassfish.grizzly.filterchain.DefaultFilterChain.execute(DefaultFilterChain.java:118)
	at org.glassfish.grizzly.filterchain.DefaultFilterChain.process(DefaultFilterChain.java:96)
	at org.glassfish.grizzly.ProcessorExecutor.execute(ProcessorExecutor.java:51)
	at org.glassfish.grizzly.nio.transport.TCPNIOTransport.fireIOEvent(TCPNIOTransport.java:510)
	at org.glassfish.grizzly.strategies.AbstractIOStrategy.fireIOEvent(AbstractIOStrategy.java:82)
	at org.glassfish.grizzly.strategies.WorkerThreadIOStrategy.run0(WorkerThreadIOStrategy.java:83)
	at org.glassfish.grizzly.strategies.WorkerThreadIOStrategy$WorkerThreadRunnable.run(WorkerThreadIOStrategy.java:101)
	at org.glassfish.grizzly.threadpool.AbstractThreadPool$Worker.doWork(AbstractThreadPool.java:535)
	at org.glassfish.grizzly.threadpool.AbstractThreadPool$Worker.run(AbstractThreadPool.java:515)
	at java.base/java.lang.Thread.run(Thread.java:1583)
]]

[2025-12-04T10:09:19.423-0600] [Payara 7.2025.1] [ADVERTENCIA] [] [jakarta.enterprise.web.util] [tid: _ThreadID=187 _ThreadName=admin-thread-pool::admin-listener(3)] [timeMillis: 1764864559423] [levelValue: 900] [[
  The web application [/Inventarios] registered the JDBC driver [com.mysql.cj.jdbc.Driver] but failed to unregister it when the web application was stopped. To prevent a memory leak, the JDBC Driver has been forcibly unregistered.]]

[2025-12-04T10:09:19.960-0600] [Payara 7.2025.1] [INFORMACIÓN] [] [javax.enterprise.system.core] [tid: _ThreadID=186 _ThreadName=admin-thread-pool::admin-listener(2)] [timeMillis: 1764864559960] [levelValue: 800] [[
  No deployment transformer implementation found.]]

[2025-12-04T10:09:20.175-0600] [Payara 7.2025.1] [INFORMACIÓN] [] [org.eclipse.persistence.session./file:/C:/Users/SISTEMAS DESARROLLO2/Documents/NetBeansProjects/Inventarios/target/Inventarios-1.0-SNAPSHOT/WEB-INF/classes/_my_persistence_unit] [tid: _ThreadID=186 _ThreadName=admin-thread-pool::admin-listener(2)] [timeMillis: 1764864560175] [levelValue: 800] [[
  EclipseLink, version: Eclipse Persistence Services - 5.0.0-B08.payara-p1.v202511041741-60b8f7dca8141786130b4d36785fdcc926eb8cff]]

[2025-12-04T10:09:20.771-0600] [Payara 7.2025.1] [INFORMACIÓN] [] [org.eclipse.krazo.servlet.KrazoContainerInitializer] [tid: _ThreadID=186 _ThreadName=admin-thread-pool::admin-listener(2)] [timeMillis: 1764864560771] [levelValue: 800] [[
  Eclipse Krazo version 4.0.0 started]]

[2025-12-04T10:09:20.775-0600] [Payara 7.2025.1] [INFORMACIÓN] [] [org.glassfish.soteria.servlet.SamRegistrationInstaller] [tid: _ThreadID=186 _ThreadName=admin-thread-pool::admin-listener(2)] [timeMillis: 1764864560775] [levelValue: 800] [[
  Initializing Soteria 4.0.1.payara-p1 for context '/Inventarios']]

[2025-12-04T10:09:21.006-0600] [Payara 7.2025.1] [INFORMACIÓN] [AS-WEB-GLUE-00172] [jakarta.enterprise.web] [tid: _ThreadID=186 _ThreadName=admin-thread-pool::admin-listener(2)] [timeMillis: 1764864561006] [levelValue: 800] [[
  Loading application [Inventarios-1.0-SNAPSHOT] at [/Inventarios]]]

[2025-12-04T10:09:21.041-0600] [Payara 7.2025.1] [INFORMACIÓN] [] [javax.enterprise.system.core] [tid: _ThreadID=186 _ThreadName=admin-thread-pool::admin-listener(2)] [timeMillis: 1764864561041] [levelValue: 800] [[
  Inventarios-1.0-SNAPSHOT was successfully deployed in 1,427 milliseconds.]]

[2025-12-04T10:17:48.276-0600] [Payara 7.2025.1] [ADVERTENCIA] [] [jakarta.enterprise.web.util] [tid: _ThreadID=186 _ThreadName=admin-thread-pool::admin-listener(2)] [timeMillis: 1764865068276] [levelValue: 900] [[
  The web application [/Inventarios] registered the JDBC driver [com.mysql.cj.jdbc.Driver] but failed to unregister it when the web application was stopped. To prevent a memory leak, the JDBC Driver has been forcibly unregistered.]]

[2025-12-04T10:17:48.658-0600] [Payara 7.2025.1] [INFORMACIÓN] [] [javax.enterprise.system.core] [tid: _ThreadID=187 _ThreadName=admin-thread-pool::admin-listener(3)] [timeMillis: 1764865068658] [levelValue: 800] [[
  No deployment transformer implementation found.]]

[2025-12-04T10:17:48.773-0600] [Payara 7.2025.1] [INFORMACIÓN] [] [org.eclipse.persistence.session./file:/C:/Users/SISTEMAS DESARROLLO2/Documents/NetBeansProjects/Inventarios/target/Inventarios-1.0-SNAPSHOT/WEB-INF/classes/_my_persistence_unit] [tid: _ThreadID=187 _ThreadName=admin-thread-pool::admin-listener(3)] [timeMillis: 1764865068773] [levelValue: 800] [[
  EclipseLink, version: Eclipse Persistence Services - 5.0.0-B08.payara-p1.v202511041741-60b8f7dca8141786130b4d36785fdcc926eb8cff]]

[2025-12-04T10:17:49.151-0600] [Payara 7.2025.1] [INFORMACIÓN] [] [org.eclipse.krazo.servlet.KrazoContainerInitializer] [tid: _ThreadID=187 _ThreadName=admin-thread-pool::admin-listener(3)] [timeMillis: 1764865069151] [levelValue: 800] [[
  Eclipse Krazo version 4.0.0 started]]

[2025-12-04T10:17:49.155-0600] [Payara 7.2025.1] [INFORMACIÓN] [] [org.glassfish.soteria.servlet.SamRegistrationInstaller] [tid: _ThreadID=187 _ThreadName=admin-thread-pool::admin-listener(3)] [timeMillis: 1764865069155] [levelValue: 800] [[
  Initializing Soteria 4.0.1.payara-p1 for context '/Inventarios']]

[2025-12-04T10:17:49.341-0600] [Payara 7.2025.1] [INFORMACIÓN] [AS-WEB-GLUE-00172] [jakarta.enterprise.web] [tid: _ThreadID=187 _ThreadName=admin-thread-pool::admin-listener(3)] [timeMillis: 1764865069341] [levelValue: 800] [[
  Loading application [Inventarios-1.0-SNAPSHOT] at [/Inventarios]]]

[2025-12-04T10:17:49.377-0600] [Payara 7.2025.1] [INFORMACIÓN] [] [javax.enterprise.system.core] [tid: _ThreadID=187 _ThreadName=admin-thread-pool::admin-listener(3)] [timeMillis: 1764865069377] [levelValue: 800] [[
  Inventarios-1.0-SNAPSHOT was successfully deployed in 956 milliseconds.]]

[2025-12-04T10:19:17.505-0600] [Payara 7.2025.1] [ADVERTENCIA] [] [jakarta.enterprise.web.util] [tid: _ThreadID=187 _ThreadName=admin-thread-pool::admin-listener(3)] [timeMillis: 1764865157505] [levelValue: 900] [[
  The web application [/Inventarios] registered the JDBC driver [com.mysql.cj.jdbc.Driver] but failed to unregister it when the web application was stopped. To prevent a memory leak, the JDBC Driver has been forcibly unregistered.]]

[2025-12-04T10:19:17.776-0600] [Payara 7.2025.1] [INFORMACIÓN] [] [javax.enterprise.system.core] [tid: _ThreadID=186 _ThreadName=admin-thread-pool::admin-listener(2)] [timeMillis: 1764865157776] [levelValue: 800] [[
  No deployment transformer implementation found.]]

[2025-12-04T10:19:17.871-0600] [Payara 7.2025.1] [INFORMACIÓN] [] [org.eclipse.persistence.session./file:/C:/Users/SISTEMAS DESARROLLO2/Documents/NetBeansProjects/Inventarios/target/Inventarios-1.0-SNAPSHOT/WEB-INF/classes/_my_persistence_unit] [tid: _ThreadID=186 _ThreadName=admin-thread-pool::admin-listener(2)] [timeMillis: 1764865157871] [levelValue: 800] [[
  EclipseLink, version: Eclipse Persistence Services - 5.0.0-B08.payara-p1.v202511041741-60b8f7dca8141786130b4d36785fdcc926eb8cff]]

[2025-12-04T10:19:18.105-0600] [Payara 7.2025.1] [INFORMACIÓN] [] [org.eclipse.krazo.servlet.KrazoContainerInitializer] [tid: _ThreadID=186 _ThreadName=admin-thread-pool::admin-listener(2)] [timeMillis: 1764865158105] [levelValue: 800] [[
  Eclipse Krazo version 4.0.0 started]]

[2025-12-04T10:19:18.108-0600] [Payara 7.2025.1] [INFORMACIÓN] [] [org.glassfish.soteria.servlet.SamRegistrationInstaller] [tid: _ThreadID=186 _ThreadName=admin-thread-pool::admin-listener(2)] [timeMillis: 1764865158108] [levelValue: 800] [[
  Initializing Soteria 4.0.1.payara-p1 for context '/Inventarios']]

[2025-12-04T10:19:18.225-0600] [Payara 7.2025.1] [INFORMACIÓN] [AS-WEB-GLUE-00172] [jakarta.enterprise.web] [tid: _ThreadID=186 _ThreadName=admin-thread-pool::admin-listener(2)] [timeMillis: 1764865158225] [levelValue: 800] [[
  Loading application [Inventarios-1.0-SNAPSHOT] at [/Inventarios]]]

[2025-12-04T10:19:18.268-0600] [Payara 7.2025.1] [INFORMACIÓN] [] [javax.enterprise.system.core] [tid: _ThreadID=186 _ThreadName=admin-thread-pool::admin-listener(2)] [timeMillis: 1764865158268] [levelValue: 800] [[
  Inventarios-1.0-SNAPSHOT was successfully deployed in 614 milliseconds.]]

[2025-12-04T10:24:32.253-0600] [Payara 7.2025.1] [ADVERTENCIA] [] [jakarta.enterprise.web.util] [tid: _ThreadID=187 _ThreadName=admin-thread-pool::admin-listener(3)] [timeMillis: 1764865472253] [levelValue: 900] [[
  The web application [/Inventarios] registered the JDBC driver [com.mysql.cj.jdbc.Driver] but failed to unregister it when the web application was stopped. To prevent a memory leak, the JDBC Driver has been forcibly unregistered.]]

[2025-12-04T10:24:32.538-0600] [Payara 7.2025.1] [INFORMACIÓN] [] [javax.enterprise.system.core] [tid: _ThreadID=150 _ThreadName=admin-thread-pool::admin-listener(1)] [timeMillis: 1764865472538] [levelValue: 800] [[
  No deployment transformer implementation found.]]

[2025-12-04T10:24:32.630-0600] [Payara 7.2025.1] [INFORMACIÓN] [] [org.eclipse.persistence.session./file:/C:/Users/SISTEMAS DESARROLLO2/Documents/NetBeansProjects/Inventarios/target/Inventarios-1.0-SNAPSHOT/WEB-INF/classes/_my_persistence_unit] [tid: _ThreadID=150 _ThreadName=admin-thread-pool::admin-listener(1)] [timeMillis: 1764865472630] [levelValue: 800] [[
  EclipseLink, version: Eclipse Persistence Services - 5.0.0-B08.payara-p1.v202511041741-60b8f7dca8141786130b4d36785fdcc926eb8cff]]

[2025-12-04T10:24:32.885-0600] [Payara 7.2025.1] [INFORMACIÓN] [] [org.eclipse.krazo.servlet.KrazoContainerInitializer] [tid: _ThreadID=150 _ThreadName=admin-thread-pool::admin-listener(1)] [timeMillis: 1764865472885] [levelValue: 800] [[
  Eclipse Krazo version 4.0.0 started]]

[2025-12-04T10:24:32.887-0600] [Payara 7.2025.1] [INFORMACIÓN] [] [org.glassfish.soteria.servlet.SamRegistrationInstaller] [tid: _ThreadID=150 _ThreadName=admin-thread-pool::admin-listener(1)] [timeMillis: 1764865472887] [levelValue: 800] [[
  Initializing Soteria 4.0.1.payara-p1 for context '/Inventarios']]

[2025-12-04T10:24:32.999-0600] [Payara 7.2025.1] [INFORMACIÓN] [AS-WEB-GLUE-00172] [jakarta.enterprise.web] [tid: _ThreadID=150 _ThreadName=admin-thread-pool::admin-listener(1)] [timeMillis: 1764865472999] [levelValue: 800] [[
  Loading application [Inventarios-1.0-SNAPSHOT] at [/Inventarios]]]

[2025-12-04T10:24:33.025-0600] [Payara 7.2025.1] [INFORMACIÓN] [] [javax.enterprise.system.core] [tid: _ThreadID=150 _ThreadName=admin-thread-pool::admin-listener(1)] [timeMillis: 1764865473025] [levelValue: 800] [[
  Inventarios-1.0-SNAPSHOT was successfully deployed in 639 milliseconds.]]

[2025-12-04T10:26:13.882-0600] [Payara 7.2025.1] [ADVERTENCIA] [] [jakarta.enterprise.web.util] [tid: _ThreadID=150 _ThreadName=admin-thread-pool::admin-listener(1)] [timeMillis: 1764865573882] [levelValue: 900] [[
  The web application [/Inventarios] registered the JDBC driver [com.mysql.cj.jdbc.Driver] but failed to unregister it when the web application was stopped. To prevent a memory leak, the JDBC Driver has been forcibly unregistered.]]

[2025-12-04T10:26:14.152-0600] [Payara 7.2025.1] [INFORMACIÓN] [] [javax.enterprise.system.core] [tid: _ThreadID=186 _ThreadName=admin-thread-pool::admin-listener(2)] [timeMillis: 1764865574152] [levelValue: 800] [[
  No deployment transformer implementation found.]]

[2025-12-04T10:26:14.239-0600] [Payara 7.2025.1] [INFORMACIÓN] [] [org.eclipse.persistence.session./file:/C:/Users/SISTEMAS DESARROLLO2/Documents/NetBeansProjects/Inventarios/target/Inventarios-1.0-SNAPSHOT/WEB-INF/classes/_my_persistence_unit] [tid: _ThreadID=186 _ThreadName=admin-thread-pool::admin-listener(2)] [timeMillis: 1764865574239] [levelValue: 800] [[
  EclipseLink, version: Eclipse Persistence Services - 5.0.0-B08.payara-p1.v202511041741-60b8f7dca8141786130b4d36785fdcc926eb8cff]]

[2025-12-04T10:26:14.444-0600] [Payara 7.2025.1] [INFORMACIÓN] [] [org.eclipse.krazo.servlet.KrazoContainerInitializer] [tid: _ThreadID=186 _ThreadName=admin-thread-pool::admin-listener(2)] [timeMillis: 1764865574444] [levelValue: 800] [[
  Eclipse Krazo version 4.0.0 started]]

[2025-12-04T10:26:14.447-0600] [Payara 7.2025.1] [INFORMACIÓN] [] [org.glassfish.soteria.servlet.SamRegistrationInstaller] [tid: _ThreadID=186 _ThreadName=admin-thread-pool::admin-listener(2)] [timeMillis: 1764865574447] [levelValue: 800] [[
  Initializing Soteria 4.0.1.payara-p1 for context '/Inventarios']]

[2025-12-04T10:26:14.547-0600] [Payara 7.2025.1] [INFORMACIÓN] [AS-WEB-GLUE-00172] [jakarta.enterprise.web] [tid: _ThreadID=186 _ThreadName=admin-thread-pool::admin-listener(2)] [timeMillis: 1764865574547] [levelValue: 800] [[
  Loading application [Inventarios-1.0-SNAPSHOT] at [/Inventarios]]]

[2025-12-04T10:26:14.568-0600] [Payara 7.2025.1] [INFORMACIÓN] [] [javax.enterprise.system.core] [tid: _ThreadID=186 _ThreadName=admin-thread-pool::admin-listener(2)] [timeMillis: 1764865574568] [levelValue: 800] [[
  Inventarios-1.0-SNAPSHOT was successfully deployed in 558 milliseconds.]]

[2025-12-04T10:27:18.228-0600] [Payara 7.2025.1] [ADVERTENCIA] [] [jakarta.enterprise.web.util] [tid: _ThreadID=150 _ThreadName=admin-thread-pool::admin-listener(1)] [timeMillis: 1764865638228] [levelValue: 900] [[
  The web application [/Inventarios] registered the JDBC driver [com.mysql.cj.jdbc.Driver] but failed to unregister it when the web application was stopped. To prevent a memory leak, the JDBC Driver has been forcibly unregistered.]]

[2025-12-04T10:27:18.504-0600] [Payara 7.2025.1] [INFORMACIÓN] [] [javax.enterprise.system.core] [tid: _ThreadID=187 _ThreadName=admin-thread-pool::admin-listener(3)] [timeMillis: 1764865638504] [levelValue: 800] [[
  No deployment transformer implementation found.]]

[2025-12-04T10:27:18.589-0600] [Payara 7.2025.1] [INFORMACIÓN] [] [org.eclipse.persistence.session./file:/C:/Users/SISTEMAS DESARROLLO2/Documents/NetBeansProjects/Inventarios/target/Inventarios-1.0-SNAPSHOT/WEB-INF/classes/_my_persistence_unit] [tid: _ThreadID=187 _ThreadName=admin-thread-pool::admin-listener(3)] [timeMillis: 1764865638589] [levelValue: 800] [[
  EclipseLink, version: Eclipse Persistence Services - 5.0.0-B08.payara-p1.v202511041741-60b8f7dca8141786130b4d36785fdcc926eb8cff]]

[2025-12-04T10:27:18.795-0600] [Payara 7.2025.1] [INFORMACIÓN] [] [org.eclipse.krazo.servlet.KrazoContainerInitializer] [tid: _ThreadID=187 _ThreadName=admin-thread-pool::admin-listener(3)] [timeMillis: 1764865638795] [levelValue: 800] [[
  Eclipse Krazo version 4.0.0 started]]

[2025-12-04T10:27:18.797-0600] [Payara 7.2025.1] [INFORMACIÓN] [] [org.glassfish.soteria.servlet.SamRegistrationInstaller] [tid: _ThreadID=187 _ThreadName=admin-thread-pool::admin-listener(3)] [timeMillis: 1764865638797] [levelValue: 800] [[
  Initializing Soteria 4.0.1.payara-p1 for context '/Inventarios']]

[2025-12-04T10:27:18.885-0600] [Payara 7.2025.1] [INFORMACIÓN] [AS-WEB-GLUE-00172] [jakarta.enterprise.web] [tid: _ThreadID=187 _ThreadName=admin-thread-pool::admin-listener(3)] [timeMillis: 1764865638885] [levelValue: 800] [[
  Loading application [Inventarios-1.0-SNAPSHOT] at [/Inventarios]]]

[2025-12-04T10:27:18.911-0600] [Payara 7.2025.1] [INFORMACIÓN] [] [javax.enterprise.system.core] [tid: _ThreadID=187 _ThreadName=admin-thread-pool::admin-listener(3)] [timeMillis: 1764865638911] [levelValue: 800] [[
  Inventarios-1.0-SNAPSHOT was successfully deployed in 549 milliseconds.]]

[2025-12-04T10:33:31.840-0600] [Payara 7.2025.1] [ADVERTENCIA] [] [jakarta.enterprise.web.util] [tid: _ThreadID=186 _ThreadName=admin-thread-pool::admin-listener(2)] [timeMillis: 1764866011840] [levelValue: 900] [[
  The web application [/Inventarios] registered the JDBC driver [com.mysql.cj.jdbc.Driver] but failed to unregister it when the web application was stopped. To prevent a memory leak, the JDBC Driver has been forcibly unregistered.]]

[2025-12-04T10:33:54.964-0600] [Payara 7.2025.1] [INFORMACIÓN] [] [javax.enterprise.system.core] [tid: _ThreadID=187 _ThreadName=admin-thread-pool::admin-listener(3)] [timeMillis: 1764866034964] [levelValue: 800] [[
  No deployment transformer implementation found.]]

[2025-12-04T10:33:55.081-0600] [Payara 7.2025.1] [INFORMACIÓN] [] [org.eclipse.persistence.session./file:/C:/Users/SISTEMAS DESARROLLO2/Documents/NetBeansProjects/Inventarios/target/Inventarios-1.0-SNAPSHOT/WEB-INF/classes/_my_persistence_unit] [tid: _ThreadID=187 _ThreadName=admin-thread-pool::admin-listener(3)] [timeMillis: 1764866035081] [levelValue: 800] [[
  EclipseLink, version: Eclipse Persistence Services - 5.0.0-B08.payara-p1.v202511041741-60b8f7dca8141786130b4d36785fdcc926eb8cff]]

[2025-12-04T10:33:55.502-0600] [Payara 7.2025.1] [INFORMACIÓN] [] [org.eclipse.krazo.servlet.KrazoContainerInitializer] [tid: _ThreadID=187 _ThreadName=admin-thread-pool::admin-listener(3)] [timeMillis: 1764866035502] [levelValue: 800] [[
  Eclipse Krazo version 4.0.0 started]]

[2025-12-04T10:33:55.506-0600] [Payara 7.2025.1] [INFORMACIÓN] [] [org.glassfish.soteria.servlet.SamRegistrationInstaller] [tid: _ThreadID=187 _ThreadName=admin-thread-pool::admin-listener(3)] [timeMillis: 1764866035506] [levelValue: 800] [[
  Initializing Soteria 4.0.1.payara-p1 for context '/Inventarios']]

[2025-12-04T10:33:55.627-0600] [Payara 7.2025.1] [INFORMACIÓN] [AS-WEB-GLUE-00172] [jakarta.enterprise.web] [tid: _ThreadID=187 _ThreadName=admin-thread-pool::admin-listener(3)] [timeMillis: 1764866035627] [levelValue: 800] [[
  Loading application [Inventarios-1.0-SNAPSHOT] at [/Inventarios]]]

[2025-12-04T10:33:55.682-0600] [Payara 7.2025.1] [INFORMACIÓN] [] [javax.enterprise.system.core] [tid: _ThreadID=187 _ThreadName=admin-thread-pool::admin-listener(3)] [timeMillis: 1764866035682] [levelValue: 800] [[
  Inventarios-1.0-SNAPSHOT was successfully deployed in 860 milliseconds.]]

[2025-12-04T10:58:22.204-0600] [Payara 7.2025.1] [INFORMACIÓN] [] [javax.enterprise.system.core] [tid: _ThreadID=150 _ThreadName=admin-thread-pool::admin-listener(1)] [timeMillis: 1764867502204] [levelValue: 800] [[
  No deployment transformer implementation found.]]

[2025-12-04T10:58:22.730-0600] [Payara 7.2025.1] [INFORMACIÓN] [] [org.eclipse.persistence.session./file:/C:/Users/SISTEMAS DESARROLLO2/Documents/NetBeansProjects/Inventarios/target/Inventarios-1.0-SNAPSHOT/WEB-INF/classes/_my_persistence_unit] [tid: _ThreadID=150 _ThreadName=admin-thread-pool::admin-listener(1)] [timeMillis: 1764867502730] [levelValue: 800] [[
  EclipseLink, version: Eclipse Persistence Services - 5.0.0-B08.payara-p1.v202511041741-60b8f7dca8141786130b4d36785fdcc926eb8cff]]

[2025-12-04T10:58:23.259-0600] [Payara 7.2025.1] [INFORMACIÓN] [] [org.eclipse.krazo.servlet.KrazoContainerInitializer] [tid: _ThreadID=150 _ThreadName=admin-thread-pool::admin-listener(1)] [timeMillis: 1764867503259] [levelValue: 800] [[
  Eclipse Krazo version 4.0.0 started]]

[2025-12-04T10:58:23.265-0600] [Payara 7.2025.1] [INFORMACIÓN] [] [org.glassfish.soteria.servlet.SamRegistrationInstaller] [tid: _ThreadID=150 _ThreadName=admin-thread-pool::admin-listener(1)] [timeMillis: 1764867503265] [levelValue: 800] [[
  Initializing Soteria 4.0.1.payara-p1 for context '/Inventarios']]

[2025-12-04T10:58:23.477-0600] [Payara 7.2025.1] [INFORMACIÓN] [AS-WEB-GLUE-00172] [jakarta.enterprise.web] [tid: _ThreadID=150 _ThreadName=admin-thread-pool::admin-listener(1)] [timeMillis: 1764867503477] [levelValue: 800] [[
  Loading application [Inventarios-1.0-SNAPSHOT] at [/Inventarios]]]

[2025-12-04T10:58:23.527-0600] [Payara 7.2025.1] [INFORMACIÓN] [] [javax.enterprise.system.core] [tid: _ThreadID=150 _ThreadName=admin-thread-pool::admin-listener(1)] [timeMillis: 1764867503527] [levelValue: 800] [[
  Inventarios-1.0-SNAPSHOT was successfully deployed in 1,949 milliseconds.]]

[2025-12-04T11:21:07.082-0600] [Payara 7.2025.1] [ADVERTENCIA] [] [jakarta.enterprise.web.util] [tid: _ThreadID=195 _ThreadName=admin-thread-pool::admin-listener(4)] [timeMillis: 1764868867082] [levelValue: 900] [[
  The web application [/Inventarios] registered the JDBC driver [com.mysql.cj.jdbc.Driver] but failed to unregister it when the web application was stopped. To prevent a memory leak, the JDBC Driver has been forcibly unregistered.]]

[2025-12-04T11:21:07.977-0600] [Payara 7.2025.1] [INFORMACIÓN] [] [javax.enterprise.system.core] [tid: _ThreadID=186 _ThreadName=admin-thread-pool::admin-listener(2)] [timeMillis: 1764868867977] [levelValue: 800] [[
  No deployment transformer implementation found.]]

[2025-12-04T11:21:08.304-0600] [Payara 7.2025.1] [INFORMACIÓN] [] [org.eclipse.persistence.session./file:/C:/Users/SISTEMAS DESARROLLO2/Documents/NetBeansProjects/Inventarios/target/Inventarios-1.0-SNAPSHOT/WEB-INF/classes/_my_persistence_unit] [tid: _ThreadID=186 _ThreadName=admin-thread-pool::admin-listener(2)] [timeMillis: 1764868868304] [levelValue: 800] [[
  EclipseLink, version: Eclipse Persistence Services - 5.0.0-B08.payara-p1.v202511041741-60b8f7dca8141786130b4d36785fdcc926eb8cff]]

[2025-12-04T11:21:08.977-0600] [Payara 7.2025.1] [INFORMACIÓN] [] [org.eclipse.krazo.servlet.KrazoContainerInitializer] [tid: _ThreadID=186 _ThreadName=admin-thread-pool::admin-listener(2)] [timeMillis: 1764868868977] [levelValue: 800] [[
  Eclipse Krazo version 4.0.0 started]]

[2025-12-04T11:21:08.983-0600] [Payara 7.2025.1] [INFORMACIÓN] [] [org.glassfish.soteria.servlet.SamRegistrationInstaller] [tid: _ThreadID=186 _ThreadName=admin-thread-pool::admin-listener(2)] [timeMillis: 1764868868983] [levelValue: 800] [[
  Initializing Soteria 4.0.1.payara-p1 for context '/Inventarios']]

[2025-12-04T11:21:09.175-0600] [Payara 7.2025.1] [INFORMACIÓN] [AS-WEB-GLUE-00172] [jakarta.enterprise.web] [tid: _ThreadID=186 _ThreadName=admin-thread-pool::admin-listener(2)] [timeMillis: 1764868869175] [levelValue: 800] [[
  Loading application [Inventarios-1.0-SNAPSHOT] at [/Inventarios]]]

[2025-12-04T11:21:09.242-0600] [Payara 7.2025.1] [INFORMACIÓN] [] [javax.enterprise.system.core] [tid: _ThreadID=186 _ThreadName=admin-thread-pool::admin-listener(2)] [timeMillis: 1764868869242] [levelValue: 800] [[
  Inventarios-1.0-SNAPSHOT was successfully deployed in 1,918 milliseconds.]]

[2025-12-04T11:22:15.933-0600] [Payara 7.2025.1] [GRAVE] [] [] [tid: _ThreadID=139 _ThreadName=http-thread-pool::http-listener-1(4)] [timeMillis: 1764868935933] [levelValue: 1000] [[
  java.sql.SQLException: No hay suficiente inventario para realizar la salida.
	at com.mysql.cj.jdbc.exceptions.SQLError.createSQLException(SQLError.java:130)
	at com.mysql.cj.jdbc.exceptions.SQLExceptionsMapping.translateException(SQLExceptionsMapping.java:122)
	at com.mysql.cj.jdbc.ClientPreparedStatement.executeInternal(ClientPreparedStatement.java:916)
	at com.mysql.cj.jdbc.ClientPreparedStatement.executeUpdateInternal(ClientPreparedStatement.java:1061)
	at com.mysql.cj.jdbc.ClientPreparedStatement.executeUpdateInternal(ClientPreparedStatement.java:1009)
	at com.mysql.cj.jdbc.ClientPreparedStatement.executeLargeUpdate(ClientPreparedStatement.java:1320)
	at com.mysql.cj.jdbc.ClientPreparedStatement.executeUpdate(ClientPreparedStatement.java:994)
	at com.sergio.inventarios.dao.ProductoDAO.insertarMovimiento(ProductoDAO.java:87)
	at com.sergio.inventarios.controller.MovimientosController.insertar(MovimientosController.java:31)
	at java.base/jdk.internal.reflect.DirectMethodHandleAccessor.invoke(DirectMethodHandleAccessor.java:103)
	at java.base/java.lang.reflect.Method.invoke(Method.java:580)
	at org.glassfish.jersey.server.model.internal.ResourceMethodInvocationHandlerFactory.lambda$static$0(ResourceMethodInvocationHandlerFactory.java:52)
	at org.glassfish.jersey.server.model.internal.AbstractJavaResourceMethodDispatcher$1.run(AbstractJavaResourceMethodDispatcher.java:146)
	at org.glassfish.jersey.server.model.internal.AbstractJavaResourceMethodDispatcher.invoke(AbstractJavaResourceMethodDispatcher.java:189)
	at org.glassfish.jersey.server.model.internal.JavaResourceMethodDispatcherProvider$ResponseOutInvoker.doDispatch(JavaResourceMethodDispatcherProvider.java:176)
	at org.glassfish.jersey.server.model.internal.AbstractJavaResourceMethodDispatcher.dispatch(AbstractJavaResourceMethodDispatcher.java:93)
	at org.glassfish.jersey.server.model.ResourceMethodInvoker.invoke(ResourceMethodInvoker.java:478)
	at org.glassfish.jersey.server.model.ResourceMethodInvoker.apply(ResourceMethodInvoker.java:400)
	at org.glassfish.jersey.server.model.ResourceMethodInvoker.apply(ResourceMethodInvoker.java:81)
	at org.glassfish.jersey.server.ServerRuntime$1.run(ServerRuntime.java:274)
	at org.glassfish.jersey.internal.Errors$1.call(Errors.java:248)
	at org.glassfish.jersey.internal.Errors$1.call(Errors.java:244)
	at org.glassfish.jersey.internal.Errors.process(Errors.java:292)
	at org.glassfish.jersey.internal.Errors.process(Errors.java:274)
	at org.glassfish.jersey.internal.Errors.process(Errors.java:244)
	at org.glassfish.jersey.process.internal.RequestScope.runInScope(RequestScope.java:266)
	at org.glassfish.jersey.server.ServerRuntime.process(ServerRuntime.java:253)
	at org.glassfish.jersey.server.ApplicationHandler.handle(ApplicationHandler.java:703)
	at org.glassfish.jersey.servlet.WebComponent.serviceImpl(WebComponent.java:423)
	at org.glassfish.jersey.servlet.WebComponent.service(WebComponent.java:375)
	at org.glassfish.jersey.servlet.ServletContainer.service(ServletContainer.java:358)
	at org.glassfish.jersey.servlet.ServletContainer.service(ServletContainer.java:312)
	at org.glassfish.jersey.servlet.ServletContainer.service(ServletContainer.java:205)
	at org.apache.catalina.core.StandardWrapper.service(StandardWrapper.java:1554)
	at org.apache.catalina.core.StandardWrapperValve.invoke(StandardWrapperValve.java:259)
	at org.apache.catalina.core.StandardContextValve.invoke(StandardContextValve.java:166)
	at org.apache.catalina.core.StandardPipeline.doInvoke(StandardPipeline.java:757)
	at org.apache.catalina.core.StandardPipeline.invoke(StandardPipeline.java:577)
	at com.sun.enterprise.web.WebPipeline.invoke(WebPipeline.java:99)
	at org.apache.catalina.core.StandardHostValve.invoke(StandardHostValve.java:158)
	at org.apache.catalina.connector.CoyoteAdapter.doService(CoyoteAdapter.java:366)
	at org.apache.catalina.connector.CoyoteAdapter.service(CoyoteAdapter.java:238)
	at com.sun.enterprise.v3.services.impl.ContainerMapper$HttpHandlerCallable.call(ContainerMapper.java:520)
	at com.sun.enterprise.v3.services.impl.ContainerMapper.service(ContainerMapper.java:217)
	at org.glassfish.grizzly.http.server.HttpHandler.runService(HttpHandler.java:174)
	at org.glassfish.grizzly.http.server.HttpHandler.doHandle(HttpHandler.java:153)
	at org.glassfish.grizzly.http.server.HttpServerFilter.handleRead(HttpServerFilter.java:196)
	at org.glassfish.grizzly.filterchain.ExecutorResolver$9.execute(ExecutorResolver.java:88)
	at org.glassfish.grizzly.filterchain.DefaultFilterChain.executeFilter(DefaultFilterChain.java:246)
	at org.glassfish.grizzly.filterchain.DefaultFilterChain.executeChainPart(DefaultFilterChain.java:178)
	at org.glassfish.grizzly.filterchain.DefaultFilterChain.execute(DefaultFilterChain.java:118)
	at org.glassfish.grizzly.filterchain.DefaultFilterChain.process(DefaultFilterChain.java:96)
	at org.glassfish.grizzly.ProcessorExecutor.execute(ProcessorExecutor.java:51)
	at org.glassfish.grizzly.nio.transport.TCPNIOTransport.fireIOEvent(TCPNIOTransport.java:510)
	at org.glassfish.grizzly.strategies.AbstractIOStrategy.fireIOEvent(AbstractIOStrategy.java:82)
	at org.glassfish.grizzly.strategies.WorkerThreadIOStrategy.run0(WorkerThreadIOStrategy.java:83)
	at org.glassfish.grizzly.strategies.WorkerThreadIOStrategy$WorkerThreadRunnable.run(WorkerThreadIOStrategy.java:101)
	at org.glassfish.grizzly.threadpool.AbstractThreadPool$Worker.doWork(AbstractThreadPool.java:535)
	at org.glassfish.grizzly.threadpool.AbstractThreadPool$Worker.run(AbstractThreadPool.java:515)
	at java.base/java.lang.Thread.run(Thread.java:1583)
]]

[2025-12-04T11:24:57.025-0600] [Payara 7.2025.1] [GRAVE] [] [] [tid: _ThreadID=138 _ThreadName=http-thread-pool::http-listener-1(3)] [timeMillis: 1764869097025] [levelValue: 1000] [[
  java.sql.SQLException: No hay suficiente inventario para realizar la salida.
	at com.mysql.cj.jdbc.exceptions.SQLError.createSQLException(SQLError.java:130)
	at com.mysql.cj.jdbc.exceptions.SQLExceptionsMapping.translateException(SQLExceptionsMapping.java:122)
	at com.mysql.cj.jdbc.ClientPreparedStatement.executeInternal(ClientPreparedStatement.java:916)
	at com.mysql.cj.jdbc.ClientPreparedStatement.executeUpdateInternal(ClientPreparedStatement.java:1061)
	at com.mysql.cj.jdbc.ClientPreparedStatement.executeUpdateInternal(ClientPreparedStatement.java:1009)
	at com.mysql.cj.jdbc.ClientPreparedStatement.executeLargeUpdate(ClientPreparedStatement.java:1320)
	at com.mysql.cj.jdbc.ClientPreparedStatement.executeUpdate(ClientPreparedStatement.java:994)
	at com.sergio.inventarios.dao.ProductoDAO.insertarMovimiento(ProductoDAO.java:87)
	at com.sergio.inventarios.controller.MovimientosController.insertar(MovimientosController.java:31)
	at java.base/jdk.internal.reflect.DirectMethodHandleAccessor.invoke(DirectMethodHandleAccessor.java:103)
	at java.base/java.lang.reflect.Method.invoke(Method.java:580)
	at org.glassfish.jersey.server.model.internal.ResourceMethodInvocationHandlerFactory.lambda$static$0(ResourceMethodInvocationHandlerFactory.java:52)
	at org.glassfish.jersey.server.model.internal.AbstractJavaResourceMethodDispatcher$1.run(AbstractJavaResourceMethodDispatcher.java:146)
	at org.glassfish.jersey.server.model.internal.AbstractJavaResourceMethodDispatcher.invoke(AbstractJavaResourceMethodDispatcher.java:189)
	at org.glassfish.jersey.server.model.internal.JavaResourceMethodDispatcherProvider$ResponseOutInvoker.doDispatch(JavaResourceMethodDispatcherProvider.java:176)
	at org.glassfish.jersey.server.model.internal.AbstractJavaResourceMethodDispatcher.dispatch(AbstractJavaResourceMethodDispatcher.java:93)
	at org.glassfish.jersey.server.model.ResourceMethodInvoker.invoke(ResourceMethodInvoker.java:478)
	at org.glassfish.jersey.server.model.ResourceMethodInvoker.apply(ResourceMethodInvoker.java:400)
	at org.glassfish.jersey.server.model.ResourceMethodInvoker.apply(ResourceMethodInvoker.java:81)
	at org.glassfish.jersey.server.ServerRuntime$1.run(ServerRuntime.java:274)
	at org.glassfish.jersey.internal.Errors$1.call(Errors.java:248)
	at org.glassfish.jersey.internal.Errors$1.call(Errors.java:244)
	at org.glassfish.jersey.internal.Errors.process(Errors.java:292)
	at org.glassfish.jersey.internal.Errors.process(Errors.java:274)
	at org.glassfish.jersey.internal.Errors.process(Errors.java:244)
	at org.glassfish.jersey.process.internal.RequestScope.runInScope(RequestScope.java:266)
	at org.glassfish.jersey.server.ServerRuntime.process(ServerRuntime.java:253)
	at org.glassfish.jersey.server.ApplicationHandler.handle(ApplicationHandler.java:703)
	at org.glassfish.jersey.servlet.WebComponent.serviceImpl(WebComponent.java:423)
	at org.glassfish.jersey.servlet.WebComponent.service(WebComponent.java:375)
	at org.glassfish.jersey.servlet.ServletContainer.service(ServletContainer.java:358)
	at org.glassfish.jersey.servlet.ServletContainer.service(ServletContainer.java:312)
	at org.glassfish.jersey.servlet.ServletContainer.service(ServletContainer.java:205)
	at org.apache.catalina.core.StandardWrapper.service(StandardWrapper.java:1554)
	at org.apache.catalina.core.StandardWrapperValve.invoke(StandardWrapperValve.java:259)
	at org.apache.catalina.core.StandardContextValve.invoke(StandardContextValve.java:166)
	at org.apache.catalina.core.StandardPipeline.doInvoke(StandardPipeline.java:757)
	at org.apache.catalina.core.StandardPipeline.invoke(StandardPipeline.java:577)
	at com.sun.enterprise.web.WebPipeline.invoke(WebPipeline.java:99)
	at org.apache.catalina.core.StandardHostValve.invoke(StandardHostValve.java:158)
	at org.apache.catalina.connector.CoyoteAdapter.doService(CoyoteAdapter.java:366)
	at org.apache.catalina.connector.CoyoteAdapter.service(CoyoteAdapter.java:238)
	at com.sun.enterprise.v3.services.impl.ContainerMapper$HttpHandlerCallable.call(ContainerMapper.java:520)
	at com.sun.enterprise.v3.services.impl.ContainerMapper.service(ContainerMapper.java:217)
	at org.glassfish.grizzly.http.server.HttpHandler.runService(HttpHandler.java:174)
	at org.glassfish.grizzly.http.server.HttpHandler.doHandle(HttpHandler.java:153)
	at org.glassfish.grizzly.http.server.HttpServerFilter.handleRead(HttpServerFilter.java:196)
	at org.glassfish.grizzly.filterchain.ExecutorResolver$9.execute(ExecutorResolver.java:88)
	at org.glassfish.grizzly.filterchain.DefaultFilterChain.executeFilter(DefaultFilterChain.java:246)
	at org.glassfish.grizzly.filterchain.DefaultFilterChain.executeChainPart(DefaultFilterChain.java:178)
	at org.glassfish.grizzly.filterchain.DefaultFilterChain.execute(DefaultFilterChain.java:118)
	at org.glassfish.grizzly.filterchain.DefaultFilterChain.process(DefaultFilterChain.java:96)
	at org.glassfish.grizzly.ProcessorExecutor.execute(ProcessorExecutor.java:51)
	at org.glassfish.grizzly.nio.transport.TCPNIOTransport.fireIOEvent(TCPNIOTransport.java:510)
	at org.glassfish.grizzly.strategies.AbstractIOStrategy.fireIOEvent(AbstractIOStrategy.java:82)
	at org.glassfish.grizzly.strategies.WorkerThreadIOStrategy.run0(WorkerThreadIOStrategy.java:83)
	at org.glassfish.grizzly.strategies.WorkerThreadIOStrategy$WorkerThreadRunnable.run(WorkerThreadIOStrategy.java:101)
	at org.glassfish.grizzly.threadpool.AbstractThreadPool$Worker.doWork(AbstractThreadPool.java:535)
	at org.glassfish.grizzly.threadpool.AbstractThreadPool$Worker.run(AbstractThreadPool.java:515)
	at java.base/java.lang.Thread.run(Thread.java:1583)
]]

[2025-12-04T11:26:35.523-0600] [Payara 7.2025.1] [GRAVE] [] [] [tid: _ThreadID=137 _ThreadName=http-thread-pool::http-listener-1(2)] [timeMillis: 1764869195523] [levelValue: 1000] [[
  java.sql.SQLException: No hay suficiente inventario para realizar la salida.
	at com.mysql.cj.jdbc.exceptions.SQLError.createSQLException(SQLError.java:130)
	at com.mysql.cj.jdbc.exceptions.SQLExceptionsMapping.translateException(SQLExceptionsMapping.java:122)
	at com.mysql.cj.jdbc.ClientPreparedStatement.executeInternal(ClientPreparedStatement.java:916)
	at com.mysql.cj.jdbc.ClientPreparedStatement.executeUpdateInternal(ClientPreparedStatement.java:1061)
	at com.mysql.cj.jdbc.ClientPreparedStatement.executeUpdateInternal(ClientPreparedStatement.java:1009)
	at com.mysql.cj.jdbc.ClientPreparedStatement.executeLargeUpdate(ClientPreparedStatement.java:1320)
	at com.mysql.cj.jdbc.ClientPreparedStatement.executeUpdate(ClientPreparedStatement.java:994)
	at com.sergio.inventarios.dao.ProductoDAO.insertarMovimiento(ProductoDAO.java:87)
	at com.sergio.inventarios.controller.MovimientosController.insertar(MovimientosController.java:31)
	at java.base/jdk.internal.reflect.DirectMethodHandleAccessor.invoke(DirectMethodHandleAccessor.java:103)
	at java.base/java.lang.reflect.Method.invoke(Method.java:580)
	at org.glassfish.jersey.server.model.internal.ResourceMethodInvocationHandlerFactory.lambda$static$0(ResourceMethodInvocationHandlerFactory.java:52)
	at org.glassfish.jersey.server.model.internal.AbstractJavaResourceMethodDispatcher$1.run(AbstractJavaResourceMethodDispatcher.java:146)
	at org.glassfish.jersey.server.model.internal.AbstractJavaResourceMethodDispatcher.invoke(AbstractJavaResourceMethodDispatcher.java:189)
	at org.glassfish.jersey.server.model.internal.JavaResourceMethodDispatcherProvider$ResponseOutInvoker.doDispatch(JavaResourceMethodDispatcherProvider.java:176)
	at org.glassfish.jersey.server.model.internal.AbstractJavaResourceMethodDispatcher.dispatch(AbstractJavaResourceMethodDispatcher.java:93)
	at org.glassfish.jersey.server.model.ResourceMethodInvoker.invoke(ResourceMethodInvoker.java:478)
	at org.glassfish.jersey.server.model.ResourceMethodInvoker.apply(ResourceMethodInvoker.java:400)
	at org.glassfish.jersey.server.model.ResourceMethodInvoker.apply(ResourceMethodInvoker.java:81)
	at org.glassfish.jersey.server.ServerRuntime$1.run(ServerRuntime.java:274)
	at org.glassfish.jersey.internal.Errors$1.call(Errors.java:248)
	at org.glassfish.jersey.internal.Errors$1.call(Errors.java:244)
	at org.glassfish.jersey.internal.Errors.process(Errors.java:292)
	at org.glassfish.jersey.internal.Errors.process(Errors.java:274)
	at org.glassfish.jersey.internal.Errors.process(Errors.java:244)
	at org.glassfish.jersey.process.internal.RequestScope.runInScope(RequestScope.java:266)
	at org.glassfish.jersey.server.ServerRuntime.process(ServerRuntime.java:253)
	at org.glassfish.jersey.server.ApplicationHandler.handle(ApplicationHandler.java:703)
	at org.glassfish.jersey.servlet.WebComponent.serviceImpl(WebComponent.java:423)
	at org.glassfish.jersey.servlet.WebComponent.service(WebComponent.java:375)
	at org.glassfish.jersey.servlet.ServletContainer.service(ServletContainer.java:358)
	at org.glassfish.jersey.servlet.ServletContainer.service(ServletContainer.java:312)
	at org.glassfish.jersey.servlet.ServletContainer.service(ServletContainer.java:205)
	at org.apache.catalina.core.StandardWrapper.service(StandardWrapper.java:1554)
	at org.apache.catalina.core.StandardWrapperValve.invoke(StandardWrapperValve.java:259)
	at org.apache.catalina.core.StandardContextValve.invoke(StandardContextValve.java:166)
	at org.apache.catalina.core.StandardPipeline.doInvoke(StandardPipeline.java:757)
	at org.apache.catalina.core.StandardPipeline.invoke(StandardPipeline.java:577)
	at com.sun.enterprise.web.WebPipeline.invoke(WebPipeline.java:99)
	at org.apache.catalina.core.StandardHostValve.invoke(StandardHostValve.java:158)
	at org.apache.catalina.connector.CoyoteAdapter.doService(CoyoteAdapter.java:366)
	at org.apache.catalina.connector.CoyoteAdapter.service(CoyoteAdapter.java:238)
	at com.sun.enterprise.v3.services.impl.ContainerMapper$HttpHandlerCallable.call(ContainerMapper.java:520)
	at com.sun.enterprise.v3.services.impl.ContainerMapper.service(ContainerMapper.java:217)
	at org.glassfish.grizzly.http.server.HttpHandler.runService(HttpHandler.java:174)
	at org.glassfish.grizzly.http.server.HttpHandler.doHandle(HttpHandler.java:153)
	at org.glassfish.grizzly.http.server.HttpServerFilter.handleRead(HttpServerFilter.java:196)
	at org.glassfish.grizzly.filterchain.ExecutorResolver$9.execute(ExecutorResolver.java:88)
	at org.glassfish.grizzly.filterchain.DefaultFilterChain.executeFilter(DefaultFilterChain.java:246)
	at org.glassfish.grizzly.filterchain.DefaultFilterChain.executeChainPart(DefaultFilterChain.java:178)
	at org.glassfish.grizzly.filterchain.DefaultFilterChain.execute(DefaultFilterChain.java:118)
	at org.glassfish.grizzly.filterchain.DefaultFilterChain.process(DefaultFilterChain.java:96)
	at org.glassfish.grizzly.ProcessorExecutor.execute(ProcessorExecutor.java:51)
	at org.glassfish.grizzly.nio.transport.TCPNIOTransport.fireIOEvent(TCPNIOTransport.java:510)
	at org.glassfish.grizzly.strategies.AbstractIOStrategy.fireIOEvent(AbstractIOStrategy.java:82)
	at org.glassfish.grizzly.strategies.WorkerThreadIOStrategy.run0(WorkerThreadIOStrategy.java:83)
	at org.glassfish.grizzly.strategies.WorkerThreadIOStrategy$WorkerThreadRunnable.run(WorkerThreadIOStrategy.java:101)
	at org.glassfish.grizzly.threadpool.AbstractThreadPool$Worker.doWork(AbstractThreadPool.java:535)
	at org.glassfish.grizzly.threadpool.AbstractThreadPool$Worker.run(AbstractThreadPool.java:515)
	at java.base/java.lang.Thread.run(Thread.java:1583)
]]

[2025-12-04T11:36:13.439-0600] [Payara 7.2025.1] [ADVERTENCIA] [] [jakarta.enterprise.web.util] [tid: _ThreadID=150 _ThreadName=admin-thread-pool::admin-listener(1)] [timeMillis: 1764869773439] [levelValue: 900] [[
  The web application [/Inventarios] registered the JDBC driver [com.mysql.cj.jdbc.Driver] but failed to unregister it when the web application was stopped. To prevent a memory leak, the JDBC Driver has been forcibly unregistered.]]

[2025-12-04T11:41:09.041-0600] [Payara 7.2025.1] [INFORMACIÓN] [] [javax.enterprise.system.core] [tid: _ThreadID=150 _ThreadName=admin-thread-pool::admin-listener(1)] [timeMillis: 1764870069041] [levelValue: 800] [[
  No deployment transformer implementation found.]]

[2025-12-04T11:41:09.301-0600] [Payara 7.2025.1] [INFORMACIÓN] [] [org.eclipse.persistence.session./file:/C:/Users/SISTEMAS DESARROLLO2/Documents/NetBeansProjects/Inventarios/target/Inventarios-1.0-SNAPSHOT/WEB-INF/classes/_my_persistence_unit] [tid: _ThreadID=150 _ThreadName=admin-thread-pool::admin-listener(1)] [timeMillis: 1764870069301] [levelValue: 800] [[
  EclipseLink, version: Eclipse Persistence Services - 5.0.0-B08.payara-p1.v202511041741-60b8f7dca8141786130b4d36785fdcc926eb8cff]]

[2025-12-04T11:41:09.909-0600] [Payara 7.2025.1] [INFORMACIÓN] [] [org.eclipse.krazo.servlet.KrazoContainerInitializer] [tid: _ThreadID=150 _ThreadName=admin-thread-pool::admin-listener(1)] [timeMillis: 1764870069909] [levelValue: 800] [[
  Eclipse Krazo version 4.0.0 started]]

[2025-12-04T11:41:09.912-0600] [Payara 7.2025.1] [INFORMACIÓN] [] [org.glassfish.soteria.servlet.SamRegistrationInstaller] [tid: _ThreadID=150 _ThreadName=admin-thread-pool::admin-listener(1)] [timeMillis: 1764870069912] [levelValue: 800] [[
  Initializing Soteria 4.0.1.payara-p1 for context '/Inventarios']]

[2025-12-04T11:41:10.092-0600] [Payara 7.2025.1] [INFORMACIÓN] [AS-WEB-GLUE-00172] [jakarta.enterprise.web] [tid: _ThreadID=150 _ThreadName=admin-thread-pool::admin-listener(1)] [timeMillis: 1764870070092] [levelValue: 800] [[
  Loading application [Inventarios-1.0-SNAPSHOT] at [/Inventarios]]]

[2025-12-04T11:41:10.134-0600] [Payara 7.2025.1] [INFORMACIÓN] [] [javax.enterprise.system.core] [tid: _ThreadID=150 _ThreadName=admin-thread-pool::admin-listener(1)] [timeMillis: 1764870070134] [levelValue: 800] [[
  Inventarios-1.0-SNAPSHOT was successfully deployed in 1,664 milliseconds.]]

[2025-12-04T12:08:22.259-0600] [Payara 7.2025.1] [INFORMACIÓN] [] [javax.enterprise.system.core] [tid: _ThreadID=186 _ThreadName=admin-thread-pool::admin-listener(2)] [timeMillis: 1764871702259] [levelValue: 800] [[
  No deployment transformer implementation found.]]

[2025-12-04T12:08:22.680-0600] [Payara 7.2025.1] [INFORMACIÓN] [] [org.eclipse.persistence.session./file:/C:/Users/SISTEMAS DESARROLLO2/Documents/NetBeansProjects/Inventarios/target/Inventarios-1.0-SNAPSHOT/WEB-INF/classes/_my_persistence_unit] [tid: _ThreadID=186 _ThreadName=admin-thread-pool::admin-listener(2)] [timeMillis: 1764871702680] [levelValue: 800] [[
  EclipseLink, version: Eclipse Persistence Services - 5.0.0-B08.payara-p1.v202511041741-60b8f7dca8141786130b4d36785fdcc926eb8cff]]

[2025-12-04T12:08:23.600-0600] [Payara 7.2025.1] [INFORMACIÓN] [] [org.eclipse.krazo.servlet.KrazoContainerInitializer] [tid: _ThreadID=186 _ThreadName=admin-thread-pool::admin-listener(2)] [timeMillis: 1764871703600] [levelValue: 800] [[
  Eclipse Krazo version 4.0.0 started]]

[2025-12-04T12:08:23.606-0600] [Payara 7.2025.1] [INFORMACIÓN] [] [org.glassfish.soteria.servlet.SamRegistrationInstaller] [tid: _ThreadID=186 _ThreadName=admin-thread-pool::admin-listener(2)] [timeMillis: 1764871703606] [levelValue: 800] [[
  Initializing Soteria 4.0.1.payara-p1 for context '/Inventarios']]

[2025-12-04T12:08:23.918-0600] [Payara 7.2025.1] [INFORMACIÓN] [AS-WEB-GLUE-00172] [jakarta.enterprise.web] [tid: _ThreadID=186 _ThreadName=admin-thread-pool::admin-listener(2)] [timeMillis: 1764871703918] [levelValue: 800] [[
  Loading application [Inventarios-1.0-SNAPSHOT] at [/Inventarios]]]

[2025-12-04T12:08:24.006-0600] [Payara 7.2025.1] [INFORMACIÓN] [] [javax.enterprise.system.core] [tid: _ThreadID=186 _ThreadName=admin-thread-pool::admin-listener(2)] [timeMillis: 1764871704006] [levelValue: 800] [[
  Inventarios-1.0-SNAPSHOT was successfully deployed in 2,346 milliseconds.]]

[2025-12-04T12:33:35.919-0600] [Payara 7.2025.1] [INFORMACIÓN] [] [javax.enterprise.system.core] [tid: _ThreadID=195 _ThreadName=admin-thread-pool::admin-listener(4)] [timeMillis: 1764873215919] [levelValue: 800] [[
  No deployment transformer implementation found.]]

[2025-12-04T12:33:36.211-0600] [Payara 7.2025.1] [INFORMACIÓN] [] [org.eclipse.persistence.session./file:/C:/Users/SISTEMAS DESARROLLO2/Documents/NetBeansProjects/Inventarios/target/Inventarios-1.0-SNAPSHOT/WEB-INF/classes/_my_persistence_unit] [tid: _ThreadID=195 _ThreadName=admin-thread-pool::admin-listener(4)] [timeMillis: 1764873216211] [levelValue: 800] [[
  EclipseLink, version: Eclipse Persistence Services - 5.0.0-B08.payara-p1.v202511041741-60b8f7dca8141786130b4d36785fdcc926eb8cff]]

[2025-12-04T12:33:36.893-0600] [Payara 7.2025.1] [INFORMACIÓN] [] [org.eclipse.krazo.servlet.KrazoContainerInitializer] [tid: _ThreadID=195 _ThreadName=admin-thread-pool::admin-listener(4)] [timeMillis: 1764873216893] [levelValue: 800] [[
  Eclipse Krazo version 4.0.0 started]]

[2025-12-04T12:33:36.901-0600] [Payara 7.2025.1] [INFORMACIÓN] [] [org.glassfish.soteria.servlet.SamRegistrationInstaller] [tid: _ThreadID=195 _ThreadName=admin-thread-pool::admin-listener(4)] [timeMillis: 1764873216901] [levelValue: 800] [[
  Initializing Soteria 4.0.1.payara-p1 for context '/Inventarios']]

[2025-12-04T12:33:37.195-0600] [Payara 7.2025.1] [INFORMACIÓN] [AS-WEB-GLUE-00172] [jakarta.enterprise.web] [tid: _ThreadID=195 _ThreadName=admin-thread-pool::admin-listener(4)] [timeMillis: 1764873217195] [levelValue: 800] [[
  Loading application [Inventarios-1.0-SNAPSHOT] at [/Inventarios]]]

[2025-12-04T12:33:37.286-0600] [Payara 7.2025.1] [INFORMACIÓN] [] [javax.enterprise.system.core] [tid: _ThreadID=195 _ThreadName=admin-thread-pool::admin-listener(4)] [timeMillis: 1764873217286] [levelValue: 800] [[
  Inventarios-1.0-SNAPSHOT was successfully deployed in 1,958 milliseconds.]]

[2025-12-04T12:37:01.078-0600] [Payara 7.2025.1] [INFORMACIÓN] [] [javax.enterprise.system.core] [tid: _ThreadID=186 _ThreadName=admin-thread-pool::admin-listener(2)] [timeMillis: 1764873421078] [levelValue: 800] [[
  No deployment transformer implementation found.]]

[2025-12-04T12:37:01.238-0600] [Payara 7.2025.1] [INFORMACIÓN] [] [org.eclipse.persistence.session./file:/C:/Users/SISTEMAS DESARROLLO2/Documents/NetBeansProjects/Inventarios/target/Inventarios-1.0-SNAPSHOT/WEB-INF/classes/_my_persistence_unit] [tid: _ThreadID=186 _ThreadName=admin-thread-pool::admin-listener(2)] [timeMillis: 1764873421238] [levelValue: 800] [[
  EclipseLink, version: Eclipse Persistence Services - 5.0.0-B08.payara-p1.v202511041741-60b8f7dca8141786130b4d36785fdcc926eb8cff]]

[2025-12-04T12:37:01.677-0600] [Payara 7.2025.1] [INFORMACIÓN] [] [org.eclipse.krazo.servlet.KrazoContainerInitializer] [tid: _ThreadID=186 _ThreadName=admin-thread-pool::admin-listener(2)] [timeMillis: 1764873421677] [levelValue: 800] [[
  Eclipse Krazo version 4.0.0 started]]

[2025-12-04T12:37:01.681-0600] [Payara 7.2025.1] [INFORMACIÓN] [] [org.glassfish.soteria.servlet.SamRegistrationInstaller] [tid: _ThreadID=186 _ThreadName=admin-thread-pool::admin-listener(2)] [timeMillis: 1764873421681] [levelValue: 800] [[
  Initializing Soteria 4.0.1.payara-p1 for context '/Inventarios']]

[2025-12-04T12:37:01.884-0600] [Payara 7.2025.1] [INFORMACIÓN] [AS-WEB-GLUE-00172] [jakarta.enterprise.web] [tid: _ThreadID=186 _ThreadName=admin-thread-pool::admin-listener(2)] [timeMillis: 1764873421884] [levelValue: 800] [[
  Loading application [Inventarios-1.0-SNAPSHOT] at [/Inventarios]]]

[2025-12-04T12:37:01.948-0600] [Payara 7.2025.1] [INFORMACIÓN] [] [javax.enterprise.system.core] [tid: _ThreadID=186 _ThreadName=admin-thread-pool::admin-listener(2)] [timeMillis: 1764873421948] [levelValue: 800] [[
  Inventarios-1.0-SNAPSHOT was successfully deployed in 1,092 milliseconds.]]

[2025-12-04T12:37:46.775-0600] [Payara 7.2025.1] [INFORMACIÓN] [NCLS-CORE-00092] [javax.enterprise.system.core] [tid: _ThreadID=964 _ThreadName=Thread-45] [timeMillis: 1764873466775] [levelValue: 800] [[
  Server shutdown initiated]]

[2025-12-04T12:37:46.779-0600] [Payara 7.2025.1] [INFORMACIÓN] [] [] [tid: _ThreadID=964 _ThreadName=Thread-45] [timeMillis: 1764873466779] [levelValue: 800] [[
  FileMonitoring shutdown]]

[2025-12-04T12:37:46.790-0600] [Payara 7.2025.1] [INFORMACIÓN] [NCLS-JMX-00002] [javax.enterprise.system.jmx] [tid: _ThreadID=964 _ThreadName=Thread-45] [timeMillis: 1764873466790] [levelValue: 800] [[
  JMXStartupService: Stopped JMXConnectorServer: null]]

[2025-12-04T12:37:46.790-0600] [Payara 7.2025.1] [INFORMACIÓN] [NCLS-JMX-00001] [javax.enterprise.system.jmx] [tid: _ThreadID=964 _ThreadName=Thread-45] [timeMillis: 1764873466790] [levelValue: 800] [[
  JMXStartupService and JMXConnectors have been shut down.]]

[2025-12-04T12:37:46.819-0600] [Payara 7.2025.1] [GRAVE] [] [jakarta.enterprise.web.util] [tid: _ThreadID=967 _ThreadName=RunLevelControllerThread-1764873466791] [timeMillis: 1764873466819] [levelValue: 1000] [[
  The web application [] created a ThreadLocal with key of type [java.lang.ThreadLocal] (value [java.lang.ThreadLocal@57fd8a72]) and a value of type [org.glassfish.admingui.theme.AdminguiThemeContext] (value [org.glassfish.admingui.theme.AdminguiThemeContext@a715483]) but failed to remove it when the web application was stopped. Threads are going to be renewed over time to try and avoid a probable memory leak.]]

[2025-12-04T12:37:46.820-0600] [Payara 7.2025.1] [GRAVE] [] [jakarta.enterprise.web.util] [tid: _ThreadID=967 _ThreadName=RunLevelControllerThread-1764873466791] [timeMillis: 1764873466820] [levelValue: 1000] [[
  The web application [] created a ThreadLocal with key of type [java.lang.ThreadLocal] (value [java.lang.ThreadLocal@57fd8a72]) and a value of type [org.glassfish.admingui.theme.AdminguiThemeContext] (value [org.glassfish.admingui.theme.AdminguiThemeContext@a715483]) but failed to remove it when the web application was stopped. Threads are going to be renewed over time to try and avoid a probable memory leak.]]

[2025-12-04T12:37:46.820-0600] [Payara 7.2025.1] [GRAVE] [] [jakarta.enterprise.web.util] [tid: _ThreadID=967 _ThreadName=RunLevelControllerThread-1764873466791] [timeMillis: 1764873466820] [levelValue: 1000] [[
  The web application [] created a ThreadLocal with key of type [java.lang.ThreadLocal] (value [java.lang.ThreadLocal@57fd8a72]) and a value of type [org.glassfish.admingui.theme.AdminguiThemeContext] (value [org.glassfish.admingui.theme.AdminguiThemeContext@a715483]) but failed to remove it when the web application was stopped. Threads are going to be renewed over time to try and avoid a probable memory leak.]]

[2025-12-04T12:37:46.820-0600] [Payara 7.2025.1] [GRAVE] [] [jakarta.enterprise.web.util] [tid: _ThreadID=967 _ThreadName=RunLevelControllerThread-1764873466791] [timeMillis: 1764873466820] [levelValue: 1000] [[
  The web application [] created a ThreadLocal with key of type [java.lang.ThreadLocal] (value [java.lang.ThreadLocal@57fd8a72]) and a value of type [org.glassfish.admingui.theme.AdminguiThemeContext] (value [org.glassfish.admingui.theme.AdminguiThemeContext@a715483]) but failed to remove it when the web application was stopped. Threads are going to be renewed over time to try and avoid a probable memory leak.]]

[2025-12-04T12:37:46.830-0600] [Payara 7.2025.1] [INFORMACIÓN] [] [fish.payara.nucleus.hazelcast.HazelcastCore] [tid: _ThreadID=967 _ThreadName=RunLevelControllerThread-1764873466791] [timeMillis: 1764873466830] [levelValue: 800] [[
  Hazelcast Instance Unbound from JNDI at payara/Hazelcast]]

[2025-12-04T12:37:46.832-0600] [Payara 7.2025.1] [INFORMACIÓN] [] [fish.payara.nucleus.hazelcast.HazelcastCore] [tid: _ThreadID=967 _ThreadName=RunLevelControllerThread-1764873466791] [timeMillis: 1764873466832] [levelValue: 800] [[
  JSR107 Caching Provider Unbound from JNDI at payara/CachingProvider]]

[2025-12-04T12:37:46.833-0600] [Payara 7.2025.1] [INFORMACIÓN] [] [fish.payara.nucleus.hazelcast.HazelcastCore] [tid: _ThreadID=967 _ThreadName=RunLevelControllerThread-1764873466791] [timeMillis: 1764873466833] [levelValue: 800] [[
  JSR107 Cache Manager Unbound from JNDI at payara/CacheManager]]

[2025-12-04T12:37:46.867-0600] [Payara 7.2025.1] [INFORMACIÓN] [] [fish.payara.nucleus.hazelcast.HazelcastCore] [tid: _ThreadID=967 _ThreadName=RunLevelControllerThread-1764873466791] [timeMillis: 1764873466867] [levelValue: 800] [[
  Shutdown Hazelcast]]

[2025-12-04T12:37:46.891-0600] [Payara 7.2025.1] [INFORMACIÓN] [] [] [tid: _ThreadID=968 _ThreadName=RunLevelControllerThread-1764873466791] [timeMillis: 1764873466891] [levelValue: 800] [[
  JdbcRuntimeExtension,  getAllSystemRAResourcesAndPools = [GlassFishConfigBean.org.glassfish.jdbc.config.JdbcResource, GlassFishConfigBean.org.glassfish.jdbc.config.JdbcResource, GlassFishConfigBean.org.glassfish.jdbc.config.JdbcConnectionPool, GlassFishConfigBean.org.glassfish.jdbc.config.JdbcConnectionPool]]]

[2025-12-04T12:37:46.917-0600] [Payara 7.2025.1] [INFORMACIÓN] [] [javax.enterprise.resource.resourceadapter.com.sun.enterprise.connectors.service] [tid: _ThreadID=970 _ThreadName=RA Shutdown] [timeMillis: 1764873466917] [levelValue: 800] [[
  RAR7094: __ds_jdbc_ra shutdown successful.]]

[2025-12-04T12:38:59.838-0600] [Payara 7.2025.1] [INFORMACIÓN] [NCLS-LOGGING-00009] [jakarta.enterprise.logging] [tid: _ThreadID=65 _ThreadName=RunLevelControllerThread-1764873539730] [timeMillis: 1764873539838] [levelValue: 800] [[
  Running Payara Version: Payara Server 7.2025.1 (build 21)]]

[2025-12-04T12:38:59.857-0600] [Payara 7.2025.1] [INFORMACIÓN] [NCLS-LOGGING-00010] [jakarta.enterprise.logging] [tid: _ThreadID=65 _ThreadName=RunLevelControllerThread-1764873539730] [timeMillis: 1764873539857] [levelValue: 800] [[
  Server log file is using Formatter class: com.sun.enterprise.server.logging.ODLLogFormatter]]

[2025-12-04T12:39:00.326-0600] [Payara 7.2025.1] [INFORMACIÓN] [] [org.glassfish.ha.store.spi.BackingStoreFactoryRegistry] [tid: _ThreadID=65 _ThreadName=RunLevelControllerThread-1764873539730] [timeMillis: 1764873540326] [levelValue: 800] [[
  Registered fish.payara.ha.hazelcast.store.HazelcastBackingStoreFactoryProxy for persistence-type = hazelcast in BackingStoreFactoryRegistry]]

[2025-12-04T12:39:04.197-0600] [Payara 7.2025.1] [INFORMACIÓN] [] [fish.payara.nucleus.hazelcast.HazelcastCore] [tid: _ThreadID=67 _ThreadName=RunLevelControllerThread-1764873539734] [timeMillis: 1764873544197] [levelValue: 800] [[
  Hazelcast Instance Bound to JNDI at payara/Hazelcast]]

[2025-12-04T12:39:04.198-0600] [Payara 7.2025.1] [INFORMACIÓN] [] [fish.payara.nucleus.hazelcast.HazelcastCore] [tid: _ThreadID=67 _ThreadName=RunLevelControllerThread-1764873539734] [timeMillis: 1764873544198] [levelValue: 800] [[
  JSR107 Caching Provider Bound to JNDI at payara/CachingProvider]]

[2025-12-04T12:39:04.198-0600] [Payara 7.2025.1] [INFORMACIÓN] [] [fish.payara.nucleus.hazelcast.HazelcastCore] [tid: _ThreadID=67 _ThreadName=RunLevelControllerThread-1764873539734] [timeMillis: 1764873544198] [levelValue: 800] [[
  JSR107 Default Cache Manager Bound to JNDI at payara/CacheManager]]

[2025-12-04T12:39:04.264-0600] [Payara 7.2025.1] [INFORMACIÓN] [NCLS-CORE-00101] [javax.enterprise.system.core] [tid: _ThreadID=66 _ThreadName=RunLevelControllerThread-1764873539734] [timeMillis: 1764873544264] [levelValue: 800] [[
  Network Listener http-listener-1 started in: 5ms - bound to [/0.0.0.0:8080]]]

[2025-12-04T12:39:04.282-0600] [Payara 7.2025.1] [INFO] [] [org.hibernate.validator.internal.util.Version] [tid: _ThreadID=64 _ThreadName=RunLevelControllerThread-1764873539728] [timeMillis: 1764873544282] [levelValue: 800] [[
  HV000001: Hibernate Validator 9.0.1.Final.payara-p1]]

[2025-12-04T12:39:04.284-0600] [Payara 7.2025.1] [INFORMACIÓN] [NCLS-CORE-00101] [javax.enterprise.system.core] [tid: _ThreadID=66 _ThreadName=RunLevelControllerThread-1764873539734] [timeMillis: 1764873544284] [levelValue: 800] [[
  Network Listener http-listener-2 started in: 2ms - bound to [/0.0.0.0:8181]]]

[2025-12-04T12:39:04.294-0600] [Payara 7.2025.1] [INFORMACIÓN] [NCLS-CORE-00101] [javax.enterprise.system.core] [tid: _ThreadID=66 _ThreadName=RunLevelControllerThread-1764873539734] [timeMillis: 1764873544294] [levelValue: 800] [[
  Network Listener admin-listener started in: 3ms - bound to [/0.0.0.0:4848]]]

[2025-12-04T12:39:04.297-0600] [Payara 7.2025.1] [INFORMACIÓN] [NCLS-CORE-00087] [javax.enterprise.system.core] [tid: _ThreadID=66 _ThreadName=RunLevelControllerThread-1764873539734] [timeMillis: 1764873544297] [levelValue: 800] [[
  Grizzly 4.1.0 started in: 4145ms - bound to [http-listener-1:8080, http-listener-2:8181, admin-listener:4848]]]

[2025-12-04T12:39:04.352-0600] [Payara 7.2025.1] [INFORMACIÓN] [NCLS-CORE-00101] [javax.enterprise.system.core] [tid: _ThreadID=67 _ThreadName=RunLevelControllerThread-1764873539734] [timeMillis: 1764873544352] [levelValue: 800] [[
  Network Listener iiop-service started in: 3ms - bound to [/0.0.0.0:3700]]]

[2025-12-04T12:39:04.569-0600] [Payara 7.2025.1] [INFORMACIÓN] [] [io.opentelemetry.api.GlobalOpenTelemetry] [tid: _ThreadID=64 _ThreadName=RunLevelControllerThread-1764873539728] [timeMillis: 1764873544569] [levelValue: 800] [[
  AutoConfiguredOpenTelemetrySdk found on classpath but automatic configuration is disabled. To enable, run your JVM with -Dotel.java.global-autoconfigure.enabled=true]]

[2025-12-04T12:39:04.611-0600] [Payara 7.2025.1] [INFORMACIÓN] [] [fish.payara.nucleus.cluster.PayaraCluster] [tid: _ThreadID=168 _ThreadName=Executor-Service-5] [timeMillis: 1764873544611] [levelValue: 800] [[
  Data Grid Status 
Payara Data Grid State: DG Version: 5 DG Name: development DG Size: 1
Instances: {
 DataGrid: development Name: server Lite: false This: true UUID: 9423bfd0-f334-4202-b616-5333dc1dc35c Address: /26.26.165.78:4900
}]]

[2025-12-04T12:39:04.611-0600] [Payara 7.2025.1] [INFORMACIÓN] [NCLS-CORE-00017] [javax.enterprise.system.core] [tid: _ThreadID=1 _ThreadName=main] [timeMillis: 1764873544611] [levelValue: 800] [[
  Payara Server 7.2025.1 (21) startup time : Felix (29235ms), startup services(4887ms), total(34122ms)]]

[2025-12-04T12:39:04.676-0600] [Payara 7.2025.1] [INFORMACIÓN] [] [fish.payara.nucleus.notification.NotificationService] [tid: _ThreadID=1 _ThreadName=main] [timeMillis: 1764873544676] [levelValue: 800] [[
  Payara Notification Service bootstrapped.]]

[2025-12-04T12:39:04.838-0600] [Payara 7.2025.1] [INFORMACIÓN] [NCLS-CORE-00101] [javax.enterprise.system.core] [tid: _ThreadID=64 _ThreadName=RunLevelControllerThread-1764873539728] [timeMillis: 1764873544838] [levelValue: 800] [[
  Network Listener JMS_PROXY_default_JMS_host started in: 3ms - bound to [/0.0.0.0:7676]]]

[2025-12-04T12:39:04.842-0600] [Payara 7.2025.1] [INFORMACIÓN] [NCLS-JMX-00005] [javax.enterprise.system.jmx] [tid: _ThreadID=178 _ThreadName=Thread-11] [timeMillis: 1764873544842] [levelValue: 800] [[
  JMXStartupService has started JMXConnector on JMXService URL service:jmx:rmi://0.0.0.0:8686/jndi/rmi://0.0.0.0:8686/jmxrmi]]

[2025-12-04T12:39:08.497-0600] [Payara 7.2025.1] [INFORMACIÓN] [] [javax.enterprise.system.core] [tid: _ThreadID=189 _ThreadName=admin-thread-pool::admin-listener(2)] [timeMillis: 1764873548497] [levelValue: 800] [[
  No deployment transformer implementation found.]]

[2025-12-04T12:39:08.542-0600] [Payara 7.2025.1] [INFORMACIÓN] [] [javax.enterprise.system.core] [tid: _ThreadID=196 _ThreadName=Thread-12] [timeMillis: 1764873548542] [levelValue: 800] [[
  No deployment transformer implementation found.]]

[2025-12-04T12:39:08.826-0600] [Payara 7.2025.1] [INFORMACIÓN] [NCLS-SECURITY-01143] [javax.enterprise.system.core.security] [tid: _ThreadID=189 _ThreadName=admin-thread-pool::admin-listener(2)] [timeMillis: 1764873548826] [levelValue: 800] [[
  Loading policy provider org.glassfish.exousia.modules.def.DefaultPolicy.]]

[2025-12-04T12:39:08.832-0600] [Payara 7.2025.1] [INFORMACIÓN] [NCLS-SECURITY-01002] [javax.enterprise.system.core.security] [tid: _ThreadID=189 _ThreadName=admin-thread-pool::admin-listener(2)] [timeMillis: 1764873548832] [levelValue: 800] [[
  Java security manager is disabled.]]

[2025-12-04T12:39:08.832-0600] [Payara 7.2025.1] [INFORMACIÓN] [NCLS-SECURITY-01010] [javax.enterprise.system.core.security] [tid: _ThreadID=189 _ThreadName=admin-thread-pool::admin-listener(2)] [timeMillis: 1764873548832] [levelValue: 800] [[
  Entering Security Startup Service.]]

[2025-12-04T12:39:08.841-0600] [Payara 7.2025.1] [INFORMACIÓN] [NCLS-SECURITY-01011] [javax.enterprise.system.core.security] [tid: _ThreadID=189 _ThreadName=admin-thread-pool::admin-listener(2)] [timeMillis: 1764873548841] [levelValue: 800] [[
  Security Service(s) started successfully.]]

[2025-12-04T12:39:08.945-0600] [Payara 7.2025.1] [INFORMACIÓN] [AS-WEB-GLUE-00198] [jakarta.enterprise.web] [tid: _ThreadID=196 _ThreadName=Thread-12] [timeMillis: 1764873548945] [levelValue: 800] [[
  Created HTTP listener http-listener-1 on host/port 0.0.0.0:8080]]

[2025-12-04T12:39:08.947-0600] [Payara 7.2025.1] [INFORMACIÓN] [AS-WEB-GLUE-00198] [jakarta.enterprise.web] [tid: _ThreadID=196 _ThreadName=Thread-12] [timeMillis: 1764873548947] [levelValue: 800] [[
  Created HTTP listener http-listener-2 on host/port 0.0.0.0:8181]]

[2025-12-04T12:39:08.949-0600] [Payara 7.2025.1] [INFORMACIÓN] [AS-WEB-GLUE-00198] [jakarta.enterprise.web] [tid: _ThreadID=196 _ThreadName=Thread-12] [timeMillis: 1764873548949] [levelValue: 800] [[
  Created HTTP listener admin-listener on host/port 0.0.0.0:4848]]

[2025-12-04T12:39:08.969-0600] [Payara 7.2025.1] [INFORMACIÓN] [AS-WEB-GLUE-00200] [jakarta.enterprise.web] [tid: _ThreadID=196 _ThreadName=Thread-12] [timeMillis: 1764873548969] [levelValue: 800] [[
  Created virtual server server]]

[2025-12-04T12:39:08.971-0600] [Payara 7.2025.1] [INFORMACIÓN] [AS-WEB-GLUE-00200] [jakarta.enterprise.web] [tid: _ThreadID=196 _ThreadName=Thread-12] [timeMillis: 1764873548971] [levelValue: 800] [[
  Created virtual server __asadmin]]

[2025-12-04T12:39:09.080-0600] [Payara 7.2025.1] [INFORMACIÓN] [AS-WEB-GLUE-00201] [jakarta.enterprise.web] [tid: _ThreadID=196 _ThreadName=Thread-12] [timeMillis: 1764873549080] [levelValue: 800] [[
  Virtual server server loaded default web module ]]

[2025-12-04T12:39:10.122-0600] [Payara 7.2025.1] [INFO] [] [org.jboss.weld.Version] [tid: _ThreadID=196 _ThreadName=Thread-12] [timeMillis: 1764873550122] [levelValue: 800] [[
  WELD-000900: 6.0.3 (Final)]]

[2025-12-04T12:39:11.382-0600] [Payara 7.2025.1] [INFORMACIÓN] [] [org.eclipse.persistence.session./file:/C:/Users/SISTEMAS DESARROLLO2/Documents/NetBeansProjects/Inventarios/target/Inventarios-1.0-SNAPSHOT/WEB-INF/classes/_my_persistence_unit] [tid: _ThreadID=189 _ThreadName=admin-thread-pool::admin-listener(2)] [timeMillis: 1764873551382] [levelValue: 800] [[
  EclipseLink, version: Eclipse Persistence Services - 5.0.0-B08.payara-p1.v202511041741-60b8f7dca8141786130b4d36785fdcc926eb8cff]]

[2025-12-04T12:39:11.848-0600] [Payara 7.2025.1] [INFORMACIÓN] [NCLS-CORE-00022] [javax.enterprise.system.core] [tid: _ThreadID=196 _ThreadName=Thread-12] [timeMillis: 1764873551848] [levelValue: 800] [[
  Loading application __admingui done in 4324 ms]]

[2025-12-04T12:39:12.087-0600] [Payara 7.2025.1] [INFORMACIÓN] [] [org.glassfish.soteria.servlet.SamRegistrationInstaller] [tid: _ThreadID=196 _ThreadName=Thread-12] [timeMillis: 1764873552087] [levelValue: 800] [[
  Initializing Soteria 4.0.1.payara-p1 for context '']]

[2025-12-04T12:39:12.127-0600] [Payara 7.2025.1] [INFORMACIÓN] [faces.config.listener.version] [jakarta.enterprise.resource.webcontainer.faces.config] [tid: _ThreadID=196 _ThreadName=Thread-12] [timeMillis: 1764873552127] [levelValue: 800] [[
  Inicializando Mojarra 4.1.4.payara-p1 para el contexto '']]

[2025-12-04T12:39:12.663-0600] [Payara 7.2025.1] [INFORMACIÓN] [AS-WEB-GLUE-00172] [jakarta.enterprise.web] [tid: _ThreadID=196 _ThreadName=Thread-12] [timeMillis: 1764873552663] [levelValue: 800] [[
  Loading application [__admingui] at [/]]]

[2025-12-04T12:39:14.573-0600] [Payara 7.2025.1] [INFORMACIÓN] [] [javax.enterprise.resource.corba.org.glassfish.enterprise.iiop.api] [tid: _ThreadID=152 _ThreadName=admin-thread-pool::admin-listener(1)] [timeMillis: 1764873554573] [levelValue: 800] [[
  GlassFishORBFactory service initialized.]]

[2025-12-04T12:39:14.811-0600] [Payara 7.2025.1] [INFORMACIÓN] [NCLS-REST-00001] [jakarta.enterprise.admin.rest] [tid: _ThreadID=152 _ThreadName=admin-thread-pool::admin-listener(1)] [timeMillis: 1764873554811] [levelValue: 800] [[
  Listening to REST requests at context: /management/domain.]]

[2025-12-04T12:39:14.957-0600] [Payara 7.2025.1] [INFORMACIÓN] [] [org.jvnet.hk2.osgiadapter] [tid: _ThreadID=51 _ThreadName=FelixStartLevel] [timeMillis: 1764873554957] [levelValue: 800] [[
  Skipping registration of inhabitant for service reference [org.osgi.service.metatype.MetaTypeProvider] as the service object could not be obtained.]]

[2025-12-04T12:39:15.861-0600] [Payara 7.2025.1] [ADVERTENCIA] [] [javax.enterprise.system.container.web.com.sun.web.security] [tid: _ThreadID=152 _ThreadName=admin-thread-pool::admin-listener(1)] [timeMillis: 1764873555861] [levelValue: 900] [[
  Context path from ServletContext:  differs from path from bundle: /]]

[2025-12-04T12:39:17.483-0600] [Payara 7.2025.1] [INFORMACIÓN] [] [org.eclipse.krazo.servlet.KrazoContainerInitializer] [tid: _ThreadID=189 _ThreadName=admin-thread-pool::admin-listener(2)] [timeMillis: 1764873557483] [levelValue: 800] [[
  Eclipse Krazo version 4.0.0 started]]

[2025-12-04T12:39:17.523-0600] [Payara 7.2025.1] [INFORMACIÓN] [] [org.glassfish.soteria.servlet.SamRegistrationInstaller] [tid: _ThreadID=189 _ThreadName=admin-thread-pool::admin-listener(2)] [timeMillis: 1764873557523] [levelValue: 800] [[
  Initializing Soteria 4.0.1.payara-p1 for context '/Inventarios']]

[2025-12-04T12:39:17.697-0600] [Payara 7.2025.1] [INFORMACIÓN] [AS-WEB-GLUE-00172] [jakarta.enterprise.web] [tid: _ThreadID=189 _ThreadName=admin-thread-pool::admin-listener(2)] [timeMillis: 1764873557697] [levelValue: 800] [[
  Loading application [Inventarios-1.0-SNAPSHOT] at [/Inventarios]]]

[2025-12-04T12:39:17.754-0600] [Payara 7.2025.1] [INFORMACIÓN] [] [javax.enterprise.system.core] [tid: _ThreadID=189 _ThreadName=admin-thread-pool::admin-listener(2)] [timeMillis: 1764873557754] [levelValue: 800] [[
  Inventarios-1.0-SNAPSHOT was successfully deployed in 9,743 milliseconds.]]

[2025-12-04T12:41:23.047-0600] [Payara 7.2025.1] [ADVERTENCIA] [] [jakarta.enterprise.web.util] [tid: _ThreadID=202 _ThreadName=admin-thread-pool::admin-listener(4)] [timeMillis: 1764873683047] [levelValue: 900] [[
  The web application [/Inventarios] registered the JDBC driver [com.mysql.cj.jdbc.Driver] but failed to unregister it when the web application was stopped. To prevent a memory leak, the JDBC Driver has been forcibly unregistered.]]

[2025-12-04T12:41:23.727-0600] [Payara 7.2025.1] [INFORMACIÓN] [] [javax.enterprise.system.core] [tid: _ThreadID=197 _ThreadName=admin-thread-pool::admin-listener(3)] [timeMillis: 1764873683727] [levelValue: 800] [[
  No deployment transformer implementation found.]]

[2025-12-04T12:41:23.930-0600] [Payara 7.2025.1] [INFORMACIÓN] [] [org.eclipse.persistence.session./file:/C:/Users/SISTEMAS DESARROLLO2/Documents/NetBeansProjects/Inventarios/target/Inventarios-1.0-SNAPSHOT/WEB-INF/classes/_my_persistence_unit] [tid: _ThreadID=197 _ThreadName=admin-thread-pool::admin-listener(3)] [timeMillis: 1764873683930] [levelValue: 800] [[
  EclipseLink, version: Eclipse Persistence Services - 5.0.0-B08.payara-p1.v202511041741-60b8f7dca8141786130b4d36785fdcc926eb8cff]]

[2025-12-04T12:41:24.365-0600] [Payara 7.2025.1] [INFORMACIÓN] [] [org.eclipse.krazo.servlet.KrazoContainerInitializer] [tid: _ThreadID=197 _ThreadName=admin-thread-pool::admin-listener(3)] [timeMillis: 1764873684365] [levelValue: 800] [[
  Eclipse Krazo version 4.0.0 started]]

[2025-12-04T12:41:24.395-0600] [Payara 7.2025.1] [INFORMACIÓN] [] [org.glassfish.soteria.servlet.SamRegistrationInstaller] [tid: _ThreadID=197 _ThreadName=admin-thread-pool::admin-listener(3)] [timeMillis: 1764873684395] [levelValue: 800] [[
  Initializing Soteria 4.0.1.payara-p1 for context '/Inventarios']]

[2025-12-04T12:41:24.506-0600] [Payara 7.2025.1] [INFORMACIÓN] [AS-WEB-GLUE-00172] [jakarta.enterprise.web] [tid: _ThreadID=197 _ThreadName=admin-thread-pool::admin-listener(3)] [timeMillis: 1764873684506] [levelValue: 800] [[
  Loading application [Inventarios-1.0-SNAPSHOT] at [/Inventarios]]]

[2025-12-04T12:41:24.532-0600] [Payara 7.2025.1] [INFORMACIÓN] [] [javax.enterprise.system.core] [tid: _ThreadID=197 _ThreadName=admin-thread-pool::admin-listener(3)] [timeMillis: 1764873684532] [levelValue: 800] [[
  Inventarios-1.0-SNAPSHOT was successfully deployed in 1,285 milliseconds.]]

[2025-12-04T12:42:42.071-0600] [Payara 7.2025.1] [INFORMACIÓN] [] [javax.enterprise.system.core] [tid: _ThreadID=197 _ThreadName=admin-thread-pool::admin-listener(3)] [timeMillis: 1764873762071] [levelValue: 800] [[
  No deployment transformer implementation found.]]

[2025-12-04T12:42:42.192-0600] [Payara 7.2025.1] [INFORMACIÓN] [] [org.eclipse.persistence.session./file:/C:/Users/SISTEMAS DESARROLLO2/Documents/NetBeansProjects/Inventarios/target/Inventarios-1.0-SNAPSHOT/WEB-INF/classes/_my_persistence_unit] [tid: _ThreadID=197 _ThreadName=admin-thread-pool::admin-listener(3)] [timeMillis: 1764873762192] [levelValue: 800] [[
  EclipseLink, version: Eclipse Persistence Services - 5.0.0-B08.payara-p1.v202511041741-60b8f7dca8141786130b4d36785fdcc926eb8cff]]

[2025-12-04T12:42:42.493-0600] [Payara 7.2025.1] [INFORMACIÓN] [] [org.eclipse.krazo.servlet.KrazoContainerInitializer] [tid: _ThreadID=197 _ThreadName=admin-thread-pool::admin-listener(3)] [timeMillis: 1764873762493] [levelValue: 800] [[
  Eclipse Krazo version 4.0.0 started]]

[2025-12-04T12:42:42.522-0600] [Payara 7.2025.1] [INFORMACIÓN] [] [org.glassfish.soteria.servlet.SamRegistrationInstaller] [tid: _ThreadID=197 _ThreadName=admin-thread-pool::admin-listener(3)] [timeMillis: 1764873762522] [levelValue: 800] [[
  Initializing Soteria 4.0.1.payara-p1 for context '/Inventarios']]

[2025-12-04T12:42:42.641-0600] [Payara 7.2025.1] [INFORMACIÓN] [AS-WEB-GLUE-00172] [jakarta.enterprise.web] [tid: _ThreadID=197 _ThreadName=admin-thread-pool::admin-listener(3)] [timeMillis: 1764873762641] [levelValue: 800] [[
  Loading application [Inventarios-1.0-SNAPSHOT] at [/Inventarios]]]

[2025-12-04T12:42:42.688-0600] [Payara 7.2025.1] [INFORMACIÓN] [] [javax.enterprise.system.core] [tid: _ThreadID=197 _ThreadName=admin-thread-pool::admin-listener(3)] [timeMillis: 1764873762688] [levelValue: 800] [[
  Inventarios-1.0-SNAPSHOT was successfully deployed in 762 milliseconds.]]

[2025-12-04T12:43:38.388-0600] [Payara 7.2025.1] [INFORMACIÓN] [] [javax.enterprise.system.core] [tid: _ThreadID=152 _ThreadName=admin-thread-pool::admin-listener(1)] [timeMillis: 1764873818388] [levelValue: 800] [[
  No deployment transformer implementation found.]]

[2025-12-04T12:43:38.514-0600] [Payara 7.2025.1] [INFORMACIÓN] [] [org.eclipse.persistence.session./file:/C:/Users/SISTEMAS DESARROLLO2/Documents/NetBeansProjects/Inventarios/target/Inventarios-1.0-SNAPSHOT/WEB-INF/classes/_my_persistence_unit] [tid: _ThreadID=152 _ThreadName=admin-thread-pool::admin-listener(1)] [timeMillis: 1764873818514] [levelValue: 800] [[
  EclipseLink, version: Eclipse Persistence Services - 5.0.0-B08.payara-p1.v202511041741-60b8f7dca8141786130b4d36785fdcc926eb8cff]]

[2025-12-04T12:43:38.826-0600] [Payara 7.2025.1] [INFORMACIÓN] [] [org.eclipse.krazo.servlet.KrazoContainerInitializer] [tid: _ThreadID=152 _ThreadName=admin-thread-pool::admin-listener(1)] [timeMillis: 1764873818826] [levelValue: 800] [[
  Eclipse Krazo version 4.0.0 started]]

[2025-12-04T12:43:38.867-0600] [Payara 7.2025.1] [INFORMACIÓN] [] [org.glassfish.soteria.servlet.SamRegistrationInstaller] [tid: _ThreadID=152 _ThreadName=admin-thread-pool::admin-listener(1)] [timeMillis: 1764873818867] [levelValue: 800] [[
  Initializing Soteria 4.0.1.payara-p1 for context '/Inventarios']]

[2025-12-04T12:43:39.035-0600] [Payara 7.2025.1] [INFORMACIÓN] [AS-WEB-GLUE-00172] [jakarta.enterprise.web] [tid: _ThreadID=152 _ThreadName=admin-thread-pool::admin-listener(1)] [timeMillis: 1764873819035] [levelValue: 800] [[
  Loading application [Inventarios-1.0-SNAPSHOT] at [/Inventarios]]]

[2025-12-04T12:43:39.085-0600] [Payara 7.2025.1] [INFORMACIÓN] [] [javax.enterprise.system.core] [tid: _ThreadID=152 _ThreadName=admin-thread-pool::admin-listener(1)] [timeMillis: 1764873819085] [levelValue: 800] [[
  Inventarios-1.0-SNAPSHOT was successfully deployed in 854 milliseconds.]]

[2025-12-04T12:47:17.509-0600] [Payara 7.2025.1] [INFORMACIÓN] [] [javax.enterprise.system.core] [tid: _ThreadID=152 _ThreadName=admin-thread-pool::admin-listener(1)] [timeMillis: 1764874037509] [levelValue: 800] [[
  No deployment transformer implementation found.]]

[2025-12-04T12:47:17.645-0600] [Payara 7.2025.1] [INFORMACIÓN] [] [org.eclipse.persistence.session./file:/C:/Users/SISTEMAS DESARROLLO2/Documents/NetBeansProjects/Inventarios/target/Inventarios-1.0-SNAPSHOT/WEB-INF/classes/_my_persistence_unit] [tid: _ThreadID=152 _ThreadName=admin-thread-pool::admin-listener(1)] [timeMillis: 1764874037645] [levelValue: 800] [[
  EclipseLink, version: Eclipse Persistence Services - 5.0.0-B08.payara-p1.v202511041741-60b8f7dca8141786130b4d36785fdcc926eb8cff]]

[2025-12-04T12:47:17.959-0600] [Payara 7.2025.1] [INFORMACIÓN] [] [org.eclipse.krazo.servlet.KrazoContainerInitializer] [tid: _ThreadID=152 _ThreadName=admin-thread-pool::admin-listener(1)] [timeMillis: 1764874037959] [levelValue: 800] [[
  Eclipse Krazo version 4.0.0 started]]

[2025-12-04T12:47:17.994-0600] [Payara 7.2025.1] [INFORMACIÓN] [] [org.glassfish.soteria.servlet.SamRegistrationInstaller] [tid: _ThreadID=152 _ThreadName=admin-thread-pool::admin-listener(1)] [timeMillis: 1764874037994] [levelValue: 800] [[
  Initializing Soteria 4.0.1.payara-p1 for context '/Inventarios']]

[2025-12-04T12:47:18.119-0600] [Payara 7.2025.1] [INFORMACIÓN] [AS-WEB-GLUE-00172] [jakarta.enterprise.web] [tid: _ThreadID=152 _ThreadName=admin-thread-pool::admin-listener(1)] [timeMillis: 1764874038119] [levelValue: 800] [[
  Loading application [Inventarios-1.0-SNAPSHOT] at [/Inventarios]]]

[2025-12-04T12:47:18.151-0600] [Payara 7.2025.1] [INFORMACIÓN] [] [javax.enterprise.system.core] [tid: _ThreadID=152 _ThreadName=admin-thread-pool::admin-listener(1)] [timeMillis: 1764874038151] [levelValue: 800] [[
  Inventarios-1.0-SNAPSHOT was successfully deployed in 802 milliseconds.]]

[2025-12-04T12:47:34.078-0600] [Payara 7.2025.1] [INFORMACIÓN] [] [javax.enterprise.system.core] [tid: _ThreadID=189 _ThreadName=admin-thread-pool::admin-listener(2)] [timeMillis: 1764874054078] [levelValue: 800] [[
  No deployment transformer implementation found.]]

[2025-12-04T12:47:34.193-0600] [Payara 7.2025.1] [INFORMACIÓN] [] [org.eclipse.persistence.session./file:/C:/Users/SISTEMAS DESARROLLO2/Documents/NetBeansProjects/Inventarios/target/Inventarios-1.0-SNAPSHOT/WEB-INF/classes/_my_persistence_unit] [tid: _ThreadID=189 _ThreadName=admin-thread-pool::admin-listener(2)] [timeMillis: 1764874054193] [levelValue: 800] [[
  EclipseLink, version: Eclipse Persistence Services - 5.0.0-B08.payara-p1.v202511041741-60b8f7dca8141786130b4d36785fdcc926eb8cff]]

[2025-12-04T12:47:34.489-0600] [Payara 7.2025.1] [INFORMACIÓN] [] [org.eclipse.krazo.servlet.KrazoContainerInitializer] [tid: _ThreadID=189 _ThreadName=admin-thread-pool::admin-listener(2)] [timeMillis: 1764874054489] [levelValue: 800] [[
  Eclipse Krazo version 4.0.0 started]]

[2025-12-04T12:47:34.515-0600] [Payara 7.2025.1] [INFORMACIÓN] [] [org.glassfish.soteria.servlet.SamRegistrationInstaller] [tid: _ThreadID=189 _ThreadName=admin-thread-pool::admin-listener(2)] [timeMillis: 1764874054515] [levelValue: 800] [[
  Initializing Soteria 4.0.1.payara-p1 for context '/Inventarios']]

[2025-12-04T12:47:34.621-0600] [Payara 7.2025.1] [INFORMACIÓN] [AS-WEB-GLUE-00172] [jakarta.enterprise.web] [tid: _ThreadID=189 _ThreadName=admin-thread-pool::admin-listener(2)] [timeMillis: 1764874054621] [levelValue: 800] [[
  Loading application [Inventarios-1.0-SNAPSHOT] at [/Inventarios]]]

[2025-12-04T12:47:34.657-0600] [Payara 7.2025.1] [INFORMACIÓN] [] [javax.enterprise.system.core] [tid: _ThreadID=189 _ThreadName=admin-thread-pool::admin-listener(2)] [timeMillis: 1764874054657] [levelValue: 800] [[
  Inventarios-1.0-SNAPSHOT was successfully deployed in 732 milliseconds.]]

[2025-12-04T12:54:49.521-0600] [Payara 7.2025.1] [INFORMACIÓN] [] [javax.enterprise.system.core] [tid: _ThreadID=152 _ThreadName=admin-thread-pool::admin-listener(1)] [timeMillis: 1764874489521] [levelValue: 800] [[
  No deployment transformer implementation found.]]

[2025-12-04T12:54:49.765-0600] [Payara 7.2025.1] [INFORMACIÓN] [] [org.eclipse.persistence.session./file:/C:/Users/SISTEMAS DESARROLLO2/Documents/NetBeansProjects/Inventarios/target/Inventarios-1.0-SNAPSHOT/WEB-INF/classes/_my_persistence_unit] [tid: _ThreadID=152 _ThreadName=admin-thread-pool::admin-listener(1)] [timeMillis: 1764874489765] [levelValue: 800] [[
  EclipseLink, version: Eclipse Persistence Services - 5.0.0-B08.payara-p1.v202511041741-60b8f7dca8141786130b4d36785fdcc926eb8cff]]

[2025-12-04T12:54:50.307-0600] [Payara 7.2025.1] [INFORMACIÓN] [] [org.eclipse.krazo.servlet.KrazoContainerInitializer] [tid: _ThreadID=152 _ThreadName=admin-thread-pool::admin-listener(1)] [timeMillis: 1764874490307] [levelValue: 800] [[
  Eclipse Krazo version 4.0.0 started]]

[2025-12-04T12:54:50.342-0600] [Payara 7.2025.1] [INFORMACIÓN] [] [org.glassfish.soteria.servlet.SamRegistrationInstaller] [tid: _ThreadID=152 _ThreadName=admin-thread-pool::admin-listener(1)] [timeMillis: 1764874490342] [levelValue: 800] [[
  Initializing Soteria 4.0.1.payara-p1 for context '/Inventarios']]

[2025-12-04T12:54:50.556-0600] [Payara 7.2025.1] [INFORMACIÓN] [AS-WEB-GLUE-00172] [jakarta.enterprise.web] [tid: _ThreadID=152 _ThreadName=admin-thread-pool::admin-listener(1)] [timeMillis: 1764874490556] [levelValue: 800] [[
  Loading application [Inventarios-1.0-SNAPSHOT] at [/Inventarios]]]

[2025-12-04T12:54:50.617-0600] [Payara 7.2025.1] [INFORMACIÓN] [] [javax.enterprise.system.core] [tid: _ThreadID=152 _ThreadName=admin-thread-pool::admin-listener(1)] [timeMillis: 1764874490617] [levelValue: 800] [[
  Inventarios-1.0-SNAPSHOT was successfully deployed in 1,334 milliseconds.]]

[2025-12-04T13:06:35.017-0600] [Payara 7.2025.1] [INFORMACIÓN] [] [javax.enterprise.system.core] [tid: _ThreadID=152 _ThreadName=admin-thread-pool::admin-listener(1)] [timeMillis: 1764875195017] [levelValue: 800] [[
  No deployment transformer implementation found.]]

[2025-12-04T13:06:35.318-0600] [Payara 7.2025.1] [INFORMACIÓN] [] [org.eclipse.persistence.session./file:/C:/Users/SISTEMAS DESARROLLO2/Documents/NetBeansProjects/Inventarios/target/Inventarios-1.0-SNAPSHOT/WEB-INF/classes/_my_persistence_unit] [tid: _ThreadID=152 _ThreadName=admin-thread-pool::admin-listener(1)] [timeMillis: 1764875195318] [levelValue: 800] [[
  EclipseLink, version: Eclipse Persistence Services - 5.0.0-B08.payara-p1.v202511041741-60b8f7dca8141786130b4d36785fdcc926eb8cff]]

[2025-12-04T13:06:35.886-0600] [Payara 7.2025.1] [INFORMACIÓN] [] [org.eclipse.krazo.servlet.KrazoContainerInitializer] [tid: _ThreadID=152 _ThreadName=admin-thread-pool::admin-listener(1)] [timeMillis: 1764875195886] [levelValue: 800] [[
  Eclipse Krazo version 4.0.0 started]]

[2025-12-04T13:06:35.945-0600] [Payara 7.2025.1] [INFORMACIÓN] [] [org.glassfish.soteria.servlet.SamRegistrationInstaller] [tid: _ThreadID=152 _ThreadName=admin-thread-pool::admin-listener(1)] [timeMillis: 1764875195945] [levelValue: 800] [[
  Initializing Soteria 4.0.1.payara-p1 for context '/Inventarios']]

[2025-12-04T13:06:36.194-0600] [Payara 7.2025.1] [INFORMACIÓN] [AS-WEB-GLUE-00172] [jakarta.enterprise.web] [tid: _ThreadID=152 _ThreadName=admin-thread-pool::admin-listener(1)] [timeMillis: 1764875196194] [levelValue: 800] [[
  Loading application [Inventarios-1.0-SNAPSHOT] at [/Inventarios]]]

[2025-12-04T13:06:36.300-0600] [Payara 7.2025.1] [INFORMACIÓN] [] [javax.enterprise.system.core] [tid: _ThreadID=152 _ThreadName=admin-thread-pool::admin-listener(1)] [timeMillis: 1764875196300] [levelValue: 800] [[
  Inventarios-1.0-SNAPSHOT was successfully deployed in 1,463 milliseconds.]]

[2025-12-04T13:15:05.592-0600] [Payara 7.2025.1] [ADVERTENCIA] [] [jakarta.enterprise.web.util] [tid: _ThreadID=189 _ThreadName=admin-thread-pool::admin-listener(2)] [timeMillis: 1764875705592] [levelValue: 900] [[
  The web application [/Inventarios] registered the JDBC driver [com.mysql.cj.jdbc.Driver] but failed to unregister it when the web application was stopped. To prevent a memory leak, the JDBC Driver has been forcibly unregistered.]]

[2025-12-04T13:15:05.944-0600] [Payara 7.2025.1] [INFORMACIÓN] [] [javax.enterprise.system.core] [tid: _ThreadID=152 _ThreadName=admin-thread-pool::admin-listener(1)] [timeMillis: 1764875705944] [levelValue: 800] [[
  No deployment transformer implementation found.]]

[2025-12-04T13:15:06.082-0600] [Payara 7.2025.1] [INFORMACIÓN] [] [org.eclipse.persistence.session./file:/C:/Users/SISTEMAS DESARROLLO2/Documents/NetBeansProjects/Inventarios/target/Inventarios-1.0-SNAPSHOT/WEB-INF/classes/_my_persistence_unit] [tid: _ThreadID=152 _ThreadName=admin-thread-pool::admin-listener(1)] [timeMillis: 1764875706082] [levelValue: 800] [[
  EclipseLink, version: Eclipse Persistence Services - 5.0.0-B08.payara-p1.v202511041741-60b8f7dca8141786130b4d36785fdcc926eb8cff]]

[2025-12-04T13:15:06.455-0600] [Payara 7.2025.1] [INFORMACIÓN] [] [org.eclipse.krazo.servlet.KrazoContainerInitializer] [tid: _ThreadID=152 _ThreadName=admin-thread-pool::admin-listener(1)] [timeMillis: 1764875706455] [levelValue: 800] [[
  Eclipse Krazo version 4.0.0 started]]

[2025-12-04T13:15:06.481-0600] [Payara 7.2025.1] [INFORMACIÓN] [] [org.glassfish.soteria.servlet.SamRegistrationInstaller] [tid: _ThreadID=152 _ThreadName=admin-thread-pool::admin-listener(1)] [timeMillis: 1764875706481] [levelValue: 800] [[
  Initializing Soteria 4.0.1.payara-p1 for context '/Inventarios']]

[2025-12-04T13:15:06.574-0600] [Payara 7.2025.1] [INFORMACIÓN] [AS-WEB-GLUE-00172] [jakarta.enterprise.web] [tid: _ThreadID=152 _ThreadName=admin-thread-pool::admin-listener(1)] [timeMillis: 1764875706574] [levelValue: 800] [[
  Loading application [Inventarios-1.0-SNAPSHOT] at [/Inventarios]]]

[2025-12-04T13:15:06.601-0600] [Payara 7.2025.1] [INFORMACIÓN] [] [javax.enterprise.system.core] [tid: _ThreadID=152 _ThreadName=admin-thread-pool::admin-listener(1)] [timeMillis: 1764875706601] [levelValue: 800] [[
  Inventarios-1.0-SNAPSHOT was successfully deployed in 847 milliseconds.]]

[2025-12-04T13:32:43.221-0600] [Payara 7.2025.1] [INFORMACIÓN] [] [javax.enterprise.system.core] [tid: _ThreadID=197 _ThreadName=admin-thread-pool::admin-listener(3)] [timeMillis: 1764876763221] [levelValue: 800] [[
  No deployment transformer implementation found.]]

[2025-12-04T13:32:43.500-0600] [Payara 7.2025.1] [INFORMACIÓN] [] [org.eclipse.persistence.session./file:/C:/Users/SISTEMAS DESARROLLO2/Documents/NetBeansProjects/Inventarios/target/Inventarios-1.0-SNAPSHOT/WEB-INF/classes/_my_persistence_unit] [tid: _ThreadID=197 _ThreadName=admin-thread-pool::admin-listener(3)] [timeMillis: 1764876763500] [levelValue: 800] [[
  EclipseLink, version: Eclipse Persistence Services - 5.0.0-B08.payara-p1.v202511041741-60b8f7dca8141786130b4d36785fdcc926eb8cff]]

[2025-12-04T13:32:44.203-0600] [Payara 7.2025.1] [INFORMACIÓN] [] [org.eclipse.krazo.servlet.KrazoContainerInitializer] [tid: _ThreadID=197 _ThreadName=admin-thread-pool::admin-listener(3)] [timeMillis: 1764876764203] [levelValue: 800] [[
  Eclipse Krazo version 4.0.0 started]]

[2025-12-04T13:32:44.241-0600] [Payara 7.2025.1] [INFORMACIÓN] [] [org.glassfish.soteria.servlet.SamRegistrationInstaller] [tid: _ThreadID=197 _ThreadName=admin-thread-pool::admin-listener(3)] [timeMillis: 1764876764241] [levelValue: 800] [[
  Initializing Soteria 4.0.1.payara-p1 for context '/Inventarios']]

[2025-12-04T13:32:44.463-0600] [Payara 7.2025.1] [INFORMACIÓN] [AS-WEB-GLUE-00172] [jakarta.enterprise.web] [tid: _ThreadID=197 _ThreadName=admin-thread-pool::admin-listener(3)] [timeMillis: 1764876764463] [levelValue: 800] [[
  Loading application [Inventarios-1.0-SNAPSHOT] at [/Inventarios]]]

[2025-12-04T13:32:44.532-0600] [Payara 7.2025.1] [INFORMACIÓN] [] [javax.enterprise.system.core] [tid: _ThreadID=197 _ThreadName=admin-thread-pool::admin-listener(3)] [timeMillis: 1764876764532] [levelValue: 800] [[
  Inventarios-1.0-SNAPSHOT was successfully deployed in 1,940 milliseconds.]]

[2025-12-04T13:34:53.367-0600] [Payara 7.2025.1] [INFORMACIÓN] [] [javax.enterprise.system.core] [tid: _ThreadID=152 _ThreadName=admin-thread-pool::admin-listener(1)] [timeMillis: 1764876893367] [levelValue: 800] [[
  No deployment transformer implementation found.]]

[2025-12-04T13:34:53.521-0600] [Payara 7.2025.1] [INFORMACIÓN] [] [org.eclipse.persistence.session./file:/C:/Users/SISTEMAS DESARROLLO2/Documents/NetBeansProjects/Inventarios/target/Inventarios-1.0-SNAPSHOT/WEB-INF/classes/_my_persistence_unit] [tid: _ThreadID=152 _ThreadName=admin-thread-pool::admin-listener(1)] [timeMillis: 1764876893521] [levelValue: 800] [[
  EclipseLink, version: Eclipse Persistence Services - 5.0.0-B08.payara-p1.v202511041741-60b8f7dca8141786130b4d36785fdcc926eb8cff]]

[2025-12-04T13:34:53.941-0600] [Payara 7.2025.1] [INFORMACIÓN] [] [org.eclipse.krazo.servlet.KrazoContainerInitializer] [tid: _ThreadID=152 _ThreadName=admin-thread-pool::admin-listener(1)] [timeMillis: 1764876893941] [levelValue: 800] [[
  Eclipse Krazo version 4.0.0 started]]

[2025-12-04T13:34:53.970-0600] [Payara 7.2025.1] [INFORMACIÓN] [] [org.glassfish.soteria.servlet.SamRegistrationInstaller] [tid: _ThreadID=152 _ThreadName=admin-thread-pool::admin-listener(1)] [timeMillis: 1764876893970] [levelValue: 800] [[
  Initializing Soteria 4.0.1.payara-p1 for context '/Inventarios']]

[2025-12-04T13:34:54.118-0600] [Payara 7.2025.1] [INFORMACIÓN] [AS-WEB-GLUE-00172] [jakarta.enterprise.web] [tid: _ThreadID=152 _ThreadName=admin-thread-pool::admin-listener(1)] [timeMillis: 1764876894118] [levelValue: 800] [[
  Loading application [Inventarios-1.0-SNAPSHOT] at [/Inventarios]]]

[2025-12-04T13:34:54.150-0600] [Payara 7.2025.1] [INFORMACIÓN] [] [javax.enterprise.system.core] [tid: _ThreadID=152 _ThreadName=admin-thread-pool::admin-listener(1)] [timeMillis: 1764876894150] [levelValue: 800] [[
  Inventarios-1.0-SNAPSHOT was successfully deployed in 1,083 milliseconds.]]

[2025-12-04T13:37:41.345-0600] [Payara 7.2025.1] [INFORMACIÓN] [] [javax.enterprise.system.core] [tid: _ThreadID=152 _ThreadName=admin-thread-pool::admin-listener(1)] [timeMillis: 1764877061345] [levelValue: 800] [[
  No deployment transformer implementation found.]]

[2025-12-04T13:37:41.480-0600] [Payara 7.2025.1] [INFORMACIÓN] [] [org.eclipse.persistence.session./file:/C:/Users/SISTEMAS DESARROLLO2/Documents/NetBeansProjects/Inventarios/target/Inventarios-1.0-SNAPSHOT/WEB-INF/classes/_my_persistence_unit] [tid: _ThreadID=152 _ThreadName=admin-thread-pool::admin-listener(1)] [timeMillis: 1764877061480] [levelValue: 800] [[
  EclipseLink, version: Eclipse Persistence Services - 5.0.0-B08.payara-p1.v202511041741-60b8f7dca8141786130b4d36785fdcc926eb8cff]]

[2025-12-04T13:37:41.766-0600] [Payara 7.2025.1] [INFORMACIÓN] [] [org.eclipse.krazo.servlet.KrazoContainerInitializer] [tid: _ThreadID=152 _ThreadName=admin-thread-pool::admin-listener(1)] [timeMillis: 1764877061766] [levelValue: 800] [[
  Eclipse Krazo version 4.0.0 started]]

[2025-12-04T13:37:41.793-0600] [Payara 7.2025.1] [INFORMACIÓN] [] [org.glassfish.soteria.servlet.SamRegistrationInstaller] [tid: _ThreadID=152 _ThreadName=admin-thread-pool::admin-listener(1)] [timeMillis: 1764877061793] [levelValue: 800] [[
  Initializing Soteria 4.0.1.payara-p1 for context '/Inventarios']]

[2025-12-04T13:37:41.886-0600] [Payara 7.2025.1] [INFORMACIÓN] [AS-WEB-GLUE-00172] [jakarta.enterprise.web] [tid: _ThreadID=152 _ThreadName=admin-thread-pool::admin-listener(1)] [timeMillis: 1764877061886] [levelValue: 800] [[
  Loading application [Inventarios-1.0-SNAPSHOT] at [/Inventarios]]]

[2025-12-04T13:37:41.920-0600] [Payara 7.2025.1] [INFORMACIÓN] [] [javax.enterprise.system.core] [tid: _ThreadID=152 _ThreadName=admin-thread-pool::admin-listener(1)] [timeMillis: 1764877061920] [levelValue: 800] [[
  Inventarios-1.0-SNAPSHOT was successfully deployed in 737 milliseconds.]]

[2025-12-04T13:41:37.213-0600] [Payara 7.2025.1] [INFORMACIÓN] [] [javax.enterprise.system.core] [tid: _ThreadID=197 _ThreadName=admin-thread-pool::admin-listener(3)] [timeMillis: 1764877297213] [levelValue: 800] [[
  No deployment transformer implementation found.]]

[2025-12-04T13:41:37.343-0600] [Payara 7.2025.1] [INFORMACIÓN] [] [org.eclipse.persistence.session./file:/C:/Users/SISTEMAS DESARROLLO2/Documents/NetBeansProjects/Inventarios/target/Inventarios-1.0-SNAPSHOT/WEB-INF/classes/_my_persistence_unit] [tid: _ThreadID=197 _ThreadName=admin-thread-pool::admin-listener(3)] [timeMillis: 1764877297343] [levelValue: 800] [[
  EclipseLink, version: Eclipse Persistence Services - 5.0.0-B08.payara-p1.v202511041741-60b8f7dca8141786130b4d36785fdcc926eb8cff]]

[2025-12-04T13:41:37.608-0600] [Payara 7.2025.1] [INFORMACIÓN] [] [org.eclipse.krazo.servlet.KrazoContainerInitializer] [tid: _ThreadID=197 _ThreadName=admin-thread-pool::admin-listener(3)] [timeMillis: 1764877297608] [levelValue: 800] [[
  Eclipse Krazo version 4.0.0 started]]

[2025-12-04T13:41:37.632-0600] [Payara 7.2025.1] [INFORMACIÓN] [] [org.glassfish.soteria.servlet.SamRegistrationInstaller] [tid: _ThreadID=197 _ThreadName=admin-thread-pool::admin-listener(3)] [timeMillis: 1764877297632] [levelValue: 800] [[
  Initializing Soteria 4.0.1.payara-p1 for context '/Inventarios']]

[2025-12-04T13:41:37.710-0600] [Payara 7.2025.1] [INFORMACIÓN] [AS-WEB-GLUE-00172] [jakarta.enterprise.web] [tid: _ThreadID=197 _ThreadName=admin-thread-pool::admin-listener(3)] [timeMillis: 1764877297710] [levelValue: 800] [[
  Loading application [Inventarios-1.0-SNAPSHOT] at [/Inventarios]]]

[2025-12-04T13:41:37.740-0600] [Payara 7.2025.1] [INFORMACIÓN] [] [javax.enterprise.system.core] [tid: _ThreadID=197 _ThreadName=admin-thread-pool::admin-listener(3)] [timeMillis: 1764877297740] [levelValue: 800] [[
  Inventarios-1.0-SNAPSHOT was successfully deployed in 692 milliseconds.]]

[2025-12-04T13:45:19.460-0600] [Payara 7.2025.1] [ADVERTENCIA] [] [jakarta.enterprise.web.util] [tid: _ThreadID=189 _ThreadName=admin-thread-pool::admin-listener(2)] [timeMillis: 1764877519460] [levelValue: 900] [[
  The web application [/Inventarios] registered the JDBC driver [com.mysql.cj.jdbc.Driver] but failed to unregister it when the web application was stopped. To prevent a memory leak, the JDBC Driver has been forcibly unregistered.]]

[2025-12-04T13:45:26.975-0600] [Payara 7.2025.1] [INFORMACIÓN] [] [javax.enterprise.system.core] [tid: _ThreadID=189 _ThreadName=admin-thread-pool::admin-listener(2)] [timeMillis: 1764877526975] [levelValue: 800] [[
  No deployment transformer implementation found.]]

[2025-12-04T13:45:27.099-0600] [Payara 7.2025.1] [INFORMACIÓN] [] [org.eclipse.persistence.session./file:/C:/Users/SISTEMAS DESARROLLO2/Documents/NetBeansProjects/Inventarios/target/Inventarios-1.0-SNAPSHOT/WEB-INF/classes/_my_persistence_unit] [tid: _ThreadID=189 _ThreadName=admin-thread-pool::admin-listener(2)] [timeMillis: 1764877527099] [levelValue: 800] [[
  EclipseLink, version: Eclipse Persistence Services - 5.0.0-B08.payara-p1.v202511041741-60b8f7dca8141786130b4d36785fdcc926eb8cff]]

[2025-12-04T13:45:27.331-0600] [Payara 7.2025.1] [INFORMACIÓN] [] [org.eclipse.krazo.servlet.KrazoContainerInitializer] [tid: _ThreadID=189 _ThreadName=admin-thread-pool::admin-listener(2)] [timeMillis: 1764877527331] [levelValue: 800] [[
  Eclipse Krazo version 4.0.0 started]]

[2025-12-04T13:45:27.358-0600] [Payara 7.2025.1] [INFORMACIÓN] [] [org.glassfish.soteria.servlet.SamRegistrationInstaller] [tid: _ThreadID=189 _ThreadName=admin-thread-pool::admin-listener(2)] [timeMillis: 1764877527358] [levelValue: 800] [[
  Initializing Soteria 4.0.1.payara-p1 for context '/Inventarios']]

[2025-12-04T13:45:27.439-0600] [Payara 7.2025.1] [INFORMACIÓN] [AS-WEB-GLUE-00172] [jakarta.enterprise.web] [tid: _ThreadID=189 _ThreadName=admin-thread-pool::admin-listener(2)] [timeMillis: 1764877527439] [levelValue: 800] [[
  Loading application [Inventarios-1.0-SNAPSHOT] at [/Inventarios]]]

[2025-12-04T13:45:27.462-0600] [Payara 7.2025.1] [INFORMACIÓN] [] [javax.enterprise.system.core] [tid: _ThreadID=189 _ThreadName=admin-thread-pool::admin-listener(2)] [timeMillis: 1764877527462] [levelValue: 800] [[
  Inventarios-1.0-SNAPSHOT was successfully deployed in 664 milliseconds.]]

[2025-12-04T13:54:13.370-0600] [Payara 7.2025.1] [ADVERTENCIA] [] [jakarta.enterprise.web.util] [tid: _ThreadID=202 _ThreadName=admin-thread-pool::admin-listener(4)] [timeMillis: 1764878053370] [levelValue: 900] [[
  The web application [/Inventarios] registered the JDBC driver [com.mysql.cj.jdbc.Driver] but failed to unregister it when the web application was stopped. To prevent a memory leak, the JDBC Driver has been forcibly unregistered.]]

[2025-12-04T13:54:48.434-0600] [Payara 7.2025.1] [INFORMACIÓN] [] [javax.enterprise.system.core] [tid: _ThreadID=197 _ThreadName=admin-thread-pool::admin-listener(3)] [timeMillis: 1764878088434] [levelValue: 800] [[
  No deployment transformer implementation found.]]

[2025-12-04T13:54:48.845-0600] [Payara 7.2025.1] [INFORMACIÓN] [] [org.eclipse.persistence.session./file:/C:/Users/SISTEMAS DESARROLLO2/Documents/NetBeansProjects/Inventarios/target/Inventarios-1.0-SNAPSHOT/WEB-INF/classes/_my_persistence_unit] [tid: _ThreadID=197 _ThreadName=admin-thread-pool::admin-listener(3)] [timeMillis: 1764878088845] [levelValue: 800] [[
  EclipseLink, version: Eclipse Persistence Services - 5.0.0-B08.payara-p1.v202511041741-60b8f7dca8141786130b4d36785fdcc926eb8cff]]

[2025-12-04T13:54:49.700-0600] [Payara 7.2025.1] [INFORMACIÓN] [] [org.eclipse.krazo.servlet.KrazoContainerInitializer] [tid: _ThreadID=197 _ThreadName=admin-thread-pool::admin-listener(3)] [timeMillis: 1764878089700] [levelValue: 800] [[
  Eclipse Krazo version 4.0.0 started]]

[2025-12-04T13:54:49.745-0600] [Payara 7.2025.1] [INFORMACIÓN] [] [org.glassfish.soteria.servlet.SamRegistrationInstaller] [tid: _ThreadID=197 _ThreadName=admin-thread-pool::admin-listener(3)] [timeMillis: 1764878089745] [levelValue: 800] [[
  Initializing Soteria 4.0.1.payara-p1 for context '/Inventarios']]

[2025-12-04T13:54:50.021-0600] [Payara 7.2025.1] [INFORMACIÓN] [AS-WEB-GLUE-00172] [jakarta.enterprise.web] [tid: _ThreadID=197 _ThreadName=admin-thread-pool::admin-listener(3)] [timeMillis: 1764878090021] [levelValue: 800] [[
  Loading application [Inventarios-1.0-SNAPSHOT] at [/Inventarios]]]

[2025-12-04T13:54:50.112-0600] [Payara 7.2025.1] [INFORMACIÓN] [] [javax.enterprise.system.core] [tid: _ThreadID=197 _ThreadName=admin-thread-pool::admin-listener(3)] [timeMillis: 1764878090112] [levelValue: 800] [[
  Inventarios-1.0-SNAPSHOT was successfully deployed in 2,319 milliseconds.]]

[2025-12-04T14:00:29.643-0600] [Payara 7.2025.1] [ADVERTENCIA] [] [jakarta.enterprise.web.util] [tid: _ThreadID=202 _ThreadName=admin-thread-pool::admin-listener(4)] [timeMillis: 1764878429643] [levelValue: 900] [[
  The web application [/Inventarios] registered the JDBC driver [com.mysql.cj.jdbc.Driver] but failed to unregister it when the web application was stopped. To prevent a memory leak, the JDBC Driver has been forcibly unregistered.]]

[2025-12-04T14:00:30.159-0600] [Payara 7.2025.1] [INFORMACIÓN] [] [javax.enterprise.system.core] [tid: _ThreadID=152 _ThreadName=admin-thread-pool::admin-listener(1)] [timeMillis: 1764878430159] [levelValue: 800] [[
  No deployment transformer implementation found.]]

[2025-12-04T14:00:30.328-0600] [Payara 7.2025.1] [INFORMACIÓN] [] [org.eclipse.persistence.session./file:/C:/Users/SISTEMAS DESARROLLO2/Documents/NetBeansProjects/Inventarios/target/Inventarios-1.0-SNAPSHOT/WEB-INF/classes/_my_persistence_unit] [tid: _ThreadID=152 _ThreadName=admin-thread-pool::admin-listener(1)] [timeMillis: 1764878430328] [levelValue: 800] [[
  EclipseLink, version: Eclipse Persistence Services - 5.0.0-B08.payara-p1.v202511041741-60b8f7dca8141786130b4d36785fdcc926eb8cff]]

[2025-12-04T14:00:30.708-0600] [Payara 7.2025.1] [INFORMACIÓN] [] [org.eclipse.krazo.servlet.KrazoContainerInitializer] [tid: _ThreadID=152 _ThreadName=admin-thread-pool::admin-listener(1)] [timeMillis: 1764878430708] [levelValue: 800] [[
  Eclipse Krazo version 4.0.0 started]]

[2025-12-04T14:00:30.736-0600] [Payara 7.2025.1] [INFORMACIÓN] [] [org.glassfish.soteria.servlet.SamRegistrationInstaller] [tid: _ThreadID=152 _ThreadName=admin-thread-pool::admin-listener(1)] [timeMillis: 1764878430736] [levelValue: 800] [[
  Initializing Soteria 4.0.1.payara-p1 for context '/Inventarios']]

[2025-12-04T14:00:30.846-0600] [Payara 7.2025.1] [INFORMACIÓN] [AS-WEB-GLUE-00172] [jakarta.enterprise.web] [tid: _ThreadID=152 _ThreadName=admin-thread-pool::admin-listener(1)] [timeMillis: 1764878430846] [levelValue: 800] [[
  Loading application [Inventarios-1.0-SNAPSHOT] at [/Inventarios]]]

[2025-12-04T14:00:30.941-0600] [Payara 7.2025.1] [INFORMACIÓN] [] [javax.enterprise.system.core] [tid: _ThreadID=152 _ThreadName=admin-thread-pool::admin-listener(1)] [timeMillis: 1764878430941] [levelValue: 800] [[
  Inventarios-1.0-SNAPSHOT was successfully deployed in 1,087 milliseconds.]]

[2025-12-04T14:01:09.910-0600] [Payara 7.2025.1] [ADVERTENCIA] [] [jakarta.enterprise.web.util] [tid: _ThreadID=152 _ThreadName=admin-thread-pool::admin-listener(1)] [timeMillis: 1764878469910] [levelValue: 900] [[
  The web application [/Inventarios] registered the JDBC driver [com.mysql.cj.jdbc.Driver] but failed to unregister it when the web application was stopped. To prevent a memory leak, the JDBC Driver has been forcibly unregistered.]]

[2025-12-04T14:01:10.219-0600] [Payara 7.2025.1] [INFORMACIÓN] [] [javax.enterprise.system.core] [tid: _ThreadID=197 _ThreadName=admin-thread-pool::admin-listener(3)] [timeMillis: 1764878470219] [levelValue: 800] [[
  No deployment transformer implementation found.]]

[2025-12-04T14:01:10.340-0600] [Payara 7.2025.1] [INFORMACIÓN] [] [org.eclipse.persistence.session./file:/C:/Users/SISTEMAS DESARROLLO2/Documents/NetBeansProjects/Inventarios/target/Inventarios-1.0-SNAPSHOT/WEB-INF/classes/_my_persistence_unit] [tid: _ThreadID=197 _ThreadName=admin-thread-pool::admin-listener(3)] [timeMillis: 1764878470340] [levelValue: 800] [[
  EclipseLink, version: Eclipse Persistence Services - 5.0.0-B08.payara-p1.v202511041741-60b8f7dca8141786130b4d36785fdcc926eb8cff]]

[2025-12-04T14:01:10.620-0600] [Payara 7.2025.1] [INFORMACIÓN] [] [org.eclipse.krazo.servlet.KrazoContainerInitializer] [tid: _ThreadID=197 _ThreadName=admin-thread-pool::admin-listener(3)] [timeMillis: 1764878470620] [levelValue: 800] [[
  Eclipse Krazo version 4.0.0 started]]

[2025-12-04T14:01:10.645-0600] [Payara 7.2025.1] [INFORMACIÓN] [] [org.glassfish.soteria.servlet.SamRegistrationInstaller] [tid: _ThreadID=197 _ThreadName=admin-thread-pool::admin-listener(3)] [timeMillis: 1764878470645] [levelValue: 800] [[
  Initializing Soteria 4.0.1.payara-p1 for context '/Inventarios']]

[2025-12-04T14:01:10.777-0600] [Payara 7.2025.1] [INFORMACIÓN] [AS-WEB-GLUE-00172] [jakarta.enterprise.web] [tid: _ThreadID=197 _ThreadName=admin-thread-pool::admin-listener(3)] [timeMillis: 1764878470777] [levelValue: 800] [[
  Loading application [Inventarios-1.0-SNAPSHOT] at [/Inventarios]]]

[2025-12-04T14:01:10.856-0600] [Payara 7.2025.1] [INFORMACIÓN] [] [javax.enterprise.system.core] [tid: _ThreadID=197 _ThreadName=admin-thread-pool::admin-listener(3)] [timeMillis: 1764878470856] [levelValue: 800] [[
  Inventarios-1.0-SNAPSHOT was successfully deployed in 754 milliseconds.]]

[2025-12-04T14:02:37.473-0600] [Payara 7.2025.1] [ADVERTENCIA] [] [jakarta.enterprise.web.util] [tid: _ThreadID=197 _ThreadName=admin-thread-pool::admin-listener(3)] [timeMillis: 1764878557473] [levelValue: 900] [[
  The web application [/Inventarios] registered the JDBC driver [com.mysql.cj.jdbc.Driver] but failed to unregister it when the web application was stopped. To prevent a memory leak, the JDBC Driver has been forcibly unregistered.]]

[2025-12-04T14:02:37.766-0600] [Payara 7.2025.1] [INFORMACIÓN] [] [javax.enterprise.system.core] [tid: _ThreadID=152 _ThreadName=admin-thread-pool::admin-listener(1)] [timeMillis: 1764878557766] [levelValue: 800] [[
  No deployment transformer implementation found.]]

[2025-12-04T14:02:37.916-0600] [Payara 7.2025.1] [INFORMACIÓN] [] [org.eclipse.persistence.session./file:/C:/Users/SISTEMAS DESARROLLO2/Documents/NetBeansProjects/Inventarios/target/Inventarios-1.0-SNAPSHOT/WEB-INF/classes/_my_persistence_unit] [tid: _ThreadID=152 _ThreadName=admin-thread-pool::admin-listener(1)] [timeMillis: 1764878557916] [levelValue: 800] [[
  EclipseLink, version: Eclipse Persistence Services - 5.0.0-B08.payara-p1.v202511041741-60b8f7dca8141786130b4d36785fdcc926eb8cff]]

[2025-12-04T14:02:38.224-0600] [Payara 7.2025.1] [INFORMACIÓN] [] [org.eclipse.krazo.servlet.KrazoContainerInitializer] [tid: _ThreadID=152 _ThreadName=admin-thread-pool::admin-listener(1)] [timeMillis: 1764878558224] [levelValue: 800] [[
  Eclipse Krazo version 4.0.0 started]]

[2025-12-04T14:02:38.249-0600] [Payara 7.2025.1] [INFORMACIÓN] [] [org.glassfish.soteria.servlet.SamRegistrationInstaller] [tid: _ThreadID=152 _ThreadName=admin-thread-pool::admin-listener(1)] [timeMillis: 1764878558249] [levelValue: 800] [[
  Initializing Soteria 4.0.1.payara-p1 for context '/Inventarios']]

[2025-12-04T14:02:38.344-0600] [Payara 7.2025.1] [INFORMACIÓN] [AS-WEB-GLUE-00172] [jakarta.enterprise.web] [tid: _ThreadID=152 _ThreadName=admin-thread-pool::admin-listener(1)] [timeMillis: 1764878558344] [levelValue: 800] [[
  Loading application [Inventarios-1.0-SNAPSHOT] at [/Inventarios]]]

[2025-12-04T14:02:38.384-0600] [Payara 7.2025.1] [INFORMACIÓN] [] [javax.enterprise.system.core] [tid: _ThreadID=152 _ThreadName=admin-thread-pool::admin-listener(1)] [timeMillis: 1764878558384] [levelValue: 800] [[
  Inventarios-1.0-SNAPSHOT was successfully deployed in 760 milliseconds.]]

[2025-12-04T14:03:22.733-0600] [Payara 7.2025.1] [ADVERTENCIA] [] [jakarta.enterprise.web.util] [tid: _ThreadID=202 _ThreadName=admin-thread-pool::admin-listener(4)] [timeMillis: 1764878602733] [levelValue: 900] [[
  The web application [/Inventarios] registered the JDBC driver [com.mysql.cj.jdbc.Driver] but failed to unregister it when the web application was stopped. To prevent a memory leak, the JDBC Driver has been forcibly unregistered.]]

[2025-12-04T14:04:02.183-0600] [Payara 7.2025.1] [INFORMACIÓN] [] [javax.enterprise.system.core] [tid: _ThreadID=152 _ThreadName=admin-thread-pool::admin-listener(1)] [timeMillis: 1764878642183] [levelValue: 800] [[
  No deployment transformer implementation found.]]

[2025-12-04T14:04:02.325-0600] [Payara 7.2025.1] [INFORMACIÓN] [] [org.eclipse.persistence.session./file:/C:/Users/SISTEMAS DESARROLLO2/Documents/NetBeansProjects/Inventarios/target/Inventarios-1.0-SNAPSHOT/WEB-INF/classes/_my_persistence_unit] [tid: _ThreadID=152 _ThreadName=admin-thread-pool::admin-listener(1)] [timeMillis: 1764878642325] [levelValue: 800] [[
  EclipseLink, version: Eclipse Persistence Services - 5.0.0-B08.payara-p1.v202511041741-60b8f7dca8141786130b4d36785fdcc926eb8cff]]

[2025-12-04T14:04:02.668-0600] [Payara 7.2025.1] [INFORMACIÓN] [] [org.eclipse.krazo.servlet.KrazoContainerInitializer] [tid: _ThreadID=152 _ThreadName=admin-thread-pool::admin-listener(1)] [timeMillis: 1764878642668] [levelValue: 800] [[
  Eclipse Krazo version 4.0.0 started]]

[2025-12-04T14:04:02.703-0600] [Payara 7.2025.1] [INFORMACIÓN] [] [org.glassfish.soteria.servlet.SamRegistrationInstaller] [tid: _ThreadID=152 _ThreadName=admin-thread-pool::admin-listener(1)] [timeMillis: 1764878642703] [levelValue: 800] [[
  Initializing Soteria 4.0.1.payara-p1 for context '/Inventarios']]

[2025-12-04T14:04:02.814-0600] [Payara 7.2025.1] [INFORMACIÓN] [AS-WEB-GLUE-00172] [jakarta.enterprise.web] [tid: _ThreadID=152 _ThreadName=admin-thread-pool::admin-listener(1)] [timeMillis: 1764878642814] [levelValue: 800] [[
  Loading application [Inventarios-1.0-SNAPSHOT] at [/Inventarios]]]

[2025-12-04T14:04:02.895-0600] [Payara 7.2025.1] [INFORMACIÓN] [] [javax.enterprise.system.core] [tid: _ThreadID=152 _ThreadName=admin-thread-pool::admin-listener(1)] [timeMillis: 1764878642895] [levelValue: 800] [[
  Inventarios-1.0-SNAPSHOT was successfully deployed in 859 milliseconds.]]

[2025-12-04T14:05:15.233-0600] [Payara 7.2025.1] [INFORMACIÓN] [] [javax.enterprise.system.core] [tid: _ThreadID=197 _ThreadName=admin-thread-pool::admin-listener(3)] [timeMillis: 1764878715233] [levelValue: 800] [[
  No deployment transformer implementation found.]]

[2025-12-04T14:05:15.354-0600] [Payara 7.2025.1] [INFORMACIÓN] [] [org.eclipse.persistence.session./file:/C:/Users/SISTEMAS DESARROLLO2/Documents/NetBeansProjects/Inventarios/target/Inventarios-1.0-SNAPSHOT/WEB-INF/classes/_my_persistence_unit] [tid: _ThreadID=197 _ThreadName=admin-thread-pool::admin-listener(3)] [timeMillis: 1764878715354] [levelValue: 800] [[
  EclipseLink, version: Eclipse Persistence Services - 5.0.0-B08.payara-p1.v202511041741-60b8f7dca8141786130b4d36785fdcc926eb8cff]]

[2025-12-04T14:05:15.598-0600] [Payara 7.2025.1] [INFORMACIÓN] [] [org.eclipse.krazo.servlet.KrazoContainerInitializer] [tid: _ThreadID=197 _ThreadName=admin-thread-pool::admin-listener(3)] [timeMillis: 1764878715598] [levelValue: 800] [[
  Eclipse Krazo version 4.0.0 started]]

[2025-12-04T14:05:15.623-0600] [Payara 7.2025.1] [INFORMACIÓN] [] [org.glassfish.soteria.servlet.SamRegistrationInstaller] [tid: _ThreadID=197 _ThreadName=admin-thread-pool::admin-listener(3)] [timeMillis: 1764878715623] [levelValue: 800] [[
  Initializing Soteria 4.0.1.payara-p1 for context '/Inventarios']]

[2025-12-04T14:05:15.697-0600] [Payara 7.2025.1] [INFORMACIÓN] [AS-WEB-GLUE-00172] [jakarta.enterprise.web] [tid: _ThreadID=197 _ThreadName=admin-thread-pool::admin-listener(3)] [timeMillis: 1764878715697] [levelValue: 800] [[
  Loading application [Inventarios-1.0-SNAPSHOT] at [/Inventarios]]]

[2025-12-04T14:05:15.738-0600] [Payara 7.2025.1] [INFORMACIÓN] [] [javax.enterprise.system.core] [tid: _ThreadID=197 _ThreadName=admin-thread-pool::admin-listener(3)] [timeMillis: 1764878715738] [levelValue: 800] [[
  Inventarios-1.0-SNAPSHOT was successfully deployed in 654 milliseconds.]]

[2025-12-04T14:05:32.781-0600] [Payara 7.2025.1] [ADVERTENCIA] [] [jakarta.enterprise.web.util] [tid: _ThreadID=189 _ThreadName=admin-thread-pool::admin-listener(2)] [timeMillis: 1764878732781] [levelValue: 900] [[
  The web application [/Inventarios] registered the JDBC driver [com.mysql.cj.jdbc.Driver] but failed to unregister it when the web application was stopped. To prevent a memory leak, the JDBC Driver has been forcibly unregistered.]]

[2025-12-04T14:05:33.085-0600] [Payara 7.2025.1] [INFORMACIÓN] [] [javax.enterprise.system.core] [tid: _ThreadID=197 _ThreadName=admin-thread-pool::admin-listener(3)] [timeMillis: 1764878733085] [levelValue: 800] [[
  No deployment transformer implementation found.]]

[2025-12-04T14:05:33.207-0600] [Payara 7.2025.1] [INFORMACIÓN] [] [org.eclipse.persistence.session./file:/C:/Users/SISTEMAS DESARROLLO2/Documents/NetBeansProjects/Inventarios/target/Inventarios-1.0-SNAPSHOT/WEB-INF/classes/_my_persistence_unit] [tid: _ThreadID=197 _ThreadName=admin-thread-pool::admin-listener(3)] [timeMillis: 1764878733207] [levelValue: 800] [[
  EclipseLink, version: Eclipse Persistence Services - 5.0.0-B08.payara-p1.v202511041741-60b8f7dca8141786130b4d36785fdcc926eb8cff]]

[2025-12-04T14:05:33.430-0600] [Payara 7.2025.1] [INFORMACIÓN] [] [org.eclipse.krazo.servlet.KrazoContainerInitializer] [tid: _ThreadID=197 _ThreadName=admin-thread-pool::admin-listener(3)] [timeMillis: 1764878733430] [levelValue: 800] [[
  Eclipse Krazo version 4.0.0 started]]

[2025-12-04T14:05:33.454-0600] [Payara 7.2025.1] [INFORMACIÓN] [] [org.glassfish.soteria.servlet.SamRegistrationInstaller] [tid: _ThreadID=197 _ThreadName=admin-thread-pool::admin-listener(3)] [timeMillis: 1764878733454] [levelValue: 800] [[
  Initializing Soteria 4.0.1.payara-p1 for context '/Inventarios']]

[2025-12-04T14:05:33.516-0600] [Payara 7.2025.1] [INFORMACIÓN] [AS-WEB-GLUE-00172] [jakarta.enterprise.web] [tid: _ThreadID=197 _ThreadName=admin-thread-pool::admin-listener(3)] [timeMillis: 1764878733516] [levelValue: 800] [[
  Loading application [Inventarios-1.0-SNAPSHOT] at [/Inventarios]]]

[2025-12-04T14:05:33.542-0600] [Payara 7.2025.1] [INFORMACIÓN] [] [javax.enterprise.system.core] [tid: _ThreadID=197 _ThreadName=admin-thread-pool::admin-listener(3)] [timeMillis: 1764878733542] [levelValue: 800] [[
  Inventarios-1.0-SNAPSHOT was successfully deployed in 613 milliseconds.]]

[2025-12-04T14:07:30.158-0600] [Payara 7.2025.1] [ADVERTENCIA] [] [jakarta.enterprise.web.util] [tid: _ThreadID=189 _ThreadName=admin-thread-pool::admin-listener(2)] [timeMillis: 1764878850158] [levelValue: 900] [[
  The web application [/Inventarios] registered the JDBC driver [com.mysql.cj.jdbc.Driver] but failed to unregister it when the web application was stopped. To prevent a memory leak, the JDBC Driver has been forcibly unregistered.]]

[2025-12-04T14:07:47.046-0600] [Payara 7.2025.1] [INFORMACIÓN] [] [javax.enterprise.system.core] [tid: _ThreadID=152 _ThreadName=admin-thread-pool::admin-listener(1)] [timeMillis: 1764878867046] [levelValue: 800] [[
  No deployment transformer implementation found.]]

[2025-12-04T14:07:47.159-0600] [Payara 7.2025.1] [INFORMACIÓN] [] [org.eclipse.persistence.session./file:/C:/Users/SISTEMAS DESARROLLO2/Documents/NetBeansProjects/Inventarios/target/Inventarios-1.0-SNAPSHOT/WEB-INF/classes/_my_persistence_unit] [tid: _ThreadID=152 _ThreadName=admin-thread-pool::admin-listener(1)] [timeMillis: 1764878867159] [levelValue: 800] [[
  EclipseLink, version: Eclipse Persistence Services - 5.0.0-B08.payara-p1.v202511041741-60b8f7dca8141786130b4d36785fdcc926eb8cff]]

[2025-12-04T14:07:47.378-0600] [Payara 7.2025.1] [INFORMACIÓN] [] [org.eclipse.krazo.servlet.KrazoContainerInitializer] [tid: _ThreadID=152 _ThreadName=admin-thread-pool::admin-listener(1)] [timeMillis: 1764878867378] [levelValue: 800] [[
  Eclipse Krazo version 4.0.0 started]]

[2025-12-04T14:07:47.403-0600] [Payara 7.2025.1] [INFORMACIÓN] [] [org.glassfish.soteria.servlet.SamRegistrationInstaller] [tid: _ThreadID=152 _ThreadName=admin-thread-pool::admin-listener(1)] [timeMillis: 1764878867403] [levelValue: 800] [[
  Initializing Soteria 4.0.1.payara-p1 for context '/Inventarios']]

[2025-12-04T14:07:47.478-0600] [Payara 7.2025.1] [INFORMACIÓN] [AS-WEB-GLUE-00172] [jakarta.enterprise.web] [tid: _ThreadID=152 _ThreadName=admin-thread-pool::admin-listener(1)] [timeMillis: 1764878867478] [levelValue: 800] [[
  Loading application [Inventarios-1.0-SNAPSHOT] at [/Inventarios]]]

[2025-12-04T14:07:47.518-0600] [Payara 7.2025.1] [INFORMACIÓN] [] [javax.enterprise.system.core] [tid: _ThreadID=152 _ThreadName=admin-thread-pool::admin-listener(1)] [timeMillis: 1764878867518] [levelValue: 800] [[
  Inventarios-1.0-SNAPSHOT was successfully deployed in 624 milliseconds.]]

[2025-12-04T14:08:17.357-0600] [Payara 7.2025.1] [ADVERTENCIA] [] [jakarta.enterprise.web.util] [tid: _ThreadID=202 _ThreadName=admin-thread-pool::admin-listener(4)] [timeMillis: 1764878897357] [levelValue: 900] [[
  The web application [/Inventarios] registered the JDBC driver [com.mysql.cj.jdbc.Driver] but failed to unregister it when the web application was stopped. To prevent a memory leak, the JDBC Driver has been forcibly unregistered.]]

[2025-12-04T14:08:17.646-0600] [Payara 7.2025.1] [INFORMACIÓN] [] [javax.enterprise.system.core] [tid: _ThreadID=202 _ThreadName=admin-thread-pool::admin-listener(4)] [timeMillis: 1764878897646] [levelValue: 800] [[
  No deployment transformer implementation found.]]

[2025-12-04T14:08:17.760-0600] [Payara 7.2025.1] [INFORMACIÓN] [] [org.eclipse.persistence.session./file:/C:/Users/SISTEMAS DESARROLLO2/Documents/NetBeansProjects/Inventarios/target/Inventarios-1.0-SNAPSHOT/WEB-INF/classes/_my_persistence_unit] [tid: _ThreadID=202 _ThreadName=admin-thread-pool::admin-listener(4)] [timeMillis: 1764878897760] [levelValue: 800] [[
  EclipseLink, version: Eclipse Persistence Services - 5.0.0-B08.payara-p1.v202511041741-60b8f7dca8141786130b4d36785fdcc926eb8cff]]

[2025-12-04T14:08:17.966-0600] [Payara 7.2025.1] [INFORMACIÓN] [] [org.eclipse.krazo.servlet.KrazoContainerInitializer] [tid: _ThreadID=202 _ThreadName=admin-thread-pool::admin-listener(4)] [timeMillis: 1764878897966] [levelValue: 800] [[
  Eclipse Krazo version 4.0.0 started]]

[2025-12-04T14:08:17.990-0600] [Payara 7.2025.1] [INFORMACIÓN] [] [org.glassfish.soteria.servlet.SamRegistrationInstaller] [tid: _ThreadID=202 _ThreadName=admin-thread-pool::admin-listener(4)] [timeMillis: 1764878897990] [levelValue: 800] [[
  Initializing Soteria 4.0.1.payara-p1 for context '/Inventarios']]

[2025-12-04T14:08:18.055-0600] [Payara 7.2025.1] [INFORMACIÓN] [AS-WEB-GLUE-00172] [jakarta.enterprise.web] [tid: _ThreadID=202 _ThreadName=admin-thread-pool::admin-listener(4)] [timeMillis: 1764878898055] [levelValue: 800] [[
  Loading application [Inventarios-1.0-SNAPSHOT] at [/Inventarios]]]

[2025-12-04T14:08:18.083-0600] [Payara 7.2025.1] [INFORMACIÓN] [] [javax.enterprise.system.core] [tid: _ThreadID=202 _ThreadName=admin-thread-pool::admin-listener(4)] [timeMillis: 1764878898083] [levelValue: 800] [[
  Inventarios-1.0-SNAPSHOT was successfully deployed in 584 milliseconds.]]

[2025-12-04T14:08:38.858-0600] [Payara 7.2025.1] [ADVERTENCIA] [] [jakarta.enterprise.web.util] [tid: _ThreadID=197 _ThreadName=admin-thread-pool::admin-listener(3)] [timeMillis: 1764878918858] [levelValue: 900] [[
  The web application [/Inventarios] registered the JDBC driver [com.mysql.cj.jdbc.Driver] but failed to unregister it when the web application was stopped. To prevent a memory leak, the JDBC Driver has been forcibly unregistered.]]

[2025-12-04T14:09:02.498-0600] [Payara 7.2025.1] [INFORMACIÓN] [] [javax.enterprise.system.core] [tid: _ThreadID=189 _ThreadName=admin-thread-pool::admin-listener(2)] [timeMillis: 1764878942498] [levelValue: 800] [[
  No deployment transformer implementation found.]]

[2025-12-04T14:09:02.648-0600] [Payara 7.2025.1] [INFORMACIÓN] [] [org.eclipse.persistence.session./file:/C:/Users/SISTEMAS DESARROLLO2/Documents/NetBeansProjects/Inventarios/target/Inventarios-1.0-SNAPSHOT/WEB-INF/classes/_my_persistence_unit] [tid: _ThreadID=189 _ThreadName=admin-thread-pool::admin-listener(2)] [timeMillis: 1764878942648] [levelValue: 800] [[
  EclipseLink, version: Eclipse Persistence Services - 5.0.0-B08.payara-p1.v202511041741-60b8f7dca8141786130b4d36785fdcc926eb8cff]]

[2025-12-04T14:09:02.865-0600] [Payara 7.2025.1] [INFORMACIÓN] [] [org.eclipse.krazo.servlet.KrazoContainerInitializer] [tid: _ThreadID=189 _ThreadName=admin-thread-pool::admin-listener(2)] [timeMillis: 1764878942865] [levelValue: 800] [[
  Eclipse Krazo version 4.0.0 started]]

[2025-12-04T14:09:02.899-0600] [Payara 7.2025.1] [INFORMACIÓN] [] [org.glassfish.soteria.servlet.SamRegistrationInstaller] [tid: _ThreadID=189 _ThreadName=admin-thread-pool::admin-listener(2)] [timeMillis: 1764878942899] [levelValue: 800] [[
  Initializing Soteria 4.0.1.payara-p1 for context '/Inventarios']]

[2025-12-04T14:09:02.962-0600] [Payara 7.2025.1] [INFORMACIÓN] [AS-WEB-GLUE-00172] [jakarta.enterprise.web] [tid: _ThreadID=189 _ThreadName=admin-thread-pool::admin-listener(2)] [timeMillis: 1764878942962] [levelValue: 800] [[
  Loading application [Inventarios-1.0-SNAPSHOT] at [/Inventarios]]]

[2025-12-04T14:09:02.986-0600] [Payara 7.2025.1] [INFORMACIÓN] [] [javax.enterprise.system.core] [tid: _ThreadID=189 _ThreadName=admin-thread-pool::admin-listener(2)] [timeMillis: 1764878942986] [levelValue: 800] [[
  Inventarios-1.0-SNAPSHOT was successfully deployed in 693 milliseconds.]]

[2025-12-04T14:13:34.670-0600] [Payara 7.2025.1] [ADVERTENCIA] [] [jakarta.enterprise.web.util] [tid: _ThreadID=197 _ThreadName=admin-thread-pool::admin-listener(3)] [timeMillis: 1764879214670] [levelValue: 900] [[
  The web application [/Inventarios] registered the JDBC driver [com.mysql.cj.jdbc.Driver] but failed to unregister it when the web application was stopped. To prevent a memory leak, the JDBC Driver has been forcibly unregistered.]]

[2025-12-04T14:13:34.963-0600] [Payara 7.2025.1] [INFORMACIÓN] [] [javax.enterprise.system.core] [tid: _ThreadID=152 _ThreadName=admin-thread-pool::admin-listener(1)] [timeMillis: 1764879214963] [levelValue: 800] [[
  No deployment transformer implementation found.]]

[2025-12-04T14:13:35.083-0600] [Payara 7.2025.1] [INFORMACIÓN] [] [org.eclipse.persistence.session./file:/C:/Users/SISTEMAS DESARROLLO2/Documents/NetBeansProjects/Inventarios/target/Inventarios-1.0-SNAPSHOT/WEB-INF/classes/_my_persistence_unit] [tid: _ThreadID=152 _ThreadName=admin-thread-pool::admin-listener(1)] [timeMillis: 1764879215083] [levelValue: 800] [[
  EclipseLink, version: Eclipse Persistence Services - 5.0.0-B08.payara-p1.v202511041741-60b8f7dca8141786130b4d36785fdcc926eb8cff]]

[2025-12-04T14:13:35.284-0600] [Payara 7.2025.1] [INFORMACIÓN] [] [org.eclipse.krazo.servlet.KrazoContainerInitializer] [tid: _ThreadID=152 _ThreadName=admin-thread-pool::admin-listener(1)] [timeMillis: 1764879215284] [levelValue: 800] [[
  Eclipse Krazo version 4.0.0 started]]

[2025-12-04T14:13:35.314-0600] [Payara 7.2025.1] [INFORMACIÓN] [] [org.glassfish.soteria.servlet.SamRegistrationInstaller] [tid: _ThreadID=152 _ThreadName=admin-thread-pool::admin-listener(1)] [timeMillis: 1764879215314] [levelValue: 800] [[
  Initializing Soteria 4.0.1.payara-p1 for context '/Inventarios']]

[2025-12-04T14:13:35.369-0600] [Payara 7.2025.1] [INFORMACIÓN] [AS-WEB-GLUE-00172] [jakarta.enterprise.web] [tid: _ThreadID=152 _ThreadName=admin-thread-pool::admin-listener(1)] [timeMillis: 1764879215369] [levelValue: 800] [[
  Loading application [Inventarios-1.0-SNAPSHOT] at [/Inventarios]]]

[2025-12-04T14:13:35.394-0600] [Payara 7.2025.1] [INFORMACIÓN] [] [javax.enterprise.system.core] [tid: _ThreadID=152 _ThreadName=admin-thread-pool::admin-listener(1)] [timeMillis: 1764879215394] [levelValue: 800] [[
  Inventarios-1.0-SNAPSHOT was successfully deployed in 580 milliseconds.]]

[2025-12-04T14:18:34.600-0600] [Payara 7.2025.1] [ADVERTENCIA] [] [jakarta.enterprise.web.util] [tid: _ThreadID=152 _ThreadName=admin-thread-pool::admin-listener(1)] [timeMillis: 1764879514600] [levelValue: 900] [[
  The web application [/Inventarios] registered the JDBC driver [com.mysql.cj.jdbc.Driver] but failed to unregister it when the web application was stopped. To prevent a memory leak, the JDBC Driver has been forcibly unregistered.]]

[2025-12-04T14:18:34.895-0600] [Payara 7.2025.1] [INFORMACIÓN] [] [javax.enterprise.system.core] [tid: _ThreadID=189 _ThreadName=admin-thread-pool::admin-listener(2)] [timeMillis: 1764879514895] [levelValue: 800] [[
  No deployment transformer implementation found.]]

[2025-12-04T14:18:35.009-0600] [Payara 7.2025.1] [INFORMACIÓN] [] [org.eclipse.persistence.session./file:/C:/Users/SISTEMAS DESARROLLO2/Documents/NetBeansProjects/Inventarios/target/Inventarios-1.0-SNAPSHOT/WEB-INF/classes/_my_persistence_unit] [tid: _ThreadID=189 _ThreadName=admin-thread-pool::admin-listener(2)] [timeMillis: 1764879515009] [levelValue: 800] [[
  EclipseLink, version: Eclipse Persistence Services - 5.0.0-B08.payara-p1.v202511041741-60b8f7dca8141786130b4d36785fdcc926eb8cff]]

[2025-12-04T14:18:35.196-0600] [Payara 7.2025.1] [INFORMACIÓN] [] [org.eclipse.krazo.servlet.KrazoContainerInitializer] [tid: _ThreadID=189 _ThreadName=admin-thread-pool::admin-listener(2)] [timeMillis: 1764879515196] [levelValue: 800] [[
  Eclipse Krazo version 4.0.0 started]]

[2025-12-04T14:18:35.221-0600] [Payara 7.2025.1] [INFORMACIÓN] [] [org.glassfish.soteria.servlet.SamRegistrationInstaller] [tid: _ThreadID=189 _ThreadName=admin-thread-pool::admin-listener(2)] [timeMillis: 1764879515221] [levelValue: 800] [[
  Initializing Soteria 4.0.1.payara-p1 for context '/Inventarios']]

[2025-12-04T14:18:35.292-0600] [Payara 7.2025.1] [INFORMACIÓN] [AS-WEB-GLUE-00172] [jakarta.enterprise.web] [tid: _ThreadID=189 _ThreadName=admin-thread-pool::admin-listener(2)] [timeMillis: 1764879515292] [levelValue: 800] [[
  Loading application [Inventarios-1.0-SNAPSHOT] at [/Inventarios]]]

[2025-12-04T14:18:35.318-0600] [Payara 7.2025.1] [INFORMACIÓN] [] [javax.enterprise.system.core] [tid: _ThreadID=189 _ThreadName=admin-thread-pool::admin-listener(2)] [timeMillis: 1764879515318] [levelValue: 800] [[
  Inventarios-1.0-SNAPSHOT was successfully deployed in 574 milliseconds.]]

[2025-12-04T14:28:18.463-0600] [Payara 7.2025.1] [ADVERTENCIA] [] [jakarta.enterprise.web.util] [tid: _ThreadID=189 _ThreadName=admin-thread-pool::admin-listener(2)] [timeMillis: 1764880098463] [levelValue: 900] [[
  The web application [/Inventarios] registered the JDBC driver [com.mysql.cj.jdbc.Driver] but failed to unregister it when the web application was stopped. To prevent a memory leak, the JDBC Driver has been forcibly unregistered.]]

[2025-12-04T14:28:27.252-0600] [Payara 7.2025.1] [INFORMACIÓN] [] [javax.enterprise.system.core] [tid: _ThreadID=202 _ThreadName=admin-thread-pool::admin-listener(4)] [timeMillis: 1764880107252] [levelValue: 800] [[
  No deployment transformer implementation found.]]

[2025-12-04T14:28:27.372-0600] [Payara 7.2025.1] [INFORMACIÓN] [] [org.eclipse.persistence.session./file:/C:/Users/SISTEMAS DESARROLLO2/Documents/NetBeansProjects/Inventarios/target/Inventarios-1.0-SNAPSHOT/WEB-INF/classes/_my_persistence_unit] [tid: _ThreadID=202 _ThreadName=admin-thread-pool::admin-listener(4)] [timeMillis: 1764880107372] [levelValue: 800] [[
  EclipseLink, version: Eclipse Persistence Services - 5.0.0-B08.payara-p1.v202511041741-60b8f7dca8141786130b4d36785fdcc926eb8cff]]

[2025-12-04T14:28:27.599-0600] [Payara 7.2025.1] [INFORMACIÓN] [] [org.eclipse.krazo.servlet.KrazoContainerInitializer] [tid: _ThreadID=202 _ThreadName=admin-thread-pool::admin-listener(4)] [timeMillis: 1764880107599] [levelValue: 800] [[
  Eclipse Krazo version 4.0.0 started]]

[2025-12-04T14:28:27.625-0600] [Payara 7.2025.1] [INFORMACIÓN] [] [org.glassfish.soteria.servlet.SamRegistrationInstaller] [tid: _ThreadID=202 _ThreadName=admin-thread-pool::admin-listener(4)] [timeMillis: 1764880107625] [levelValue: 800] [[
  Initializing Soteria 4.0.1.payara-p1 for context '/Inventarios']]

[2025-12-04T14:28:27.687-0600] [Payara 7.2025.1] [INFORMACIÓN] [AS-WEB-GLUE-00172] [jakarta.enterprise.web] [tid: _ThreadID=202 _ThreadName=admin-thread-pool::admin-listener(4)] [timeMillis: 1764880107687] [levelValue: 800] [[
  Loading application [Inventarios-1.0-SNAPSHOT] at [/Inventarios]]]

[2025-12-04T14:28:27.741-0600] [Payara 7.2025.1] [INFORMACIÓN] [] [javax.enterprise.system.core] [tid: _ThreadID=202 _ThreadName=admin-thread-pool::admin-listener(4)] [timeMillis: 1764880107741] [levelValue: 800] [[
  Inventarios-1.0-SNAPSHOT was successfully deployed in 630 milliseconds.]]

[2025-12-04T14:31:03.375-0600] [Payara 7.2025.1] [ADVERTENCIA] [] [jakarta.enterprise.web.util] [tid: _ThreadID=197 _ThreadName=admin-thread-pool::admin-listener(3)] [timeMillis: 1764880263375] [levelValue: 900] [[
  The web application [/Inventarios] registered the JDBC driver [com.mysql.cj.jdbc.Driver] but failed to unregister it when the web application was stopped. To prevent a memory leak, the JDBC Driver has been forcibly unregistered.]]

[2025-12-04T14:31:43.541-0600] [Payara 7.2025.1] [INFORMACIÓN] [] [javax.enterprise.system.core] [tid: _ThreadID=152 _ThreadName=admin-thread-pool::admin-listener(1)] [timeMillis: 1764880303541] [levelValue: 800] [[
  No deployment transformer implementation found.]]

[2025-12-04T14:31:43.677-0600] [Payara 7.2025.1] [INFORMACIÓN] [] [org.eclipse.persistence.session./file:/C:/Users/SISTEMAS DESARROLLO2/Documents/NetBeansProjects/Inventarios/target/Inventarios-1.0-SNAPSHOT/WEB-INF/classes/_my_persistence_unit] [tid: _ThreadID=152 _ThreadName=admin-thread-pool::admin-listener(1)] [timeMillis: 1764880303677] [levelValue: 800] [[
  EclipseLink, version: Eclipse Persistence Services - 5.0.0-B08.payara-p1.v202511041741-60b8f7dca8141786130b4d36785fdcc926eb8cff]]

[2025-12-04T14:31:43.959-0600] [Payara 7.2025.1] [INFORMACIÓN] [] [org.eclipse.krazo.servlet.KrazoContainerInitializer] [tid: _ThreadID=152 _ThreadName=admin-thread-pool::admin-listener(1)] [timeMillis: 1764880303959] [levelValue: 800] [[
  Eclipse Krazo version 4.0.0 started]]

[2025-12-04T14:31:43.987-0600] [Payara 7.2025.1] [INFORMACIÓN] [] [org.glassfish.soteria.servlet.SamRegistrationInstaller] [tid: _ThreadID=152 _ThreadName=admin-thread-pool::admin-listener(1)] [timeMillis: 1764880303987] [levelValue: 800] [[
  Initializing Soteria 4.0.1.payara-p1 for context '/Inventarios']]

[2025-12-04T14:31:44.068-0600] [Payara 7.2025.1] [INFORMACIÓN] [AS-WEB-GLUE-00172] [jakarta.enterprise.web] [tid: _ThreadID=152 _ThreadName=admin-thread-pool::admin-listener(1)] [timeMillis: 1764880304068] [levelValue: 800] [[
  Loading application [Inventarios-1.0-SNAPSHOT] at [/Inventarios]]]

[2025-12-04T14:31:44.116-0600] [Payara 7.2025.1] [INFORMACIÓN] [] [javax.enterprise.system.core] [tid: _ThreadID=152 _ThreadName=admin-thread-pool::admin-listener(1)] [timeMillis: 1764880304116] [levelValue: 800] [[
  Inventarios-1.0-SNAPSHOT was successfully deployed in 750 milliseconds.]]

[2025-12-04T14:33:38.402-0600] [Payara 7.2025.1] [ADVERTENCIA] [] [jakarta.enterprise.web.util] [tid: _ThreadID=152 _ThreadName=admin-thread-pool::admin-listener(1)] [timeMillis: 1764880418402] [levelValue: 900] [[
  The web application [/Inventarios] registered the JDBC driver [com.mysql.cj.jdbc.Driver] but failed to unregister it when the web application was stopped. To prevent a memory leak, the JDBC Driver has been forcibly unregistered.]]

[2025-12-04T14:33:49.784-0600] [Payara 7.2025.1] [INFORMACIÓN] [] [javax.enterprise.system.core] [tid: _ThreadID=152 _ThreadName=admin-thread-pool::admin-listener(1)] [timeMillis: 1764880429784] [levelValue: 800] [[
  No deployment transformer implementation found.]]

[2025-12-04T14:33:49.898-0600] [Payara 7.2025.1] [INFORMACIÓN] [] [org.eclipse.persistence.session./file:/C:/Users/SISTEMAS DESARROLLO2/Documents/NetBeansProjects/Inventarios/target/Inventarios-1.0-SNAPSHOT/WEB-INF/classes/_my_persistence_unit] [tid: _ThreadID=152 _ThreadName=admin-thread-pool::admin-listener(1)] [timeMillis: 1764880429898] [levelValue: 800] [[
  EclipseLink, version: Eclipse Persistence Services - 5.0.0-B08.payara-p1.v202511041741-60b8f7dca8141786130b4d36785fdcc926eb8cff]]

[2025-12-04T14:33:50.076-0600] [Payara 7.2025.1] [INFORMACIÓN] [] [org.eclipse.krazo.servlet.KrazoContainerInitializer] [tid: _ThreadID=152 _ThreadName=admin-thread-pool::admin-listener(1)] [timeMillis: 1764880430076] [levelValue: 800] [[
  Eclipse Krazo version 4.0.0 started]]

[2025-12-04T14:33:50.099-0600] [Payara 7.2025.1] [INFORMACIÓN] [] [org.glassfish.soteria.servlet.SamRegistrationInstaller] [tid: _ThreadID=152 _ThreadName=admin-thread-pool::admin-listener(1)] [timeMillis: 1764880430099] [levelValue: 800] [[
  Initializing Soteria 4.0.1.payara-p1 for context '/Inventarios']]

[2025-12-04T14:33:50.161-0600] [Payara 7.2025.1] [INFORMACIÓN] [AS-WEB-GLUE-00172] [jakarta.enterprise.web] [tid: _ThreadID=152 _ThreadName=admin-thread-pool::admin-listener(1)] [timeMillis: 1764880430161] [levelValue: 800] [[
  Loading application [Inventarios-1.0-SNAPSHOT] at [/Inventarios]]]

[2025-12-04T14:33:50.187-0600] [Payara 7.2025.1] [INFORMACIÓN] [] [javax.enterprise.system.core] [tid: _ThreadID=152 _ThreadName=admin-thread-pool::admin-listener(1)] [timeMillis: 1764880430187] [levelValue: 800] [[
  Inventarios-1.0-SNAPSHOT was successfully deployed in 557 milliseconds.]]

[2025-12-04T14:40:16.677-0600] [Payara 7.2025.1] [ADVERTENCIA] [] [jakarta.enterprise.web.util] [tid: _ThreadID=197 _ThreadName=admin-thread-pool::admin-listener(3)] [timeMillis: 1764880816677] [levelValue: 900] [[
  The web application [/Inventarios] registered the JDBC driver [com.mysql.cj.jdbc.Driver] but failed to unregister it when the web application was stopped. To prevent a memory leak, the JDBC Driver has been forcibly unregistered.]]

[2025-12-04T14:40:17.034-0600] [Payara 7.2025.1] [INFORMACIÓN] [] [javax.enterprise.system.core] [tid: _ThreadID=189 _ThreadName=admin-thread-pool::admin-listener(2)] [timeMillis: 1764880817034] [levelValue: 800] [[
  No deployment transformer implementation found.]]

[2025-12-04T14:40:17.170-0600] [Payara 7.2025.1] [INFORMACIÓN] [] [org.eclipse.persistence.session./file:/C:/Users/SISTEMAS DESARROLLO2/Documents/NetBeansProjects/Inventarios/target/Inventarios-1.0-SNAPSHOT/WEB-INF/classes/_my_persistence_unit] [tid: _ThreadID=189 _ThreadName=admin-thread-pool::admin-listener(2)] [timeMillis: 1764880817170] [levelValue: 800] [[
  EclipseLink, version: Eclipse Persistence Services - 5.0.0-B08.payara-p1.v202511041741-60b8f7dca8141786130b4d36785fdcc926eb8cff]]

[2025-12-04T14:40:17.417-0600] [Payara 7.2025.1] [INFORMACIÓN] [] [org.eclipse.krazo.servlet.KrazoContainerInitializer] [tid: _ThreadID=189 _ThreadName=admin-thread-pool::admin-listener(2)] [timeMillis: 1764880817417] [levelValue: 800] [[
  Eclipse Krazo version 4.0.0 started]]

[2025-12-04T14:40:17.443-0600] [Payara 7.2025.1] [INFORMACIÓN] [] [org.glassfish.soteria.servlet.SamRegistrationInstaller] [tid: _ThreadID=189 _ThreadName=admin-thread-pool::admin-listener(2)] [timeMillis: 1764880817443] [levelValue: 800] [[
  Initializing Soteria 4.0.1.payara-p1 for context '/Inventarios']]

[2025-12-04T14:40:17.530-0600] [Payara 7.2025.1] [INFORMACIÓN] [AS-WEB-GLUE-00172] [jakarta.enterprise.web] [tid: _ThreadID=189 _ThreadName=admin-thread-pool::admin-listener(2)] [timeMillis: 1764880817530] [levelValue: 800] [[
  Loading application [Inventarios-1.0-SNAPSHOT] at [/Inventarios]]]

[2025-12-04T14:40:17.568-0600] [Payara 7.2025.1] [INFORMACIÓN] [] [javax.enterprise.system.core] [tid: _ThreadID=189 _ThreadName=admin-thread-pool::admin-listener(2)] [timeMillis: 1764880817568] [levelValue: 800] [[
  Inventarios-1.0-SNAPSHOT was successfully deployed in 708 milliseconds.]]

[2025-12-04T14:43:06.064-0600] [Payara 7.2025.1] [ADVERTENCIA] [] [jakarta.enterprise.web.util] [tid: _ThreadID=189 _ThreadName=admin-thread-pool::admin-listener(2)] [timeMillis: 1764880986064] [levelValue: 900] [[
  The web application [/Inventarios] registered the JDBC driver [com.mysql.cj.jdbc.Driver] but failed to unregister it when the web application was stopped. To prevent a memory leak, the JDBC Driver has been forcibly unregistered.]]

[2025-12-04T14:43:06.389-0600] [Payara 7.2025.1] [INFORMACIÓN] [] [javax.enterprise.system.core] [tid: _ThreadID=152 _ThreadName=admin-thread-pool::admin-listener(1)] [timeMillis: 1764880986389] [levelValue: 800] [[
  No deployment transformer implementation found.]]

[2025-12-04T14:43:06.499-0600] [Payara 7.2025.1] [INFORMACIÓN] [] [org.eclipse.persistence.session./file:/C:/Users/SISTEMAS DESARROLLO2/Documents/NetBeansProjects/Inventarios/target/Inventarios-1.0-SNAPSHOT/WEB-INF/classes/_my_persistence_unit] [tid: _ThreadID=152 _ThreadName=admin-thread-pool::admin-listener(1)] [timeMillis: 1764880986499] [levelValue: 800] [[
  EclipseLink, version: Eclipse Persistence Services - 5.0.0-B08.payara-p1.v202511041741-60b8f7dca8141786130b4d36785fdcc926eb8cff]]

[2025-12-04T14:43:06.684-0600] [Payara 7.2025.1] [INFORMACIÓN] [] [org.eclipse.krazo.servlet.KrazoContainerInitializer] [tid: _ThreadID=152 _ThreadName=admin-thread-pool::admin-listener(1)] [timeMillis: 1764880986684] [levelValue: 800] [[
  Eclipse Krazo version 4.0.0 started]]

[2025-12-04T14:43:06.707-0600] [Payara 7.2025.1] [INFORMACIÓN] [] [org.glassfish.soteria.servlet.SamRegistrationInstaller] [tid: _ThreadID=152 _ThreadName=admin-thread-pool::admin-listener(1)] [timeMillis: 1764880986707] [levelValue: 800] [[
  Initializing Soteria 4.0.1.payara-p1 for context '/Inventarios']]

[2025-12-04T14:43:06.768-0600] [Payara 7.2025.1] [INFORMACIÓN] [AS-WEB-GLUE-00172] [jakarta.enterprise.web] [tid: _ThreadID=152 _ThreadName=admin-thread-pool::admin-listener(1)] [timeMillis: 1764880986768] [levelValue: 800] [[
  Loading application [Inventarios-1.0-SNAPSHOT] at [/Inventarios]]]

[2025-12-04T14:43:06.792-0600] [Payara 7.2025.1] [INFORMACIÓN] [] [javax.enterprise.system.core] [tid: _ThreadID=152 _ThreadName=admin-thread-pool::admin-listener(1)] [timeMillis: 1764880986792] [levelValue: 800] [[
  Inventarios-1.0-SNAPSHOT was successfully deployed in 568 milliseconds.]]

[2025-12-04T14:44:44.825-0600] [Payara 7.2025.1] [ADVERTENCIA] [] [jakarta.enterprise.web.util] [tid: _ThreadID=189 _ThreadName=admin-thread-pool::admin-listener(2)] [timeMillis: 1764881084825] [levelValue: 900] [[
  The web application [/Inventarios] registered the JDBC driver [com.mysql.cj.jdbc.Driver] but failed to unregister it when the web application was stopped. To prevent a memory leak, the JDBC Driver has been forcibly unregistered.]]

[2025-12-04T14:44:45.175-0600] [Payara 7.2025.1] [INFORMACIÓN] [] [javax.enterprise.system.core] [tid: _ThreadID=152 _ThreadName=admin-thread-pool::admin-listener(1)] [timeMillis: 1764881085175] [levelValue: 800] [[
  No deployment transformer implementation found.]]

[2025-12-04T14:44:45.291-0600] [Payara 7.2025.1] [INFORMACIÓN] [] [org.eclipse.persistence.session./file:/C:/Users/SISTEMAS DESARROLLO2/Documents/NetBeansProjects/Inventarios/target/Inventarios-1.0-SNAPSHOT/WEB-INF/classes/_my_persistence_unit] [tid: _ThreadID=152 _ThreadName=admin-thread-pool::admin-listener(1)] [timeMillis: 1764881085291] [levelValue: 800] [[
  EclipseLink, version: Eclipse Persistence Services - 5.0.0-B08.payara-p1.v202511041741-60b8f7dca8141786130b4d36785fdcc926eb8cff]]

[2025-12-04T14:44:45.489-0600] [Payara 7.2025.1] [INFORMACIÓN] [] [org.eclipse.krazo.servlet.KrazoContainerInitializer] [tid: _ThreadID=152 _ThreadName=admin-thread-pool::admin-listener(1)] [timeMillis: 1764881085489] [levelValue: 800] [[
  Eclipse Krazo version 4.0.0 started]]

[2025-12-04T14:44:45.513-0600] [Payara 7.2025.1] [INFORMACIÓN] [] [org.glassfish.soteria.servlet.SamRegistrationInstaller] [tid: _ThreadID=152 _ThreadName=admin-thread-pool::admin-listener(1)] [timeMillis: 1764881085513] [levelValue: 800] [[
  Initializing Soteria 4.0.1.payara-p1 for context '/Inventarios']]

[2025-12-04T14:44:45.580-0600] [Payara 7.2025.1] [INFORMACIÓN] [AS-WEB-GLUE-00172] [jakarta.enterprise.web] [tid: _ThreadID=152 _ThreadName=admin-thread-pool::admin-listener(1)] [timeMillis: 1764881085580] [levelValue: 800] [[
  Loading application [Inventarios-1.0-SNAPSHOT] at [/Inventarios]]]

[2025-12-04T14:44:45.613-0600] [Payara 7.2025.1] [INFORMACIÓN] [] [javax.enterprise.system.core] [tid: _ThreadID=152 _ThreadName=admin-thread-pool::admin-listener(1)] [timeMillis: 1764881085613] [levelValue: 800] [[
  Inventarios-1.0-SNAPSHOT was successfully deployed in 608 milliseconds.]]

[2025-12-04T15:48:20.020-0600] [Payara 7.2025.1] [ADVERTENCIA] [] [jakarta.enterprise.web.util] [tid: _ThreadID=197 _ThreadName=admin-thread-pool::admin-listener(3)] [timeMillis: 1764884900020] [levelValue: 900] [[
  The web application [/Inventarios] registered the JDBC driver [com.mysql.cj.jdbc.Driver] but failed to unregister it when the web application was stopped. To prevent a memory leak, the JDBC Driver has been forcibly unregistered.]]

[2025-12-04T15:48:36.891-0600] [Payara 7.2025.1] [INFORMACIÓN] [] [javax.enterprise.system.core] [tid: _ThreadID=152 _ThreadName=admin-thread-pool::admin-listener(1)] [timeMillis: 1764884916891] [levelValue: 800] [[
  No deployment transformer implementation found.]]

[2025-12-04T15:48:37.306-0600] [Payara 7.2025.1] [INFORMACIÓN] [] [org.eclipse.persistence.session./file:/C:/Users/SISTEMAS DESARROLLO2/Documents/NetBeansProjects/Inventarios/target/Inventarios-1.0-SNAPSHOT/WEB-INF/classes/_my_persistence_unit] [tid: _ThreadID=152 _ThreadName=admin-thread-pool::admin-listener(1)] [timeMillis: 1764884917306] [levelValue: 800] [[
  EclipseLink, version: Eclipse Persistence Services - 5.0.0-B08.payara-p1.v202511041741-60b8f7dca8141786130b4d36785fdcc926eb8cff]]

[2025-12-04T15:48:38.292-0600] [Payara 7.2025.1] [INFORMACIÓN] [] [org.eclipse.krazo.servlet.KrazoContainerInitializer] [tid: _ThreadID=152 _ThreadName=admin-thread-pool::admin-listener(1)] [timeMillis: 1764884918292] [levelValue: 800] [[
  Eclipse Krazo version 4.0.0 started]]

[2025-12-04T15:48:38.347-0600] [Payara 7.2025.1] [INFORMACIÓN] [] [org.glassfish.soteria.servlet.SamRegistrationInstaller] [tid: _ThreadID=152 _ThreadName=admin-thread-pool::admin-listener(1)] [timeMillis: 1764884918347] [levelValue: 800] [[
  Initializing Soteria 4.0.1.payara-p1 for context '/Inventarios']]

[2025-12-04T15:48:38.673-0600] [Payara 7.2025.1] [INFORMACIÓN] [AS-WEB-GLUE-00172] [jakarta.enterprise.web] [tid: _ThreadID=152 _ThreadName=admin-thread-pool::admin-listener(1)] [timeMillis: 1764884918673] [levelValue: 800] [[
  Loading application [Inventarios-1.0-SNAPSHOT] at [/Inventarios]]]

[2025-12-04T15:48:38.852-0600] [Payara 7.2025.1] [INFORMACIÓN] [] [javax.enterprise.system.core] [tid: _ThreadID=152 _ThreadName=admin-thread-pool::admin-listener(1)] [timeMillis: 1764884918852] [levelValue: 800] [[
  Inventarios-1.0-SNAPSHOT was successfully deployed in 2,610 milliseconds.]]

[2025-12-04T15:50:24.426-0600] [Payara 7.2025.1] [ADVERTENCIA] [] [jakarta.enterprise.web.util] [tid: _ThreadID=152 _ThreadName=admin-thread-pool::admin-listener(1)] [timeMillis: 1764885024426] [levelValue: 900] [[
  The web application [/Inventarios] registered the JDBC driver [com.mysql.cj.jdbc.Driver] but failed to unregister it when the web application was stopped. To prevent a memory leak, the JDBC Driver has been forcibly unregistered.]]

[2025-12-04T15:50:24.892-0600] [Payara 7.2025.1] [INFORMACIÓN] [] [javax.enterprise.system.core] [tid: _ThreadID=189 _ThreadName=admin-thread-pool::admin-listener(2)] [timeMillis: 1764885024892] [levelValue: 800] [[
  No deployment transformer implementation found.]]

[2025-12-04T15:50:25.084-0600] [Payara 7.2025.1] [INFORMACIÓN] [] [org.eclipse.persistence.session./file:/C:/Users/SISTEMAS DESARROLLO2/Documents/NetBeansProjects/Inventarios/target/Inventarios-1.0-SNAPSHOT/WEB-INF/classes/_my_persistence_unit] [tid: _ThreadID=189 _ThreadName=admin-thread-pool::admin-listener(2)] [timeMillis: 1764885025084] [levelValue: 800] [[
  EclipseLink, version: Eclipse Persistence Services - 5.0.0-B08.payara-p1.v202511041741-60b8f7dca8141786130b4d36785fdcc926eb8cff]]

[2025-12-04T15:50:25.465-0600] [Payara 7.2025.1] [INFORMACIÓN] [] [org.eclipse.krazo.servlet.KrazoContainerInitializer] [tid: _ThreadID=189 _ThreadName=admin-thread-pool::admin-listener(2)] [timeMillis: 1764885025465] [levelValue: 800] [[
  Eclipse Krazo version 4.0.0 started]]

[2025-12-04T15:50:25.519-0600] [Payara 7.2025.1] [INFORMACIÓN] [] [org.glassfish.soteria.servlet.SamRegistrationInstaller] [tid: _ThreadID=189 _ThreadName=admin-thread-pool::admin-listener(2)] [timeMillis: 1764885025519] [levelValue: 800] [[
  Initializing Soteria 4.0.1.payara-p1 for context '/Inventarios']]

[2025-12-04T15:50:25.671-0600] [Payara 7.2025.1] [INFORMACIÓN] [AS-WEB-GLUE-00172] [jakarta.enterprise.web] [tid: _ThreadID=189 _ThreadName=admin-thread-pool::admin-listener(2)] [timeMillis: 1764885025671] [levelValue: 800] [[
  Loading application [Inventarios-1.0-SNAPSHOT] at [/Inventarios]]]

[2025-12-04T15:50:25.771-0600] [Payara 7.2025.1] [INFORMACIÓN] [] [javax.enterprise.system.core] [tid: _ThreadID=189 _ThreadName=admin-thread-pool::admin-listener(2)] [timeMillis: 1764885025771] [levelValue: 800] [[
  Inventarios-1.0-SNAPSHOT was successfully deployed in 1,104 milliseconds.]]

[2025-12-04T16:01:28.352-0600] [Payara 7.2025.1] [ADVERTENCIA] [] [jakarta.enterprise.web.util] [tid: _ThreadID=197 _ThreadName=admin-thread-pool::admin-listener(3)] [timeMillis: 1764885688352] [levelValue: 900] [[
  The web application [/Inventarios] registered the JDBC driver [com.mysql.cj.jdbc.Driver] but failed to unregister it when the web application was stopped. To prevent a memory leak, the JDBC Driver has been forcibly unregistered.]]

[2025-12-04T16:01:28.882-0600] [Payara 7.2025.1] [INFORMACIÓN] [] [javax.enterprise.system.core] [tid: _ThreadID=189 _ThreadName=admin-thread-pool::admin-listener(2)] [timeMillis: 1764885688882] [levelValue: 800] [[
  No deployment transformer implementation found.]]

[2025-12-04T16:01:29.013-0600] [Payara 7.2025.1] [INFORMACIÓN] [] [org.eclipse.persistence.session./file:/C:/Users/SISTEMAS DESARROLLO2/Documents/NetBeansProjects/Inventarios/target/Inventarios-1.0-SNAPSHOT/WEB-INF/classes/_my_persistence_unit] [tid: _ThreadID=189 _ThreadName=admin-thread-pool::admin-listener(2)] [timeMillis: 1764885689013] [levelValue: 800] [[
  EclipseLink, version: Eclipse Persistence Services - 5.0.0-B08.payara-p1.v202511041741-60b8f7dca8141786130b4d36785fdcc926eb8cff]]

[2025-12-04T16:01:29.392-0600] [Payara 7.2025.1] [INFORMACIÓN] [] [org.eclipse.krazo.servlet.KrazoContainerInitializer] [tid: _ThreadID=189 _ThreadName=admin-thread-pool::admin-listener(2)] [timeMillis: 1764885689392] [levelValue: 800] [[
  Eclipse Krazo version 4.0.0 started]]

[2025-12-04T16:01:29.429-0600] [Payara 7.2025.1] [INFORMACIÓN] [] [org.glassfish.soteria.servlet.SamRegistrationInstaller] [tid: _ThreadID=189 _ThreadName=admin-thread-pool::admin-listener(2)] [timeMillis: 1764885689429] [levelValue: 800] [[
  Initializing Soteria 4.0.1.payara-p1 for context '/Inventarios']]

[2025-12-04T16:01:29.563-0600] [Payara 7.2025.1] [INFORMACIÓN] [AS-WEB-GLUE-00172] [jakarta.enterprise.web] [tid: _ThreadID=189 _ThreadName=admin-thread-pool::admin-listener(2)] [timeMillis: 1764885689563] [levelValue: 800] [[
  Loading application [Inventarios-1.0-SNAPSHOT] at [/Inventarios]]]

[2025-12-04T16:01:29.636-0600] [Payara 7.2025.1] [INFORMACIÓN] [] [javax.enterprise.system.core] [tid: _ThreadID=189 _ThreadName=admin-thread-pool::admin-listener(2)] [timeMillis: 1764885689636] [levelValue: 800] [[
  Inventarios-1.0-SNAPSHOT was successfully deployed in 1,024 milliseconds.]]

[2025-12-04T16:19:49.940-0600] [Payara 7.2025.1] [ADVERTENCIA] [] [jakarta.enterprise.web.util] [tid: _ThreadID=189 _ThreadName=admin-thread-pool::admin-listener(2)] [timeMillis: 1764886789940] [levelValue: 900] [[
  The web application [/Inventarios] registered the JDBC driver [com.mysql.cj.jdbc.Driver] but failed to unregister it when the web application was stopped. To prevent a memory leak, the JDBC Driver has been forcibly unregistered.]]

[2025-12-04T16:19:50.342-0600] [Payara 7.2025.1] [INFORMACIÓN] [] [javax.enterprise.system.core] [tid: _ThreadID=197 _ThreadName=admin-thread-pool::admin-listener(3)] [timeMillis: 1764886790342] [levelValue: 800] [[
  No deployment transformer implementation found.]]

[2025-12-04T16:19:50.630-0600] [Payara 7.2025.1] [INFORMACIÓN] [] [org.eclipse.persistence.session./file:/C:/Users/SISTEMAS DESARROLLO2/Documents/NetBeansProjects/Inventarios/target/Inventarios-1.0-SNAPSHOT/WEB-INF/classes/_my_persistence_unit] [tid: _ThreadID=197 _ThreadName=admin-thread-pool::admin-listener(3)] [timeMillis: 1764886790630] [levelValue: 800] [[
  EclipseLink, version: Eclipse Persistence Services - 5.0.0-B08.payara-p1.v202511041741-60b8f7dca8141786130b4d36785fdcc926eb8cff]]

[2025-12-04T16:19:51.224-0600] [Payara 7.2025.1] [INFORMACIÓN] [] [org.eclipse.krazo.servlet.KrazoContainerInitializer] [tid: _ThreadID=197 _ThreadName=admin-thread-pool::admin-listener(3)] [timeMillis: 1764886791224] [levelValue: 800] [[
  Eclipse Krazo version 4.0.0 started]]

[2025-12-04T16:19:51.269-0600] [Payara 7.2025.1] [INFORMACIÓN] [] [org.glassfish.soteria.servlet.SamRegistrationInstaller] [tid: _ThreadID=197 _ThreadName=admin-thread-pool::admin-listener(3)] [timeMillis: 1764886791269] [levelValue: 800] [[
  Initializing Soteria 4.0.1.payara-p1 for context '/Inventarios']]

[2025-12-04T16:19:51.466-0600] [Payara 7.2025.1] [INFORMACIÓN] [AS-WEB-GLUE-00172] [jakarta.enterprise.web] [tid: _ThreadID=197 _ThreadName=admin-thread-pool::admin-listener(3)] [timeMillis: 1764886791466] [levelValue: 800] [[
  Loading application [Inventarios-1.0-SNAPSHOT] at [/Inventarios]]]

[2025-12-04T16:19:51.554-0600] [Payara 7.2025.1] [INFORMACIÓN] [] [javax.enterprise.system.core] [tid: _ThreadID=197 _ThreadName=admin-thread-pool::admin-listener(3)] [timeMillis: 1764886791554] [levelValue: 800] [[
  Inventarios-1.0-SNAPSHOT was successfully deployed in 1,349 milliseconds.]]

[2025-12-04T16:22:55.122-0600] [Payara 7.2025.1] [ADVERTENCIA] [] [jakarta.enterprise.web.util] [tid: _ThreadID=197 _ThreadName=admin-thread-pool::admin-listener(3)] [timeMillis: 1764886975122] [levelValue: 900] [[
  The web application [/Inventarios] registered the JDBC driver [com.mysql.cj.jdbc.Driver] but failed to unregister it when the web application was stopped. To prevent a memory leak, the JDBC Driver has been forcibly unregistered.]]

[2025-12-04T16:23:21.425-0600] [Payara 7.2025.1] [INFORMACIÓN] [] [javax.enterprise.system.core] [tid: _ThreadID=189 _ThreadName=admin-thread-pool::admin-listener(2)] [timeMillis: 1764887001425] [levelValue: 800] [[
  No deployment transformer implementation found.]]

[2025-12-04T16:23:21.650-0600] [Payara 7.2025.1] [INFORMACIÓN] [] [org.eclipse.persistence.session./file:/C:/Users/SISTEMAS DESARROLLO2/Documents/NetBeansProjects/Inventarios/target/Inventarios-1.0-SNAPSHOT/WEB-INF/classes/_my_persistence_unit] [tid: _ThreadID=189 _ThreadName=admin-thread-pool::admin-listener(2)] [timeMillis: 1764887001650] [levelValue: 800] [[
  EclipseLink, version: Eclipse Persistence Services - 5.0.0-B08.payara-p1.v202511041741-60b8f7dca8141786130b4d36785fdcc926eb8cff]]

[2025-12-04T16:23:22.148-0600] [Payara 7.2025.1] [INFORMACIÓN] [] [org.eclipse.krazo.servlet.KrazoContainerInitializer] [tid: _ThreadID=189 _ThreadName=admin-thread-pool::admin-listener(2)] [timeMillis: 1764887002148] [levelValue: 800] [[
  Eclipse Krazo version 4.0.0 started]]

[2025-12-04T16:23:22.191-0600] [Payara 7.2025.1] [INFORMACIÓN] [] [org.glassfish.soteria.servlet.SamRegistrationInstaller] [tid: _ThreadID=189 _ThreadName=admin-thread-pool::admin-listener(2)] [timeMillis: 1764887002191] [levelValue: 800] [[
  Initializing Soteria 4.0.1.payara-p1 for context '/Inventarios']]

[2025-12-04T16:23:22.351-0600] [Payara 7.2025.1] [INFORMACIÓN] [AS-WEB-GLUE-00172] [jakarta.enterprise.web] [tid: _ThreadID=189 _ThreadName=admin-thread-pool::admin-listener(2)] [timeMillis: 1764887002351] [levelValue: 800] [[
  Loading application [Inventarios-1.0-SNAPSHOT] at [/Inventarios]]]

[2025-12-04T16:23:22.576-0600] [Payara 7.2025.1] [INFORMACIÓN] [] [javax.enterprise.system.core] [tid: _ThreadID=189 _ThreadName=admin-thread-pool::admin-listener(2)] [timeMillis: 1764887002576] [levelValue: 800] [[
  Inventarios-1.0-SNAPSHOT was successfully deployed in 1,143 milliseconds.]]

[2025-12-04T16:30:43.802-0600] [Payara 7.2025.1] [ADVERTENCIA] [] [jakarta.enterprise.web.util] [tid: _ThreadID=152 _ThreadName=admin-thread-pool::admin-listener(1)] [timeMillis: 1764887443802] [levelValue: 900] [[
  The web application [/Inventarios] registered the JDBC driver [com.mysql.cj.jdbc.Driver] but failed to unregister it when the web application was stopped. To prevent a memory leak, the JDBC Driver has been forcibly unregistered.]]

[2025-12-04T16:30:53.337-0600] [Payara 7.2025.1] [INFORMACIÓN] [] [javax.enterprise.system.core] [tid: _ThreadID=197 _ThreadName=admin-thread-pool::admin-listener(3)] [timeMillis: 1764887453337] [levelValue: 800] [[
  No deployment transformer implementation found.]]

[2025-12-04T16:30:53.472-0600] [Payara 7.2025.1] [INFORMACIÓN] [] [org.eclipse.persistence.session./file:/C:/Users/SISTEMAS DESARROLLO2/Documents/NetBeansProjects/Inventarios/target/Inventarios-1.0-SNAPSHOT/WEB-INF/classes/_my_persistence_unit] [tid: _ThreadID=197 _ThreadName=admin-thread-pool::admin-listener(3)] [timeMillis: 1764887453472] [levelValue: 800] [[
  EclipseLink, version: Eclipse Persistence Services - 5.0.0-B08.payara-p1.v202511041741-60b8f7dca8141786130b4d36785fdcc926eb8cff]]

[2025-12-04T16:30:53.935-0600] [Payara 7.2025.1] [INFORMACIÓN] [] [org.eclipse.krazo.servlet.KrazoContainerInitializer] [tid: _ThreadID=197 _ThreadName=admin-thread-pool::admin-listener(3)] [timeMillis: 1764887453935] [levelValue: 800] [[
  Eclipse Krazo version 4.0.0 started]]

[2025-12-04T16:30:53.967-0600] [Payara 7.2025.1] [INFORMACIÓN] [] [org.glassfish.soteria.servlet.SamRegistrationInstaller] [tid: _ThreadID=197 _ThreadName=admin-thread-pool::admin-listener(3)] [timeMillis: 1764887453967] [levelValue: 800] [[
  Initializing Soteria 4.0.1.payara-p1 for context '/Inventarios']]

[2025-12-04T16:30:54.126-0600] [Payara 7.2025.1] [INFORMACIÓN] [AS-WEB-GLUE-00172] [jakarta.enterprise.web] [tid: _ThreadID=197 _ThreadName=admin-thread-pool::admin-listener(3)] [timeMillis: 1764887454126] [levelValue: 800] [[
  Loading application [Inventarios-1.0-SNAPSHOT] at [/Inventarios]]]

[2025-12-04T16:30:54.253-0600] [Payara 7.2025.1] [INFORMACIÓN] [] [javax.enterprise.system.core] [tid: _ThreadID=197 _ThreadName=admin-thread-pool::admin-listener(3)] [timeMillis: 1764887454253] [levelValue: 800] [[
  Inventarios-1.0-SNAPSHOT was successfully deployed in 985 milliseconds.]]

[2025-12-04T16:31:42.063-0600] [Payara 7.2025.1] [ADVERTENCIA] [] [jakarta.enterprise.web.util] [tid: _ThreadID=202 _ThreadName=admin-thread-pool::admin-listener(4)] [timeMillis: 1764887502063] [levelValue: 900] [[
  The web application [/Inventarios] registered the JDBC driver [com.mysql.cj.jdbc.Driver] but failed to unregister it when the web application was stopped. To prevent a memory leak, the JDBC Driver has been forcibly unregistered.]]

[2025-12-04T16:31:42.435-0600] [Payara 7.2025.1] [INFORMACIÓN] [] [javax.enterprise.system.core] [tid: _ThreadID=197 _ThreadName=admin-thread-pool::admin-listener(3)] [timeMillis: 1764887502435] [levelValue: 800] [[
  No deployment transformer implementation found.]]

[2025-12-04T16:31:42.636-0600] [Payara 7.2025.1] [INFORMACIÓN] [] [org.eclipse.persistence.session./file:/C:/Users/SISTEMAS DESARROLLO2/Documents/NetBeansProjects/Inventarios/target/Inventarios-1.0-SNAPSHOT/WEB-INF/classes/_my_persistence_unit] [tid: _ThreadID=197 _ThreadName=admin-thread-pool::admin-listener(3)] [timeMillis: 1764887502636] [levelValue: 800] [[
  EclipseLink, version: Eclipse Persistence Services - 5.0.0-B08.payara-p1.v202511041741-60b8f7dca8141786130b4d36785fdcc926eb8cff]]

[2025-12-04T16:31:43.078-0600] [Payara 7.2025.1] [INFORMACIÓN] [] [org.eclipse.krazo.servlet.KrazoContainerInitializer] [tid: _ThreadID=197 _ThreadName=admin-thread-pool::admin-listener(3)] [timeMillis: 1764887503078] [levelValue: 800] [[
  Eclipse Krazo version 4.0.0 started]]

[2025-12-04T16:31:43.115-0600] [Payara 7.2025.1] [INFORMACIÓN] [] [org.glassfish.soteria.servlet.SamRegistrationInstaller] [tid: _ThreadID=197 _ThreadName=admin-thread-pool::admin-listener(3)] [timeMillis: 1764887503115] [levelValue: 800] [[
  Initializing Soteria 4.0.1.payara-p1 for context '/Inventarios']]

[2025-12-04T16:31:43.266-0600] [Payara 7.2025.1] [INFORMACIÓN] [AS-WEB-GLUE-00172] [jakarta.enterprise.web] [tid: _ThreadID=197 _ThreadName=admin-thread-pool::admin-listener(3)] [timeMillis: 1764887503266] [levelValue: 800] [[
  Loading application [Inventarios-1.0-SNAPSHOT] at [/Inventarios]]]

[2025-12-04T16:31:43.404-0600] [Payara 7.2025.1] [INFORMACIÓN] [] [javax.enterprise.system.core] [tid: _ThreadID=197 _ThreadName=admin-thread-pool::admin-listener(3)] [timeMillis: 1764887503404] [levelValue: 800] [[
  Inventarios-1.0-SNAPSHOT was successfully deployed in 1,055 milliseconds.]]

[2025-12-04T16:31:44.282-0600] [Payara 7.2025.1] [GRAVE] [] [] [tid: _ThreadID=138 _ThreadName=http-thread-pool::http-listener-1(1)] [timeMillis: 1764887504282] [levelValue: 1000] [[
  java.sql.SQLIntegrityConstraintViolationException: Column 'nombre' cannot be null
	at com.mysql.cj.jdbc.exceptions.SQLError.createSQLException(SQLError.java:118)
	at com.mysql.cj.jdbc.exceptions.SQLExceptionsMapping.translateException(SQLExceptionsMapping.java:122)
	at com.mysql.cj.jdbc.ClientPreparedStatement.executeInternal(ClientPreparedStatement.java:916)
	at com.mysql.cj.jdbc.ClientPreparedStatement.executeUpdateInternal(ClientPreparedStatement.java:1061)
	at com.mysql.cj.jdbc.ClientPreparedStatement.executeUpdateInternal(ClientPreparedStatement.java:1009)
	at com.mysql.cj.jdbc.ClientPreparedStatement.executeLargeUpdate(ClientPreparedStatement.java:1320)
	at com.mysql.cj.jdbc.ClientPreparedStatement.executeUpdate(ClientPreparedStatement.java:994)
	at com.sergio.inventarios.dao.ProductoDAO.actualizar(ProductoDAO.java:74)
	at com.sergio.inventarios.controller.ProductosController.actualizar(ProductosController.java:104)
	at java.base/jdk.internal.reflect.DirectMethodHandleAccessor.invoke(DirectMethodHandleAccessor.java:103)
	at java.base/java.lang.reflect.Method.invoke(Method.java:580)
	at org.glassfish.jersey.server.model.internal.ResourceMethodInvocationHandlerFactory.lambda$static$0(ResourceMethodInvocationHandlerFactory.java:52)
	at org.glassfish.jersey.server.model.internal.AbstractJavaResourceMethodDispatcher$1.run(AbstractJavaResourceMethodDispatcher.java:146)
	at org.glassfish.jersey.server.model.internal.AbstractJavaResourceMethodDispatcher.invoke(AbstractJavaResourceMethodDispatcher.java:189)
	at org.glassfish.jersey.server.model.internal.JavaResourceMethodDispatcherProvider$ResponseOutInvoker.doDispatch(JavaResourceMethodDispatcherProvider.java:176)
	at org.glassfish.jersey.server.model.internal.AbstractJavaResourceMethodDispatcher.dispatch(AbstractJavaResourceMethodDispatcher.java:93)
	at org.glassfish.jersey.server.model.ResourceMethodInvoker.invoke(ResourceMethodInvoker.java:478)
	at org.glassfish.jersey.server.model.ResourceMethodInvoker.apply(ResourceMethodInvoker.java:400)
	at org.glassfish.jersey.server.model.ResourceMethodInvoker.apply(ResourceMethodInvoker.java:81)
	at org.glassfish.jersey.server.ServerRuntime$1.run(ServerRuntime.java:274)
	at org.glassfish.jersey.internal.Errors$1.call(Errors.java:248)
	at org.glassfish.jersey.internal.Errors$1.call(Errors.java:244)
	at org.glassfish.jersey.internal.Errors.process(Errors.java:292)
	at org.glassfish.jersey.internal.Errors.process(Errors.java:274)
	at org.glassfish.jersey.internal.Errors.process(Errors.java:244)
	at org.glassfish.jersey.process.internal.RequestScope.runInScope(RequestScope.java:266)
	at org.glassfish.jersey.server.ServerRuntime.process(ServerRuntime.java:253)
	at org.glassfish.jersey.server.ApplicationHandler.handle(ApplicationHandler.java:703)
	at org.glassfish.jersey.servlet.WebComponent.serviceImpl(WebComponent.java:423)
	at org.glassfish.jersey.servlet.WebComponent.service(WebComponent.java:375)
	at org.glassfish.jersey.servlet.ServletContainer.service(ServletContainer.java:358)
	at org.glassfish.jersey.servlet.ServletContainer.service(ServletContainer.java:312)
	at org.glassfish.jersey.servlet.ServletContainer.service(ServletContainer.java:205)
	at org.apache.catalina.core.StandardWrapper.service(StandardWrapper.java:1554)
	at org.apache.catalina.core.ApplicationFilterChain.internalDoFilter(ApplicationFilterChain.java:331)
	at org.apache.catalina.core.ApplicationFilterChain.doFilter(ApplicationFilterChain.java:211)
	at com.sergio.inventarios.security.PageFilter.doFilter(PageFilter.java:41)
	at org.apache.catalina.core.ApplicationFilterChain.internalDoFilter(ApplicationFilterChain.java:253)
	at org.apache.catalina.core.ApplicationFilterChain.doFilter(ApplicationFilterChain.java:211)
	at org.apache.catalina.core.StandardWrapperValve.invoke(StandardWrapperValve.java:257)
	at org.apache.catalina.core.StandardContextValve.invoke(StandardContextValve.java:166)
	at org.apache.catalina.core.StandardPipeline.doInvoke(StandardPipeline.java:757)
	at org.apache.catalina.core.StandardPipeline.invoke(StandardPipeline.java:577)
	at com.sun.enterprise.web.WebPipeline.invoke(WebPipeline.java:99)
	at org.apache.catalina.core.StandardHostValve.invoke(StandardHostValve.java:158)
	at org.apache.catalina.connector.CoyoteAdapter.doService(CoyoteAdapter.java:366)
	at org.apache.catalina.connector.CoyoteAdapter.service(CoyoteAdapter.java:238)
	at com.sun.enterprise.v3.services.impl.ContainerMapper$HttpHandlerCallable.call(ContainerMapper.java:520)
	at com.sun.enterprise.v3.services.impl.ContainerMapper.service(ContainerMapper.java:217)
	at org.glassfish.grizzly.http.server.HttpHandler.runService(HttpHandler.java:174)
	at org.glassfish.grizzly.http.server.HttpHandler.doHandle(HttpHandler.java:153)
	at org.glassfish.grizzly.http.server.HttpServerFilter.handleRead(HttpServerFilter.java:196)
	at org.glassfish.grizzly.filterchain.ExecutorResolver$9.execute(ExecutorResolver.java:88)
	at org.glassfish.grizzly.filterchain.DefaultFilterChain.executeFilter(DefaultFilterChain.java:246)
	at org.glassfish.grizzly.filterchain.DefaultFilterChain.executeChainPart(DefaultFilterChain.java:178)
	at org.glassfish.grizzly.filterchain.DefaultFilterChain.execute(DefaultFilterChain.java:118)
	at org.glassfish.grizzly.filterchain.DefaultFilterChain.process(DefaultFilterChain.java:96)
	at org.glassfish.grizzly.ProcessorExecutor.execute(ProcessorExecutor.java:51)
	at org.glassfish.grizzly.nio.transport.TCPNIOTransport.fireIOEvent(TCPNIOTransport.java:510)
	at org.glassfish.grizzly.strategies.AbstractIOStrategy.fireIOEvent(AbstractIOStrategy.java:82)
	at org.glassfish.grizzly.strategies.WorkerThreadIOStrategy.run0(WorkerThreadIOStrategy.java:83)
	at org.glassfish.grizzly.strategies.WorkerThreadIOStrategy$WorkerThreadRunnable.run(WorkerThreadIOStrategy.java:101)
	at org.glassfish.grizzly.threadpool.AbstractThreadPool$Worker.doWork(AbstractThreadPool.java:535)
	at org.glassfish.grizzly.threadpool.AbstractThreadPool$Worker.run(AbstractThreadPool.java:515)
	at java.base/java.lang.Thread.run(Thread.java:1583)
]]

[2025-12-04T16:35:53.519-0600] [Payara 7.2025.1] [ADVERTENCIA] [] [jakarta.enterprise.web.util] [tid: _ThreadID=152 _ThreadName=admin-thread-pool::admin-listener(1)] [timeMillis: 1764887753519] [levelValue: 900] [[
  The web application [/Inventarios] registered the JDBC driver [com.mysql.cj.jdbc.Driver] but failed to unregister it when the web application was stopped. To prevent a memory leak, the JDBC Driver has been forcibly unregistered.]]

[2025-12-04T16:35:53.859-0600] [Payara 7.2025.1] [INFORMACIÓN] [] [javax.enterprise.system.core] [tid: _ThreadID=189 _ThreadName=admin-thread-pool::admin-listener(2)] [timeMillis: 1764887753859] [levelValue: 800] [[
  No deployment transformer implementation found.]]

[2025-12-04T16:35:53.983-0600] [Payara 7.2025.1] [INFORMACIÓN] [] [org.eclipse.persistence.session./file:/C:/Users/SISTEMAS DESARROLLO2/Documents/NetBeansProjects/Inventarios/target/Inventarios-1.0-SNAPSHOT/WEB-INF/classes/_my_persistence_unit] [tid: _ThreadID=189 _ThreadName=admin-thread-pool::admin-listener(2)] [timeMillis: 1764887753983] [levelValue: 800] [[
  EclipseLink, version: Eclipse Persistence Services - 5.0.0-B08.payara-p1.v202511041741-60b8f7dca8141786130b4d36785fdcc926eb8cff]]

[2025-12-04T16:35:54.223-0600] [Payara 7.2025.1] [INFORMACIÓN] [] [org.eclipse.krazo.servlet.KrazoContainerInitializer] [tid: _ThreadID=189 _ThreadName=admin-thread-pool::admin-listener(2)] [timeMillis: 1764887754223] [levelValue: 800] [[
  Eclipse Krazo version 4.0.0 started]]

[2025-12-04T16:35:54.248-0600] [Payara 7.2025.1] [INFORMACIÓN] [] [org.glassfish.soteria.servlet.SamRegistrationInstaller] [tid: _ThreadID=189 _ThreadName=admin-thread-pool::admin-listener(2)] [timeMillis: 1764887754248] [levelValue: 800] [[
  Initializing Soteria 4.0.1.payara-p1 for context '/Inventarios']]

[2025-12-04T16:35:54.343-0600] [Payara 7.2025.1] [INFORMACIÓN] [AS-WEB-GLUE-00172] [jakarta.enterprise.web] [tid: _ThreadID=189 _ThreadName=admin-thread-pool::admin-listener(2)] [timeMillis: 1764887754343] [levelValue: 800] [[
  Loading application [Inventarios-1.0-SNAPSHOT] at [/Inventarios]]]

[2025-12-04T16:35:54.391-0600] [Payara 7.2025.1] [INFORMACIÓN] [] [javax.enterprise.system.core] [tid: _ThreadID=189 _ThreadName=admin-thread-pool::admin-listener(2)] [timeMillis: 1764887754391] [levelValue: 800] [[
  Inventarios-1.0-SNAPSHOT was successfully deployed in 664 milliseconds.]]

[2025-12-04T16:39:44.162-0600] [Payara 7.2025.1] [ADVERTENCIA] [] [jakarta.enterprise.web.util] [tid: _ThreadID=197 _ThreadName=admin-thread-pool::admin-listener(3)] [timeMillis: 1764887984162] [levelValue: 900] [[
  The web application [/Inventarios] registered the JDBC driver [com.mysql.cj.jdbc.Driver] but failed to unregister it when the web application was stopped. To prevent a memory leak, the JDBC Driver has been forcibly unregistered.]]

[2025-12-04T16:39:44.491-0600] [Payara 7.2025.1] [INFORMACIÓN] [] [javax.enterprise.system.core] [tid: _ThreadID=202 _ThreadName=admin-thread-pool::admin-listener(4)] [timeMillis: 1764887984491] [levelValue: 800] [[
  No deployment transformer implementation found.]]

[2025-12-04T16:39:44.610-0600] [Payara 7.2025.1] [INFORMACIÓN] [] [org.eclipse.persistence.session./file:/C:/Users/SISTEMAS DESARROLLO2/Documents/NetBeansProjects/Inventarios/target/Inventarios-1.0-SNAPSHOT/WEB-INF/classes/_my_persistence_unit] [tid: _ThreadID=202 _ThreadName=admin-thread-pool::admin-listener(4)] [timeMillis: 1764887984610] [levelValue: 800] [[
  EclipseLink, version: Eclipse Persistence Services - 5.0.0-B08.payara-p1.v202511041741-60b8f7dca8141786130b4d36785fdcc926eb8cff]]

[2025-12-04T16:39:44.868-0600] [Payara 7.2025.1] [INFORMACIÓN] [] [org.eclipse.krazo.servlet.KrazoContainerInitializer] [tid: _ThreadID=202 _ThreadName=admin-thread-pool::admin-listener(4)] [timeMillis: 1764887984868] [levelValue: 800] [[
  Eclipse Krazo version 4.0.0 started]]

[2025-12-04T16:39:44.893-0600] [Payara 7.2025.1] [INFORMACIÓN] [] [org.glassfish.soteria.servlet.SamRegistrationInstaller] [tid: _ThreadID=202 _ThreadName=admin-thread-pool::admin-listener(4)] [timeMillis: 1764887984893] [levelValue: 800] [[
  Initializing Soteria 4.0.1.payara-p1 for context '/Inventarios']]

[2025-12-04T16:39:44.975-0600] [Payara 7.2025.1] [INFORMACIÓN] [AS-WEB-GLUE-00172] [jakarta.enterprise.web] [tid: _ThreadID=202 _ThreadName=admin-thread-pool::admin-listener(4)] [timeMillis: 1764887984975] [levelValue: 800] [[
  Loading application [Inventarios-1.0-SNAPSHOT] at [/Inventarios]]]

[2025-12-04T16:39:45.024-0600] [Payara 7.2025.1] [INFORMACIÓN] [] [javax.enterprise.system.core] [tid: _ThreadID=202 _ThreadName=admin-thread-pool::admin-listener(4)] [timeMillis: 1764887985024] [levelValue: 800] [[
  Inventarios-1.0-SNAPSHOT was successfully deployed in 675 milliseconds.]]

[2025-12-04T16:40:38.224-0600] [Payara 7.2025.1] [ADVERTENCIA] [] [jakarta.enterprise.web.util] [tid: _ThreadID=189 _ThreadName=admin-thread-pool::admin-listener(2)] [timeMillis: 1764888038224] [levelValue: 900] [[
  The web application [/Inventarios] registered the JDBC driver [com.mysql.cj.jdbc.Driver] but failed to unregister it when the web application was stopped. To prevent a memory leak, the JDBC Driver has been forcibly unregistered.]]

[2025-12-04T16:40:46.480-0600] [Payara 7.2025.1] [INFORMACIÓN] [] [javax.enterprise.system.core] [tid: _ThreadID=202 _ThreadName=admin-thread-pool::admin-listener(4)] [timeMillis: 1764888046480] [levelValue: 800] [[
  No deployment transformer implementation found.]]

[2025-12-04T16:40:46.595-0600] [Payara 7.2025.1] [INFORMACIÓN] [] [org.eclipse.persistence.session./file:/C:/Users/SISTEMAS DESARROLLO2/Documents/NetBeansProjects/Inventarios/target/Inventarios-1.0-SNAPSHOT/WEB-INF/classes/_my_persistence_unit] [tid: _ThreadID=202 _ThreadName=admin-thread-pool::admin-listener(4)] [timeMillis: 1764888046595] [levelValue: 800] [[
  EclipseLink, version: Eclipse Persistence Services - 5.0.0-B08.payara-p1.v202511041741-60b8f7dca8141786130b4d36785fdcc926eb8cff]]

[2025-12-04T16:40:46.837-0600] [Payara 7.2025.1] [INFORMACIÓN] [] [org.eclipse.krazo.servlet.KrazoContainerInitializer] [tid: _ThreadID=202 _ThreadName=admin-thread-pool::admin-listener(4)] [timeMillis: 1764888046837] [levelValue: 800] [[
  Eclipse Krazo version 4.0.0 started]]

[2025-12-04T16:40:46.873-0600] [Payara 7.2025.1] [INFORMACIÓN] [] [org.glassfish.soteria.servlet.SamRegistrationInstaller] [tid: _ThreadID=202 _ThreadName=admin-thread-pool::admin-listener(4)] [timeMillis: 1764888046873] [levelValue: 800] [[
  Initializing Soteria 4.0.1.payara-p1 for context '/Inventarios']]

[2025-12-04T16:40:47.000-0600] [Payara 7.2025.1] [INFORMACIÓN] [AS-WEB-GLUE-00172] [jakarta.enterprise.web] [tid: _ThreadID=202 _ThreadName=admin-thread-pool::admin-listener(4)] [timeMillis: 1764888047000] [levelValue: 800] [[
  Loading application [Inventarios-1.0-SNAPSHOT] at [/Inventarios]]]

[2025-12-04T16:40:47.036-0600] [Payara 7.2025.1] [INFORMACIÓN] [] [javax.enterprise.system.core] [tid: _ThreadID=202 _ThreadName=admin-thread-pool::admin-listener(4)] [timeMillis: 1764888047036] [levelValue: 800] [[
  Inventarios-1.0-SNAPSHOT was successfully deployed in 714 milliseconds.]]

[2025-12-04T16:42:30.285-0600] [Payara 7.2025.1] [ADVERTENCIA] [] [jakarta.enterprise.web.util] [tid: _ThreadID=197 _ThreadName=admin-thread-pool::admin-listener(3)] [timeMillis: 1764888150285] [levelValue: 900] [[
  The web application [/Inventarios] registered the JDBC driver [com.mysql.cj.jdbc.Driver] but failed to unregister it when the web application was stopped. To prevent a memory leak, the JDBC Driver has been forcibly unregistered.]]

[2025-12-04T16:42:30.644-0600] [Payara 7.2025.1] [INFORMACIÓN] [] [javax.enterprise.system.core] [tid: _ThreadID=152 _ThreadName=admin-thread-pool::admin-listener(1)] [timeMillis: 1764888150644] [levelValue: 800] [[
  No deployment transformer implementation found.]]

[2025-12-04T16:42:30.763-0600] [Payara 7.2025.1] [INFORMACIÓN] [] [org.eclipse.persistence.session./file:/C:/Users/SISTEMAS DESARROLLO2/Documents/NetBeansProjects/Inventarios/target/Inventarios-1.0-SNAPSHOT/WEB-INF/classes/_my_persistence_unit] [tid: _ThreadID=152 _ThreadName=admin-thread-pool::admin-listener(1)] [timeMillis: 1764888150763] [levelValue: 800] [[
  EclipseLink, version: Eclipse Persistence Services - 5.0.0-B08.payara-p1.v202511041741-60b8f7dca8141786130b4d36785fdcc926eb8cff]]

[2025-12-04T16:42:30.995-0600] [Payara 7.2025.1] [INFORMACIÓN] [] [org.eclipse.krazo.servlet.KrazoContainerInitializer] [tid: _ThreadID=152 _ThreadName=admin-thread-pool::admin-listener(1)] [timeMillis: 1764888150995] [levelValue: 800] [[
  Eclipse Krazo version 4.0.0 started]]

[2025-12-04T16:42:31.021-0600] [Payara 7.2025.1] [INFORMACIÓN] [] [org.glassfish.soteria.servlet.SamRegistrationInstaller] [tid: _ThreadID=152 _ThreadName=admin-thread-pool::admin-listener(1)] [timeMillis: 1764888151021] [levelValue: 800] [[
  Initializing Soteria 4.0.1.payara-p1 for context '/Inventarios']]

[2025-12-04T16:42:31.094-0600] [Payara 7.2025.1] [INFORMACIÓN] [AS-WEB-GLUE-00172] [jakarta.enterprise.web] [tid: _ThreadID=152 _ThreadName=admin-thread-pool::admin-listener(1)] [timeMillis: 1764888151094] [levelValue: 800] [[
  Loading application [Inventarios-1.0-SNAPSHOT] at [/Inventarios]]]

[2025-12-04T16:42:31.129-0600] [Payara 7.2025.1] [INFORMACIÓN] [] [javax.enterprise.system.core] [tid: _ThreadID=152 _ThreadName=admin-thread-pool::admin-listener(1)] [timeMillis: 1764888151129] [levelValue: 800] [[
  Inventarios-1.0-SNAPSHOT was successfully deployed in 650 milliseconds.]]

[2025-12-04T16:44:23.744-0600] [Payara 7.2025.1] [ADVERTENCIA] [] [jakarta.enterprise.web.util] [tid: _ThreadID=189 _ThreadName=admin-thread-pool::admin-listener(2)] [timeMillis: 1764888263744] [levelValue: 900] [[
  The web application [/Inventarios] registered the JDBC driver [com.mysql.cj.jdbc.Driver] but failed to unregister it when the web application was stopped. To prevent a memory leak, the JDBC Driver has been forcibly unregistered.]]

[2025-12-04T16:44:24.116-0600] [Payara 7.2025.1] [INFORMACIÓN] [] [javax.enterprise.system.core] [tid: _ThreadID=197 _ThreadName=admin-thread-pool::admin-listener(3)] [timeMillis: 1764888264116] [levelValue: 800] [[
  No deployment transformer implementation found.]]

[2025-12-04T16:44:24.236-0600] [Payara 7.2025.1] [INFORMACIÓN] [] [org.eclipse.persistence.session./file:/C:/Users/SISTEMAS DESARROLLO2/Documents/NetBeansProjects/Inventarios/target/Inventarios-1.0-SNAPSHOT/WEB-INF/classes/_my_persistence_unit] [tid: _ThreadID=197 _ThreadName=admin-thread-pool::admin-listener(3)] [timeMillis: 1764888264236] [levelValue: 800] [[
  EclipseLink, version: Eclipse Persistence Services - 5.0.0-B08.payara-p1.v202511041741-60b8f7dca8141786130b4d36785fdcc926eb8cff]]

[2025-12-04T16:44:24.495-0600] [Payara 7.2025.1] [INFORMACIÓN] [] [org.eclipse.krazo.servlet.KrazoContainerInitializer] [tid: _ThreadID=197 _ThreadName=admin-thread-pool::admin-listener(3)] [timeMillis: 1764888264495] [levelValue: 800] [[
  Eclipse Krazo version 4.0.0 started]]

[2025-12-04T16:44:24.533-0600] [Payara 7.2025.1] [INFORMACIÓN] [] [org.glassfish.soteria.servlet.SamRegistrationInstaller] [tid: _ThreadID=197 _ThreadName=admin-thread-pool::admin-listener(3)] [timeMillis: 1764888264533] [levelValue: 800] [[
  Initializing Soteria 4.0.1.payara-p1 for context '/Inventarios']]

[2025-12-04T16:44:24.647-0600] [Payara 7.2025.1] [INFORMACIÓN] [AS-WEB-GLUE-00172] [jakarta.enterprise.web] [tid: _ThreadID=197 _ThreadName=admin-thread-pool::admin-listener(3)] [timeMillis: 1764888264647] [levelValue: 800] [[
  Loading application [Inventarios-1.0-SNAPSHOT] at [/Inventarios]]]

[2025-12-04T16:44:24.705-0600] [Payara 7.2025.1] [INFORMACIÓN] [] [javax.enterprise.system.core] [tid: _ThreadID=197 _ThreadName=admin-thread-pool::admin-listener(3)] [timeMillis: 1764888264705] [levelValue: 800] [[
  Inventarios-1.0-SNAPSHOT was successfully deployed in 752 milliseconds.]]

[2025-12-04T16:45:17.206-0600] [Payara 7.2025.1] [ADVERTENCIA] [] [jakarta.enterprise.web.util] [tid: _ThreadID=202 _ThreadName=admin-thread-pool::admin-listener(4)] [timeMillis: 1764888317206] [levelValue: 900] [[
  The web application [/Inventarios] registered the JDBC driver [com.mysql.cj.jdbc.Driver] but failed to unregister it when the web application was stopped. To prevent a memory leak, the JDBC Driver has been forcibly unregistered.]]

[2025-12-04T16:45:17.531-0600] [Payara 7.2025.1] [INFORMACIÓN] [] [javax.enterprise.system.core] [tid: _ThreadID=189 _ThreadName=admin-thread-pool::admin-listener(2)] [timeMillis: 1764888317531] [levelValue: 800] [[
  No deployment transformer implementation found.]]

[2025-12-04T16:45:17.645-0600] [Payara 7.2025.1] [INFORMACIÓN] [] [org.eclipse.persistence.session./file:/C:/Users/SISTEMAS DESARROLLO2/Documents/NetBeansProjects/Inventarios/target/Inventarios-1.0-SNAPSHOT/WEB-INF/classes/_my_persistence_unit] [tid: _ThreadID=189 _ThreadName=admin-thread-pool::admin-listener(2)] [timeMillis: 1764888317645] [levelValue: 800] [[
  EclipseLink, version: Eclipse Persistence Services - 5.0.0-B08.payara-p1.v202511041741-60b8f7dca8141786130b4d36785fdcc926eb8cff]]

[2025-12-04T16:45:17.847-0600] [Payara 7.2025.1] [INFORMACIÓN] [] [org.eclipse.krazo.servlet.KrazoContainerInitializer] [tid: _ThreadID=189 _ThreadName=admin-thread-pool::admin-listener(2)] [timeMillis: 1764888317847] [levelValue: 800] [[
  Eclipse Krazo version 4.0.0 started]]

[2025-12-04T16:45:17.872-0600] [Payara 7.2025.1] [INFORMACIÓN] [] [org.glassfish.soteria.servlet.SamRegistrationInstaller] [tid: _ThreadID=189 _ThreadName=admin-thread-pool::admin-listener(2)] [timeMillis: 1764888317872] [levelValue: 800] [[
  Initializing Soteria 4.0.1.payara-p1 for context '/Inventarios']]

[2025-12-04T16:45:17.927-0600] [Payara 7.2025.1] [INFORMACIÓN] [AS-WEB-GLUE-00172] [jakarta.enterprise.web] [tid: _ThreadID=189 _ThreadName=admin-thread-pool::admin-listener(2)] [timeMillis: 1764888317927] [levelValue: 800] [[
  Loading application [Inventarios-1.0-SNAPSHOT] at [/Inventarios]]]

[2025-12-04T16:45:17.953-0600] [Payara 7.2025.1] [INFORMACIÓN] [] [javax.enterprise.system.core] [tid: _ThreadID=189 _ThreadName=admin-thread-pool::admin-listener(2)] [timeMillis: 1764888317953] [levelValue: 800] [[
  Inventarios-1.0-SNAPSHOT was successfully deployed in 579 milliseconds.]]

[2025-12-04T16:47:01.262-0600] [Payara 7.2025.1] [ADVERTENCIA] [] [jakarta.enterprise.web.util] [tid: _ThreadID=197 _ThreadName=admin-thread-pool::admin-listener(3)] [timeMillis: 1764888421262] [levelValue: 900] [[
  The web application [/Inventarios] registered the JDBC driver [com.mysql.cj.jdbc.Driver] but failed to unregister it when the web application was stopped. To prevent a memory leak, the JDBC Driver has been forcibly unregistered.]]

[2025-12-04T16:47:01.624-0600] [Payara 7.2025.1] [INFORMACIÓN] [] [javax.enterprise.system.core] [tid: _ThreadID=202 _ThreadName=admin-thread-pool::admin-listener(4)] [timeMillis: 1764888421624] [levelValue: 800] [[
  No deployment transformer implementation found.]]

[2025-12-04T16:47:01.778-0600] [Payara 7.2025.1] [INFORMACIÓN] [] [org.eclipse.persistence.session./file:/C:/Users/SISTEMAS DESARROLLO2/Documents/NetBeansProjects/Inventarios/target/Inventarios-1.0-SNAPSHOT/WEB-INF/classes/_my_persistence_unit] [tid: _ThreadID=202 _ThreadName=admin-thread-pool::admin-listener(4)] [timeMillis: 1764888421778] [levelValue: 800] [[
  EclipseLink, version: Eclipse Persistence Services - 5.0.0-B08.payara-p1.v202511041741-60b8f7dca8141786130b4d36785fdcc926eb8cff]]

[2025-12-04T16:47:02.092-0600] [Payara 7.2025.1] [INFORMACIÓN] [] [org.eclipse.krazo.servlet.KrazoContainerInitializer] [tid: _ThreadID=202 _ThreadName=admin-thread-pool::admin-listener(4)] [timeMillis: 1764888422092] [levelValue: 800] [[
  Eclipse Krazo version 4.0.0 started]]

[2025-12-04T16:47:02.127-0600] [Payara 7.2025.1] [INFORMACIÓN] [] [org.glassfish.soteria.servlet.SamRegistrationInstaller] [tid: _ThreadID=202 _ThreadName=admin-thread-pool::admin-listener(4)] [timeMillis: 1764888422127] [levelValue: 800] [[
  Initializing Soteria 4.0.1.payara-p1 for context '/Inventarios']]

[2025-12-04T16:47:02.211-0600] [Payara 7.2025.1] [INFORMACIÓN] [AS-WEB-GLUE-00172] [jakarta.enterprise.web] [tid: _ThreadID=202 _ThreadName=admin-thread-pool::admin-listener(4)] [timeMillis: 1764888422211] [levelValue: 800] [[
  Loading application [Inventarios-1.0-SNAPSHOT] at [/Inventarios]]]

[2025-12-04T16:47:02.254-0600] [Payara 7.2025.1] [INFORMACIÓN] [] [javax.enterprise.system.core] [tid: _ThreadID=202 _ThreadName=admin-thread-pool::admin-listener(4)] [timeMillis: 1764888422254] [levelValue: 800] [[
  Inventarios-1.0-SNAPSHOT was successfully deployed in 792 milliseconds.]]

[2025-12-04T16:49:14.219-0600] [Payara 7.2025.1] [ADVERTENCIA] [] [jakarta.enterprise.web.util] [tid: _ThreadID=202 _ThreadName=admin-thread-pool::admin-listener(4)] [timeMillis: 1764888554219] [levelValue: 900] [[
  The web application [/Inventarios] registered the JDBC driver [com.mysql.cj.jdbc.Driver] but failed to unregister it when the web application was stopped. To prevent a memory leak, the JDBC Driver has been forcibly unregistered.]]

[2025-12-04T16:49:14.561-0600] [Payara 7.2025.1] [INFORMACIÓN] [] [javax.enterprise.system.core] [tid: _ThreadID=152 _ThreadName=admin-thread-pool::admin-listener(1)] [timeMillis: 1764888554561] [levelValue: 800] [[
  No deployment transformer implementation found.]]

[2025-12-04T16:49:14.671-0600] [Payara 7.2025.1] [INFORMACIÓN] [] [org.eclipse.persistence.session./file:/C:/Users/SISTEMAS DESARROLLO2/Documents/NetBeansProjects/Inventarios/target/Inventarios-1.0-SNAPSHOT/WEB-INF/classes/_my_persistence_unit] [tid: _ThreadID=152 _ThreadName=admin-thread-pool::admin-listener(1)] [timeMillis: 1764888554671] [levelValue: 800] [[
  EclipseLink, version: Eclipse Persistence Services - 5.0.0-B08.payara-p1.v202511041741-60b8f7dca8141786130b4d36785fdcc926eb8cff]]

[2025-12-04T16:49:14.873-0600] [Payara 7.2025.1] [INFORMACIÓN] [] [org.eclipse.krazo.servlet.KrazoContainerInitializer] [tid: _ThreadID=152 _ThreadName=admin-thread-pool::admin-listener(1)] [timeMillis: 1764888554873] [levelValue: 800] [[
  Eclipse Krazo version 4.0.0 started]]

[2025-12-04T16:49:14.900-0600] [Payara 7.2025.1] [INFORMACIÓN] [] [org.glassfish.soteria.servlet.SamRegistrationInstaller] [tid: _ThreadID=152 _ThreadName=admin-thread-pool::admin-listener(1)] [timeMillis: 1764888554900] [levelValue: 800] [[
  Initializing Soteria 4.0.1.payara-p1 for context '/Inventarios']]

[2025-12-04T16:49:14.973-0600] [Payara 7.2025.1] [INFORMACIÓN] [AS-WEB-GLUE-00172] [jakarta.enterprise.web] [tid: _ThreadID=152 _ThreadName=admin-thread-pool::admin-listener(1)] [timeMillis: 1764888554973] [levelValue: 800] [[
  Loading application [Inventarios-1.0-SNAPSHOT] at [/Inventarios]]]

[2025-12-04T16:49:15.006-0600] [Payara 7.2025.1] [INFORMACIÓN] [] [javax.enterprise.system.core] [tid: _ThreadID=152 _ThreadName=admin-thread-pool::admin-listener(1)] [timeMillis: 1764888555006] [levelValue: 800] [[
  Inventarios-1.0-SNAPSHOT was successfully deployed in 590 milliseconds.]]

[2025-12-04T16:49:20.318-0600] [Payara 7.2025.1] [ADVERTENCIA] [] [jakarta.enterprise.web] [tid: _ThreadID=142 _ThreadName=http-thread-pool::http-listener-1(5)] [timeMillis: 1764888560318] [levelValue: 900] [[
  StandardWrapperValve[jsp]: Servlet.service() for servlet jsp threw exception
java.lang.IllegalArgumentException: Cannot convert 0 of type class java.lang.Long to class java.lang.Boolean
	at org.glassfish.expressly.lang.ELSupport.coerceToBoolean(ELSupport.java:174)
	at org.glassfish.expressly.parser.AstOr.getValue(AstOr.java:40)
	at org.glassfish.expressly.ValueExpressionImpl.getValue(ValueExpressionImpl.java:138)
	at org.jboss.weld.module.web.el.WeldValueExpression.getValue(WeldValueExpression.java:50)
	at org.glassfish.wasp.runtime.PageContextImpl.evaluateExpression(PageContextImpl.java:816)
	at org.apache.jsp.inventario_jsp._jspService(inventario_jsp.java:194)
	at org.glassfish.wasp.runtime.HttpJspBase.service(HttpJspBase.java:68)
	at jakarta.servlet.http.HttpServlet.service(HttpServlet.java:723)
	at org.glassfish.wasp.servlet.JspServletWrapper.service(JspServletWrapper.java:315)
	at org.glassfish.wasp.servlet.JspServlet.serviceJspFile(JspServlet.java:358)
	at org.glassfish.wasp.servlet.JspServlet.service(JspServlet.java:287)
	at jakarta.servlet.http.HttpServlet.service(HttpServlet.java:723)
	at org.apache.catalina.core.StandardWrapper.service(StandardWrapper.java:1554)
	at org.apache.catalina.core.ApplicationFilterChain.internalDoFilter(ApplicationFilterChain.java:331)
	at org.apache.catalina.core.ApplicationFilterChain.doFilter(ApplicationFilterChain.java:211)
	at com.sergio.inventarios.security.PageFilter.doFilter(PageFilter.java:64)
	at org.apache.catalina.core.ApplicationFilterChain.internalDoFilter(ApplicationFilterChain.java:253)
	at org.apache.catalina.core.ApplicationFilterChain.doFilter(ApplicationFilterChain.java:211)
	at org.apache.catalina.core.StandardWrapperValve.invoke(StandardWrapperValve.java:257)
	at org.apache.catalina.core.StandardContextValve.invoke(StandardContextValve.java:166)
	at org.apache.catalina.core.StandardPipeline.doInvoke(StandardPipeline.java:757)
	at org.apache.catalina.core.StandardPipeline.invoke(StandardPipeline.java:577)
	at com.sun.enterprise.web.WebPipeline.invoke(WebPipeline.java:99)
	at org.apache.catalina.core.StandardHostValve.invoke(StandardHostValve.java:158)
	at org.apache.catalina.connector.CoyoteAdapter.doService(CoyoteAdapter.java:366)
	at org.apache.catalina.connector.CoyoteAdapter.service(CoyoteAdapter.java:238)
	at com.sun.enterprise.v3.services.impl.ContainerMapper$HttpHandlerCallable.call(ContainerMapper.java:520)
	at com.sun.enterprise.v3.services.impl.ContainerMapper.service(ContainerMapper.java:217)
	at org.glassfish.grizzly.http.server.HttpHandler.runService(HttpHandler.java:174)
	at org.glassfish.grizzly.http.server.HttpHandler.doHandle(HttpHandler.java:153)
	at org.glassfish.grizzly.http.server.HttpServerFilter.handleRead(HttpServerFilter.java:196)
	at org.glassfish.grizzly.filterchain.ExecutorResolver$9.execute(ExecutorResolver.java:88)
	at org.glassfish.grizzly.filterchain.DefaultFilterChain.executeFilter(DefaultFilterChain.java:246)
	at org.glassfish.grizzly.filterchain.DefaultFilterChain.executeChainPart(DefaultFilterChain.java:178)
	at org.glassfish.grizzly.filterchain.DefaultFilterChain.execute(DefaultFilterChain.java:118)
	at org.glassfish.grizzly.filterchain.DefaultFilterChain.process(DefaultFilterChain.java:96)
	at org.glassfish.grizzly.ProcessorExecutor.execute(ProcessorExecutor.java:51)
	at org.glassfish.grizzly.nio.transport.TCPNIOTransport.fireIOEvent(TCPNIOTransport.java:510)
	at org.glassfish.grizzly.strategies.AbstractIOStrategy.fireIOEvent(AbstractIOStrategy.java:82)
	at org.glassfish.grizzly.strategies.WorkerThreadIOStrategy.run0(WorkerThreadIOStrategy.java:83)
	at org.glassfish.grizzly.strategies.WorkerThreadIOStrategy$WorkerThreadRunnable.run(WorkerThreadIOStrategy.java:101)
	at org.glassfish.grizzly.threadpool.AbstractThreadPool$Worker.doWork(AbstractThreadPool.java:535)
	at org.glassfish.grizzly.threadpool.AbstractThreadPool$Worker.run(AbstractThreadPool.java:515)
	at java.base/java.lang.Thread.run(Thread.java:1583)
]]

[2025-12-04T16:49:34.069-0600] [Payara 7.2025.1] [ADVERTENCIA] [] [jakarta.enterprise.web] [tid: _ThreadID=138 _ThreadName=http-thread-pool::http-listener-1(1)] [timeMillis: 1764888574069] [levelValue: 900] [[
  StandardWrapperValve[jsp]: Servlet.service() for servlet jsp threw exception
java.lang.IllegalArgumentException: Cannot convert 0 of type class java.lang.Long to class java.lang.Boolean
	at org.glassfish.expressly.lang.ELSupport.coerceToBoolean(ELSupport.java:174)
	at org.glassfish.expressly.parser.AstOr.getValue(AstOr.java:40)
	at org.glassfish.expressly.ValueExpressionImpl.getValue(ValueExpressionImpl.java:138)
	at org.jboss.weld.module.web.el.WeldValueExpression.getValue(WeldValueExpression.java:50)
	at org.glassfish.wasp.runtime.PageContextImpl.evaluateExpression(PageContextImpl.java:816)
	at org.apache.jsp.inventario_jsp._jspService(inventario_jsp.java:194)
	at org.glassfish.wasp.runtime.HttpJspBase.service(HttpJspBase.java:68)
	at jakarta.servlet.http.HttpServlet.service(HttpServlet.java:723)
	at org.glassfish.wasp.servlet.JspServletWrapper.service(JspServletWrapper.java:315)
	at org.glassfish.wasp.servlet.JspServlet.serviceJspFile(JspServlet.java:358)
	at org.glassfish.wasp.servlet.JspServlet.service(JspServlet.java:287)
	at jakarta.servlet.http.HttpServlet.service(HttpServlet.java:723)
	at org.apache.catalina.core.StandardWrapper.service(StandardWrapper.java:1554)
	at org.apache.catalina.core.ApplicationFilterChain.internalDoFilter(ApplicationFilterChain.java:331)
	at org.apache.catalina.core.ApplicationFilterChain.doFilter(ApplicationFilterChain.java:211)
	at com.sergio.inventarios.security.PageFilter.doFilter(PageFilter.java:64)
	at org.apache.catalina.core.ApplicationFilterChain.internalDoFilter(ApplicationFilterChain.java:253)
	at org.apache.catalina.core.ApplicationFilterChain.doFilter(ApplicationFilterChain.java:211)
	at org.apache.catalina.core.StandardWrapperValve.invoke(StandardWrapperValve.java:257)
	at org.apache.catalina.core.StandardContextValve.invoke(StandardContextValve.java:166)
	at org.apache.catalina.core.StandardPipeline.doInvoke(StandardPipeline.java:757)
	at org.apache.catalina.core.StandardPipeline.invoke(StandardPipeline.java:577)
	at com.sun.enterprise.web.WebPipeline.invoke(WebPipeline.java:99)
	at org.apache.catalina.core.StandardHostValve.invoke(StandardHostValve.java:158)
	at org.apache.catalina.connector.CoyoteAdapter.doService(CoyoteAdapter.java:366)
	at org.apache.catalina.connector.CoyoteAdapter.service(CoyoteAdapter.java:238)
	at com.sun.enterprise.v3.services.impl.ContainerMapper$HttpHandlerCallable.call(ContainerMapper.java:520)
	at com.sun.enterprise.v3.services.impl.ContainerMapper.service(ContainerMapper.java:217)
	at org.glassfish.grizzly.http.server.HttpHandler.runService(HttpHandler.java:174)
	at org.glassfish.grizzly.http.server.HttpHandler.doHandle(HttpHandler.java:153)
	at org.glassfish.grizzly.http.server.HttpServerFilter.handleRead(HttpServerFilter.java:196)
	at org.glassfish.grizzly.filterchain.ExecutorResolver$9.execute(ExecutorResolver.java:88)
	at org.glassfish.grizzly.filterchain.DefaultFilterChain.executeFilter(DefaultFilterChain.java:246)
	at org.glassfish.grizzly.filterchain.DefaultFilterChain.executeChainPart(DefaultFilterChain.java:178)
	at org.glassfish.grizzly.filterchain.DefaultFilterChain.execute(DefaultFilterChain.java:118)
	at org.glassfish.grizzly.filterchain.DefaultFilterChain.process(DefaultFilterChain.java:96)
	at org.glassfish.grizzly.ProcessorExecutor.execute(ProcessorExecutor.java:51)
	at org.glassfish.grizzly.nio.transport.TCPNIOTransport.fireIOEvent(TCPNIOTransport.java:510)
	at org.glassfish.grizzly.strategies.AbstractIOStrategy.fireIOEvent(AbstractIOStrategy.java:82)
	at org.glassfish.grizzly.strategies.WorkerThreadIOStrategy.run0(WorkerThreadIOStrategy.java:83)
	at org.glassfish.grizzly.strategies.WorkerThreadIOStrategy$WorkerThreadRunnable.run(WorkerThreadIOStrategy.java:101)
	at org.glassfish.grizzly.threadpool.AbstractThreadPool$Worker.doWork(AbstractThreadPool.java:535)
	at org.glassfish.grizzly.threadpool.AbstractThreadPool$Worker.run(AbstractThreadPool.java:515)
	at java.base/java.lang.Thread.run(Thread.java:1583)
]]

[2025-12-04T16:50:48.140-0600] [Payara 7.2025.1] [ADVERTENCIA] [] [jakarta.enterprise.web.util] [tid: _ThreadID=189 _ThreadName=admin-thread-pool::admin-listener(2)] [timeMillis: 1764888648140] [levelValue: 900] [[
  The web application [/Inventarios] registered the JDBC driver [com.mysql.cj.jdbc.Driver] but failed to unregister it when the web application was stopped. To prevent a memory leak, the JDBC Driver has been forcibly unregistered.]]

[2025-12-04T16:50:48.467-0600] [Payara 7.2025.1] [INFORMACIÓN] [] [javax.enterprise.system.core] [tid: _ThreadID=202 _ThreadName=admin-thread-pool::admin-listener(4)] [timeMillis: 1764888648467] [levelValue: 800] [[
  No deployment transformer implementation found.]]

[2025-12-04T16:50:48.579-0600] [Payara 7.2025.1] [INFORMACIÓN] [] [org.eclipse.persistence.session./file:/C:/Users/SISTEMAS DESARROLLO2/Documents/NetBeansProjects/Inventarios/target/Inventarios-1.0-SNAPSHOT/WEB-INF/classes/_my_persistence_unit] [tid: _ThreadID=202 _ThreadName=admin-thread-pool::admin-listener(4)] [timeMillis: 1764888648579] [levelValue: 800] [[
  EclipseLink, version: Eclipse Persistence Services - 5.0.0-B08.payara-p1.v202511041741-60b8f7dca8141786130b4d36785fdcc926eb8cff]]

[2025-12-04T16:50:48.778-0600] [Payara 7.2025.1] [INFORMACIÓN] [] [org.eclipse.krazo.servlet.KrazoContainerInitializer] [tid: _ThreadID=202 _ThreadName=admin-thread-pool::admin-listener(4)] [timeMillis: 1764888648778] [levelValue: 800] [[
  Eclipse Krazo version 4.0.0 started]]

[2025-12-04T16:50:48.805-0600] [Payara 7.2025.1] [INFORMACIÓN] [] [org.glassfish.soteria.servlet.SamRegistrationInstaller] [tid: _ThreadID=202 _ThreadName=admin-thread-pool::admin-listener(4)] [timeMillis: 1764888648805] [levelValue: 800] [[
  Initializing Soteria 4.0.1.payara-p1 for context '/Inventarios']]

[2025-12-04T16:50:48.890-0600] [Payara 7.2025.1] [INFORMACIÓN] [AS-WEB-GLUE-00172] [jakarta.enterprise.web] [tid: _ThreadID=202 _ThreadName=admin-thread-pool::admin-listener(4)] [timeMillis: 1764888648890] [levelValue: 800] [[
  Loading application [Inventarios-1.0-SNAPSHOT] at [/Inventarios]]]

[2025-12-04T16:50:48.941-0600] [Payara 7.2025.1] [INFORMACIÓN] [] [javax.enterprise.system.core] [tid: _ThreadID=202 _ThreadName=admin-thread-pool::admin-listener(4)] [timeMillis: 1764888648941] [levelValue: 800] [[
  Inventarios-1.0-SNAPSHOT was successfully deployed in 608 milliseconds.]]

[2025-12-04T16:51:33.823-0600] [Payara 7.2025.1] [ADVERTENCIA] [] [jakarta.enterprise.web.util] [tid: _ThreadID=197 _ThreadName=admin-thread-pool::admin-listener(3)] [timeMillis: 1764888693823] [levelValue: 900] [[
  The web application [/Inventarios] registered the JDBC driver [com.mysql.cj.jdbc.Driver] but failed to unregister it when the web application was stopped. To prevent a memory leak, the JDBC Driver has been forcibly unregistered.]]

[2025-12-04T16:51:34.180-0600] [Payara 7.2025.1] [INFORMACIÓN] [] [javax.enterprise.system.core] [tid: _ThreadID=152 _ThreadName=admin-thread-pool::admin-listener(1)] [timeMillis: 1764888694180] [levelValue: 800] [[
  No deployment transformer implementation found.]]

[2025-12-04T16:51:34.304-0600] [Payara 7.2025.1] [INFORMACIÓN] [] [org.eclipse.persistence.session./file:/C:/Users/SISTEMAS DESARROLLO2/Documents/NetBeansProjects/Inventarios/target/Inventarios-1.0-SNAPSHOT/WEB-INF/classes/_my_persistence_unit] [tid: _ThreadID=152 _ThreadName=admin-thread-pool::admin-listener(1)] [timeMillis: 1764888694304] [levelValue: 800] [[
  EclipseLink, version: Eclipse Persistence Services - 5.0.0-B08.payara-p1.v202511041741-60b8f7dca8141786130b4d36785fdcc926eb8cff]]

[2025-12-04T16:51:34.509-0600] [Payara 7.2025.1] [INFORMACIÓN] [] [org.eclipse.krazo.servlet.KrazoContainerInitializer] [tid: _ThreadID=152 _ThreadName=admin-thread-pool::admin-listener(1)] [timeMillis: 1764888694509] [levelValue: 800] [[
  Eclipse Krazo version 4.0.0 started]]

[2025-12-04T16:51:34.535-0600] [Payara 7.2025.1] [INFORMACIÓN] [] [org.glassfish.soteria.servlet.SamRegistrationInstaller] [tid: _ThreadID=152 _ThreadName=admin-thread-pool::admin-listener(1)] [timeMillis: 1764888694535] [levelValue: 800] [[
  Initializing Soteria 4.0.1.payara-p1 for context '/Inventarios']]

[2025-12-04T16:51:34.598-0600] [Payara 7.2025.1] [INFORMACIÓN] [AS-WEB-GLUE-00172] [jakarta.enterprise.web] [tid: _ThreadID=152 _ThreadName=admin-thread-pool::admin-listener(1)] [timeMillis: 1764888694598] [levelValue: 800] [[
  Loading application [Inventarios-1.0-SNAPSHOT] at [/Inventarios]]]

[2025-12-04T16:51:34.635-0600] [Payara 7.2025.1] [INFORMACIÓN] [] [javax.enterprise.system.core] [tid: _ThreadID=152 _ThreadName=admin-thread-pool::admin-listener(1)] [timeMillis: 1764888694635] [levelValue: 800] [[
  Inventarios-1.0-SNAPSHOT was successfully deployed in 609 milliseconds.]]

[2025-12-04T16:51:38.883-0600] [Payara 7.2025.1] [ADVERTENCIA] [] [jakarta.enterprise.web] [tid: _ThreadID=142 _ThreadName=http-thread-pool::http-listener-1(5)] [timeMillis: 1764888698883] [levelValue: 900] [[
  StandardWrapperValve[jsp]: Servlet.service() for servlet jsp threw exception
java.lang.IllegalArgumentException: Cannot convert 0 of type class java.lang.Long to class java.lang.Boolean
	at org.glassfish.expressly.lang.ELSupport.coerceToBoolean(ELSupport.java:174)
	at org.glassfish.expressly.parser.AstOr.getValue(AstOr.java:40)
	at org.glassfish.expressly.ValueExpressionImpl.getValue(ValueExpressionImpl.java:138)
	at org.jboss.weld.module.web.el.WeldValueExpression.getValue(WeldValueExpression.java:50)
	at org.glassfish.wasp.runtime.PageContextImpl.evaluateExpression(PageContextImpl.java:816)
	at org.apache.jsp.inventario_jsp._jspService(inventario_jsp.java:194)
	at org.glassfish.wasp.runtime.HttpJspBase.service(HttpJspBase.java:68)
	at jakarta.servlet.http.HttpServlet.service(HttpServlet.java:723)
	at org.glassfish.wasp.servlet.JspServletWrapper.service(JspServletWrapper.java:315)
	at org.glassfish.wasp.servlet.JspServlet.serviceJspFile(JspServlet.java:358)
	at org.glassfish.wasp.servlet.JspServlet.service(JspServlet.java:287)
	at jakarta.servlet.http.HttpServlet.service(HttpServlet.java:723)
	at org.apache.catalina.core.StandardWrapper.service(StandardWrapper.java:1554)
	at org.apache.catalina.core.ApplicationFilterChain.internalDoFilter(ApplicationFilterChain.java:331)
	at org.apache.catalina.core.ApplicationFilterChain.doFilter(ApplicationFilterChain.java:211)
	at com.sergio.inventarios.security.PageFilter.doFilter(PageFilter.java:64)
	at org.apache.catalina.core.ApplicationFilterChain.internalDoFilter(ApplicationFilterChain.java:253)
	at org.apache.catalina.core.ApplicationFilterChain.doFilter(ApplicationFilterChain.java:211)
	at org.apache.catalina.core.StandardWrapperValve.invoke(StandardWrapperValve.java:257)
	at org.apache.catalina.core.StandardContextValve.invoke(StandardContextValve.java:166)
	at org.apache.catalina.core.StandardPipeline.doInvoke(StandardPipeline.java:757)
	at org.apache.catalina.core.StandardPipeline.invoke(StandardPipeline.java:577)
	at com.sun.enterprise.web.WebPipeline.invoke(WebPipeline.java:99)
	at org.apache.catalina.core.StandardHostValve.invoke(StandardHostValve.java:158)
	at org.apache.catalina.connector.CoyoteAdapter.doService(CoyoteAdapter.java:366)
	at org.apache.catalina.connector.CoyoteAdapter.service(CoyoteAdapter.java:238)
	at com.sun.enterprise.v3.services.impl.ContainerMapper$HttpHandlerCallable.call(ContainerMapper.java:520)
	at com.sun.enterprise.v3.services.impl.ContainerMapper.service(ContainerMapper.java:217)
	at org.glassfish.grizzly.http.server.HttpHandler.runService(HttpHandler.java:174)
	at org.glassfish.grizzly.http.server.HttpHandler.doHandle(HttpHandler.java:153)
	at org.glassfish.grizzly.http.server.HttpServerFilter.handleRead(HttpServerFilter.java:196)
	at org.glassfish.grizzly.filterchain.ExecutorResolver$9.execute(ExecutorResolver.java:88)
	at org.glassfish.grizzly.filterchain.DefaultFilterChain.executeFilter(DefaultFilterChain.java:246)
	at org.glassfish.grizzly.filterchain.DefaultFilterChain.executeChainPart(DefaultFilterChain.java:178)
	at org.glassfish.grizzly.filterchain.DefaultFilterChain.execute(DefaultFilterChain.java:118)
	at org.glassfish.grizzly.filterchain.DefaultFilterChain.process(DefaultFilterChain.java:96)
	at org.glassfish.grizzly.ProcessorExecutor.execute(ProcessorExecutor.java:51)
	at org.glassfish.grizzly.nio.transport.TCPNIOTransport.fireIOEvent(TCPNIOTransport.java:510)
	at org.glassfish.grizzly.strategies.AbstractIOStrategy.fireIOEvent(AbstractIOStrategy.java:82)
	at org.glassfish.grizzly.strategies.WorkerThreadIOStrategy.run0(WorkerThreadIOStrategy.java:83)
	at org.glassfish.grizzly.strategies.WorkerThreadIOStrategy$WorkerThreadRunnable.run(WorkerThreadIOStrategy.java:101)
	at org.glassfish.grizzly.threadpool.AbstractThreadPool$Worker.doWork(AbstractThreadPool.java:535)
	at org.glassfish.grizzly.threadpool.AbstractThreadPool$Worker.run(AbstractThreadPool.java:515)
	at java.base/java.lang.Thread.run(Thread.java:1583)
]]

[2025-12-04T16:53:10.569-0600] [Payara 7.2025.1] [ADVERTENCIA] [] [jakarta.enterprise.web.util] [tid: _ThreadID=152 _ThreadName=admin-thread-pool::admin-listener(1)] [timeMillis: 1764888790569] [levelValue: 900] [[
  The web application [/Inventarios] registered the JDBC driver [com.mysql.cj.jdbc.Driver] but failed to unregister it when the web application was stopped. To prevent a memory leak, the JDBC Driver has been forcibly unregistered.]]

[2025-12-04T16:53:35.473-0600] [Payara 7.2025.1] [INFORMACIÓN] [] [javax.enterprise.system.core] [tid: _ThreadID=189 _ThreadName=admin-thread-pool::admin-listener(2)] [timeMillis: 1764888815473] [levelValue: 800] [[
  No deployment transformer implementation found.]]

[2025-12-04T16:53:35.589-0600] [Payara 7.2025.1] [INFORMACIÓN] [] [org.eclipse.persistence.session./file:/C:/Users/SISTEMAS DESARROLLO2/Documents/NetBeansProjects/Inventarios/target/Inventarios-1.0-SNAPSHOT/WEB-INF/classes/_my_persistence_unit] [tid: _ThreadID=189 _ThreadName=admin-thread-pool::admin-listener(2)] [timeMillis: 1764888815589] [levelValue: 800] [[
  EclipseLink, version: Eclipse Persistence Services - 5.0.0-B08.payara-p1.v202511041741-60b8f7dca8141786130b4d36785fdcc926eb8cff]]

[2025-12-04T16:53:35.797-0600] [Payara 7.2025.1] [INFORMACIÓN] [] [org.eclipse.krazo.servlet.KrazoContainerInitializer] [tid: _ThreadID=189 _ThreadName=admin-thread-pool::admin-listener(2)] [timeMillis: 1764888815797] [levelValue: 800] [[
  Eclipse Krazo version 4.0.0 started]]

[2025-12-04T16:53:35.823-0600] [Payara 7.2025.1] [INFORMACIÓN] [] [org.glassfish.soteria.servlet.SamRegistrationInstaller] [tid: _ThreadID=189 _ThreadName=admin-thread-pool::admin-listener(2)] [timeMillis: 1764888815823] [levelValue: 800] [[
  Initializing Soteria 4.0.1.payara-p1 for context '/Inventarios']]

[2025-12-04T16:53:35.894-0600] [Payara 7.2025.1] [INFORMACIÓN] [AS-WEB-GLUE-00172] [jakarta.enterprise.web] [tid: _ThreadID=189 _ThreadName=admin-thread-pool::admin-listener(2)] [timeMillis: 1764888815894] [levelValue: 800] [[
  Loading application [Inventarios-1.0-SNAPSHOT] at [/Inventarios]]]

[2025-12-04T16:53:35.927-0600] [Payara 7.2025.1] [INFORMACIÓN] [] [javax.enterprise.system.core] [tid: _ThreadID=189 _ThreadName=admin-thread-pool::admin-listener(2)] [timeMillis: 1764888815927] [levelValue: 800] [[
  Inventarios-1.0-SNAPSHOT was successfully deployed in 632 milliseconds.]]

[2025-12-04T16:53:41.155-0600] [Payara 7.2025.1] [ADVERTENCIA] [] [jakarta.enterprise.web] [tid: _ThreadID=138 _ThreadName=http-thread-pool::http-listener-1(1)] [timeMillis: 1764888821155] [levelValue: 900] [[
  StandardWrapperValve[jsp]: Servlet.service() for servlet jsp threw exception
java.lang.IllegalArgumentException: Cannot convert 0 of type class java.lang.Long to class java.lang.Boolean
	at org.glassfish.expressly.lang.ELSupport.coerceToBoolean(ELSupport.java:174)
	at org.glassfish.expressly.parser.AstOr.getValue(AstOr.java:40)
	at org.glassfish.expressly.ValueExpressionImpl.getValue(ValueExpressionImpl.java:138)
	at org.jboss.weld.module.web.el.WeldValueExpression.getValue(WeldValueExpression.java:50)
	at org.glassfish.wasp.runtime.PageContextImpl.evaluateExpression(PageContextImpl.java:816)
	at org.apache.jsp.inventario_jsp._jspService(inventario_jsp.java:194)
	at org.glassfish.wasp.runtime.HttpJspBase.service(HttpJspBase.java:68)
	at jakarta.servlet.http.HttpServlet.service(HttpServlet.java:723)
	at org.glassfish.wasp.servlet.JspServletWrapper.service(JspServletWrapper.java:315)
	at org.glassfish.wasp.servlet.JspServlet.serviceJspFile(JspServlet.java:358)
	at org.glassfish.wasp.servlet.JspServlet.service(JspServlet.java:287)
	at jakarta.servlet.http.HttpServlet.service(HttpServlet.java:723)
	at org.apache.catalina.core.StandardWrapper.service(StandardWrapper.java:1554)
	at org.apache.catalina.core.ApplicationFilterChain.internalDoFilter(ApplicationFilterChain.java:331)
	at org.apache.catalina.core.ApplicationFilterChain.doFilter(ApplicationFilterChain.java:211)
	at com.sergio.inventarios.security.PageFilter.doFilter(PageFilter.java:64)
	at org.apache.catalina.core.ApplicationFilterChain.internalDoFilter(ApplicationFilterChain.java:253)
	at org.apache.catalina.core.ApplicationFilterChain.doFilter(ApplicationFilterChain.java:211)
	at org.apache.catalina.core.StandardWrapperValve.invoke(StandardWrapperValve.java:257)
	at org.apache.catalina.core.StandardContextValve.invoke(StandardContextValve.java:166)
	at org.apache.catalina.core.StandardPipeline.doInvoke(StandardPipeline.java:757)
	at org.apache.catalina.core.StandardPipeline.invoke(StandardPipeline.java:577)
	at com.sun.enterprise.web.WebPipeline.invoke(WebPipeline.java:99)
	at org.apache.catalina.core.StandardHostValve.invoke(StandardHostValve.java:158)
	at org.apache.catalina.connector.CoyoteAdapter.doService(CoyoteAdapter.java:366)
	at org.apache.catalina.connector.CoyoteAdapter.service(CoyoteAdapter.java:238)
	at com.sun.enterprise.v3.services.impl.ContainerMapper$HttpHandlerCallable.call(ContainerMapper.java:520)
	at com.sun.enterprise.v3.services.impl.ContainerMapper.service(ContainerMapper.java:217)
	at org.glassfish.grizzly.http.server.HttpHandler.runService(HttpHandler.java:174)
	at org.glassfish.grizzly.http.server.HttpHandler.doHandle(HttpHandler.java:153)
	at org.glassfish.grizzly.http.server.HttpServerFilter.handleRead(HttpServerFilter.java:196)
	at org.glassfish.grizzly.filterchain.ExecutorResolver$9.execute(ExecutorResolver.java:88)
	at org.glassfish.grizzly.filterchain.DefaultFilterChain.executeFilter(DefaultFilterChain.java:246)
	at org.glassfish.grizzly.filterchain.DefaultFilterChain.executeChainPart(DefaultFilterChain.java:178)
	at org.glassfish.grizzly.filterchain.DefaultFilterChain.execute(DefaultFilterChain.java:118)
	at org.glassfish.grizzly.filterchain.DefaultFilterChain.process(DefaultFilterChain.java:96)
	at org.glassfish.grizzly.ProcessorExecutor.execute(ProcessorExecutor.java:51)
	at org.glassfish.grizzly.nio.transport.TCPNIOTransport.fireIOEvent(TCPNIOTransport.java:510)
	at org.glassfish.grizzly.strategies.AbstractIOStrategy.fireIOEvent(AbstractIOStrategy.java:82)
	at org.glassfish.grizzly.strategies.WorkerThreadIOStrategy.run0(WorkerThreadIOStrategy.java:83)
	at org.glassfish.grizzly.strategies.WorkerThreadIOStrategy$WorkerThreadRunnable.run(WorkerThreadIOStrategy.java:101)
	at org.glassfish.grizzly.threadpool.AbstractThreadPool$Worker.doWork(AbstractThreadPool.java:535)
	at org.glassfish.grizzly.threadpool.AbstractThreadPool$Worker.run(AbstractThreadPool.java:515)
	at java.base/java.lang.Thread.run(Thread.java:1583)
]]

[2025-12-04T16:55:37.415-0600] [Payara 7.2025.1] [ADVERTENCIA] [] [jakarta.enterprise.web.util] [tid: _ThreadID=152 _ThreadName=admin-thread-pool::admin-listener(1)] [timeMillis: 1764888937415] [levelValue: 900] [[
  The web application [/Inventarios] registered the JDBC driver [com.mysql.cj.jdbc.Driver] but failed to unregister it when the web application was stopped. To prevent a memory leak, the JDBC Driver has been forcibly unregistered.]]

[2025-12-04T16:55:37.759-0600] [Payara 7.2025.1] [INFORMACIÓN] [] [javax.enterprise.system.core] [tid: _ThreadID=189 _ThreadName=admin-thread-pool::admin-listener(2)] [timeMillis: 1764888937759] [levelValue: 800] [[
  No deployment transformer implementation found.]]

[2025-12-04T16:55:37.874-0600] [Payara 7.2025.1] [INFORMACIÓN] [] [org.eclipse.persistence.session./file:/C:/Users/SISTEMAS DESARROLLO2/Documents/NetBeansProjects/Inventarios/target/Inventarios-1.0-SNAPSHOT/WEB-INF/classes/_my_persistence_unit] [tid: _ThreadID=189 _ThreadName=admin-thread-pool::admin-listener(2)] [timeMillis: 1764888937874] [levelValue: 800] [[
  EclipseLink, version: Eclipse Persistence Services - 5.0.0-B08.payara-p1.v202511041741-60b8f7dca8141786130b4d36785fdcc926eb8cff]]

[2025-12-04T16:55:38.088-0600] [Payara 7.2025.1] [INFORMACIÓN] [] [org.eclipse.krazo.servlet.KrazoContainerInitializer] [tid: _ThreadID=189 _ThreadName=admin-thread-pool::admin-listener(2)] [timeMillis: 1764888938088] [levelValue: 800] [[
  Eclipse Krazo version 4.0.0 started]]

[2025-12-04T16:55:38.128-0600] [Payara 7.2025.1] [INFORMACIÓN] [] [org.glassfish.soteria.servlet.SamRegistrationInstaller] [tid: _ThreadID=189 _ThreadName=admin-thread-pool::admin-listener(2)] [timeMillis: 1764888938128] [levelValue: 800] [[
  Initializing Soteria 4.0.1.payara-p1 for context '/Inventarios']]

[2025-12-04T16:55:38.202-0600] [Payara 7.2025.1] [INFORMACIÓN] [AS-WEB-GLUE-00172] [jakarta.enterprise.web] [tid: _ThreadID=189 _ThreadName=admin-thread-pool::admin-listener(2)] [timeMillis: 1764888938202] [levelValue: 800] [[
  Loading application [Inventarios-1.0-SNAPSHOT] at [/Inventarios]]]

[2025-12-04T16:55:38.228-0600] [Payara 7.2025.1] [INFORMACIÓN] [] [javax.enterprise.system.core] [tid: _ThreadID=189 _ThreadName=admin-thread-pool::admin-listener(2)] [timeMillis: 1764888938228] [levelValue: 800] [[
  Inventarios-1.0-SNAPSHOT was successfully deployed in 626 milliseconds.]]

[2025-12-04T16:55:44.565-0600] [Payara 7.2025.1] [ADVERTENCIA] [] [jakarta.enterprise.web] [tid: _ThreadID=142 _ThreadName=http-thread-pool::http-listener-1(5)] [timeMillis: 1764888944565] [levelValue: 900] [[
  StandardWrapperValve[jsp]: Servlet.service() for servlet jsp threw exception
java.lang.IllegalArgumentException: Cannot convert 0 of type class java.lang.Long to class java.lang.Boolean
	at org.glassfish.expressly.lang.ELSupport.coerceToBoolean(ELSupport.java:174)
	at org.glassfish.expressly.parser.AstOr.getValue(AstOr.java:40)
	at org.glassfish.expressly.ValueExpressionImpl.getValue(ValueExpressionImpl.java:138)
	at org.jboss.weld.module.web.el.WeldValueExpression.getValue(WeldValueExpression.java:50)
	at org.glassfish.wasp.runtime.PageContextImpl.evaluateExpression(PageContextImpl.java:816)
	at org.apache.jsp.inventario_jsp._jspService(inventario_jsp.java:194)
	at org.glassfish.wasp.runtime.HttpJspBase.service(HttpJspBase.java:68)
	at jakarta.servlet.http.HttpServlet.service(HttpServlet.java:723)
	at org.glassfish.wasp.servlet.JspServletWrapper.service(JspServletWrapper.java:315)
	at org.glassfish.wasp.servlet.JspServlet.serviceJspFile(JspServlet.java:358)
	at org.glassfish.wasp.servlet.JspServlet.service(JspServlet.java:287)
	at jakarta.servlet.http.HttpServlet.service(HttpServlet.java:723)
	at org.apache.catalina.core.StandardWrapper.service(StandardWrapper.java:1554)
	at org.apache.catalina.core.ApplicationFilterChain.internalDoFilter(ApplicationFilterChain.java:331)
	at org.apache.catalina.core.ApplicationFilterChain.doFilter(ApplicationFilterChain.java:211)
	at com.sergio.inventarios.security.PageFilter.doFilter(PageFilter.java:64)
	at org.apache.catalina.core.ApplicationFilterChain.internalDoFilter(ApplicationFilterChain.java:253)
	at org.apache.catalina.core.ApplicationFilterChain.doFilter(ApplicationFilterChain.java:211)
	at org.apache.catalina.core.StandardWrapperValve.invoke(StandardWrapperValve.java:257)
	at org.apache.catalina.core.StandardContextValve.invoke(StandardContextValve.java:166)
	at org.apache.catalina.core.StandardPipeline.doInvoke(StandardPipeline.java:757)
	at org.apache.catalina.core.StandardPipeline.invoke(StandardPipeline.java:577)
	at com.sun.enterprise.web.WebPipeline.invoke(WebPipeline.java:99)
	at org.apache.catalina.core.StandardHostValve.invoke(StandardHostValve.java:158)
	at org.apache.catalina.connector.CoyoteAdapter.doService(CoyoteAdapter.java:366)
	at org.apache.catalina.connector.CoyoteAdapter.service(CoyoteAdapter.java:238)
	at com.sun.enterprise.v3.services.impl.ContainerMapper$HttpHandlerCallable.call(ContainerMapper.java:520)
	at com.sun.enterprise.v3.services.impl.ContainerMapper.service(ContainerMapper.java:217)
	at org.glassfish.grizzly.http.server.HttpHandler.runService(HttpHandler.java:174)
	at org.glassfish.grizzly.http.server.HttpHandler.doHandle(HttpHandler.java:153)
	at org.glassfish.grizzly.http.server.HttpServerFilter.handleRead(HttpServerFilter.java:196)
	at org.glassfish.grizzly.filterchain.ExecutorResolver$9.execute(ExecutorResolver.java:88)
	at org.glassfish.grizzly.filterchain.DefaultFilterChain.executeFilter(DefaultFilterChain.java:246)
	at org.glassfish.grizzly.filterchain.DefaultFilterChain.executeChainPart(DefaultFilterChain.java:178)
	at org.glassfish.grizzly.filterchain.DefaultFilterChain.execute(DefaultFilterChain.java:118)
	at org.glassfish.grizzly.filterchain.DefaultFilterChain.process(DefaultFilterChain.java:96)
	at org.glassfish.grizzly.ProcessorExecutor.execute(ProcessorExecutor.java:51)
	at org.glassfish.grizzly.nio.transport.TCPNIOTransport.fireIOEvent(TCPNIOTransport.java:510)
	at org.glassfish.grizzly.strategies.AbstractIOStrategy.fireIOEvent(AbstractIOStrategy.java:82)
	at org.glassfish.grizzly.strategies.WorkerThreadIOStrategy.run0(WorkerThreadIOStrategy.java:83)
	at org.glassfish.grizzly.strategies.WorkerThreadIOStrategy$WorkerThreadRunnable.run(WorkerThreadIOStrategy.java:101)
	at org.glassfish.grizzly.threadpool.AbstractThreadPool$Worker.doWork(AbstractThreadPool.java:535)
	at org.glassfish.grizzly.threadpool.AbstractThreadPool$Worker.run(AbstractThreadPool.java:515)
	at java.base/java.lang.Thread.run(Thread.java:1583)
]]

[2025-12-04T16:56:00.336-0600] [Payara 7.2025.1] [ADVERTENCIA] [] [jakarta.enterprise.web.util] [tid: _ThreadID=202 _ThreadName=admin-thread-pool::admin-listener(4)] [timeMillis: 1764888960336] [levelValue: 900] [[
  The web application [/Inventarios] registered the JDBC driver [com.mysql.cj.jdbc.Driver] but failed to unregister it when the web application was stopped. To prevent a memory leak, the JDBC Driver has been forcibly unregistered.]]

[2025-12-04T16:56:00.682-0600] [Payara 7.2025.1] [INFORMACIÓN] [] [javax.enterprise.system.core] [tid: _ThreadID=189 _ThreadName=admin-thread-pool::admin-listener(2)] [timeMillis: 1764888960682] [levelValue: 800] [[
  No deployment transformer implementation found.]]

[2025-12-04T16:56:00.795-0600] [Payara 7.2025.1] [INFORMACIÓN] [] [org.eclipse.persistence.session./file:/C:/Users/SISTEMAS DESARROLLO2/Documents/NetBeansProjects/Inventarios/target/Inventarios-1.0-SNAPSHOT/WEB-INF/classes/_my_persistence_unit] [tid: _ThreadID=189 _ThreadName=admin-thread-pool::admin-listener(2)] [timeMillis: 1764888960795] [levelValue: 800] [[
  EclipseLink, version: Eclipse Persistence Services - 5.0.0-B08.payara-p1.v202511041741-60b8f7dca8141786130b4d36785fdcc926eb8cff]]

[2025-12-04T16:56:00.987-0600] [Payara 7.2025.1] [INFORMACIÓN] [] [org.eclipse.krazo.servlet.KrazoContainerInitializer] [tid: _ThreadID=189 _ThreadName=admin-thread-pool::admin-listener(2)] [timeMillis: 1764888960987] [levelValue: 800] [[
  Eclipse Krazo version 4.0.0 started]]

[2025-12-04T16:56:01.011-0600] [Payara 7.2025.1] [INFORMACIÓN] [] [org.glassfish.soteria.servlet.SamRegistrationInstaller] [tid: _ThreadID=189 _ThreadName=admin-thread-pool::admin-listener(2)] [timeMillis: 1764888961011] [levelValue: 800] [[
  Initializing Soteria 4.0.1.payara-p1 for context '/Inventarios']]

[2025-12-04T16:56:01.078-0600] [Payara 7.2025.1] [INFORMACIÓN] [AS-WEB-GLUE-00172] [jakarta.enterprise.web] [tid: _ThreadID=189 _ThreadName=admin-thread-pool::admin-listener(2)] [timeMillis: 1764888961078] [levelValue: 800] [[
  Loading application [Inventarios-1.0-SNAPSHOT] at [/Inventarios]]]

[2025-12-04T16:56:01.116-0600] [Payara 7.2025.1] [INFORMACIÓN] [] [javax.enterprise.system.core] [tid: _ThreadID=189 _ThreadName=admin-thread-pool::admin-listener(2)] [timeMillis: 1764888961116] [levelValue: 800] [[
  Inventarios-1.0-SNAPSHOT was successfully deployed in 586 milliseconds.]]

[2025-12-04T16:56:22.798-0600] [Payara 7.2025.1] [ADVERTENCIA] [] [jakarta.enterprise.web.util] [tid: _ThreadID=202 _ThreadName=admin-thread-pool::admin-listener(4)] [timeMillis: 1764888982798] [levelValue: 900] [[
  The web application [/Inventarios] registered the JDBC driver [com.mysql.cj.jdbc.Driver] but failed to unregister it when the web application was stopped. To prevent a memory leak, the JDBC Driver has been forcibly unregistered.]]

[2025-12-04T16:56:23.144-0600] [Payara 7.2025.1] [INFORMACIÓN] [] [javax.enterprise.system.core] [tid: _ThreadID=152 _ThreadName=admin-thread-pool::admin-listener(1)] [timeMillis: 1764888983144] [levelValue: 800] [[
  No deployment transformer implementation found.]]

[2025-12-04T16:56:23.264-0600] [Payara 7.2025.1] [INFORMACIÓN] [] [org.eclipse.persistence.session./file:/C:/Users/SISTEMAS DESARROLLO2/Documents/NetBeansProjects/Inventarios/target/Inventarios-1.0-SNAPSHOT/WEB-INF/classes/_my_persistence_unit] [tid: _ThreadID=152 _ThreadName=admin-thread-pool::admin-listener(1)] [timeMillis: 1764888983264] [levelValue: 800] [[
  EclipseLink, version: Eclipse Persistence Services - 5.0.0-B08.payara-p1.v202511041741-60b8f7dca8141786130b4d36785fdcc926eb8cff]]

[2025-12-04T16:56:23.475-0600] [Payara 7.2025.1] [INFORMACIÓN] [] [org.eclipse.krazo.servlet.KrazoContainerInitializer] [tid: _ThreadID=152 _ThreadName=admin-thread-pool::admin-listener(1)] [timeMillis: 1764888983475] [levelValue: 800] [[
  Eclipse Krazo version 4.0.0 started]]

[2025-12-04T16:56:23.503-0600] [Payara 7.2025.1] [INFORMACIÓN] [] [org.glassfish.soteria.servlet.SamRegistrationInstaller] [tid: _ThreadID=152 _ThreadName=admin-thread-pool::admin-listener(1)] [timeMillis: 1764888983503] [levelValue: 800] [[
  Initializing Soteria 4.0.1.payara-p1 for context '/Inventarios']]

[2025-12-04T16:56:23.565-0600] [Payara 7.2025.1] [INFORMACIÓN] [AS-WEB-GLUE-00172] [jakarta.enterprise.web] [tid: _ThreadID=152 _ThreadName=admin-thread-pool::admin-listener(1)] [timeMillis: 1764888983565] [levelValue: 800] [[
  Loading application [Inventarios-1.0-SNAPSHOT] at [/Inventarios]]]

[2025-12-04T16:56:23.602-0600] [Payara 7.2025.1] [INFORMACIÓN] [] [javax.enterprise.system.core] [tid: _ThreadID=152 _ThreadName=admin-thread-pool::admin-listener(1)] [timeMillis: 1764888983602] [levelValue: 800] [[
  Inventarios-1.0-SNAPSHOT was successfully deployed in 607 milliseconds.]]

[2025-12-04T16:57:06.674-0600] [Payara 7.2025.1] [ADVERTENCIA] [] [jakarta.enterprise.web.util] [tid: _ThreadID=152 _ThreadName=admin-thread-pool::admin-listener(1)] [timeMillis: 1764889026674] [levelValue: 900] [[
  The web application [/Inventarios] registered the JDBC driver [com.mysql.cj.jdbc.Driver] but failed to unregister it when the web application was stopped. To prevent a memory leak, the JDBC Driver has been forcibly unregistered.]]

[2025-12-04T16:57:07.062-0600] [Payara 7.2025.1] [INFORMACIÓN] [] [javax.enterprise.system.core] [tid: _ThreadID=202 _ThreadName=admin-thread-pool::admin-listener(4)] [timeMillis: 1764889027062] [levelValue: 800] [[
  No deployment transformer implementation found.]]

[2025-12-04T16:57:07.178-0600] [Payara 7.2025.1] [INFORMACIÓN] [] [org.eclipse.persistence.session./file:/C:/Users/SISTEMAS DESARROLLO2/Documents/NetBeansProjects/Inventarios/target/Inventarios-1.0-SNAPSHOT/WEB-INF/classes/_my_persistence_unit] [tid: _ThreadID=202 _ThreadName=admin-thread-pool::admin-listener(4)] [timeMillis: 1764889027178] [levelValue: 800] [[
  EclipseLink, version: Eclipse Persistence Services - 5.0.0-B08.payara-p1.v202511041741-60b8f7dca8141786130b4d36785fdcc926eb8cff]]

[2025-12-04T16:57:07.373-0600] [Payara 7.2025.1] [INFORMACIÓN] [] [org.eclipse.krazo.servlet.KrazoContainerInitializer] [tid: _ThreadID=202 _ThreadName=admin-thread-pool::admin-listener(4)] [timeMillis: 1764889027373] [levelValue: 800] [[
  Eclipse Krazo version 4.0.0 started]]

[2025-12-04T16:57:07.397-0600] [Payara 7.2025.1] [INFORMACIÓN] [] [org.glassfish.soteria.servlet.SamRegistrationInstaller] [tid: _ThreadID=202 _ThreadName=admin-thread-pool::admin-listener(4)] [timeMillis: 1764889027397] [levelValue: 800] [[
  Initializing Soteria 4.0.1.payara-p1 for context '/Inventarios']]

[2025-12-04T16:57:07.454-0600] [Payara 7.2025.1] [INFORMACIÓN] [AS-WEB-GLUE-00172] [jakarta.enterprise.web] [tid: _ThreadID=202 _ThreadName=admin-thread-pool::admin-listener(4)] [timeMillis: 1764889027454] [levelValue: 800] [[
  Loading application [Inventarios-1.0-SNAPSHOT] at [/Inventarios]]]

[2025-12-04T16:57:07.483-0600] [Payara 7.2025.1] [INFORMACIÓN] [] [javax.enterprise.system.core] [tid: _ThreadID=202 _ThreadName=admin-thread-pool::admin-listener(4)] [timeMillis: 1764889027483] [levelValue: 800] [[
  Inventarios-1.0-SNAPSHOT was successfully deployed in 581 milliseconds.]]

[2025-12-04T16:58:30.666-0600] [Payara 7.2025.1] [ADVERTENCIA] [] [jakarta.enterprise.web.util] [tid: _ThreadID=202 _ThreadName=admin-thread-pool::admin-listener(4)] [timeMillis: 1764889110666] [levelValue: 900] [[
  The web application [/Inventarios] registered the JDBC driver [com.mysql.cj.jdbc.Driver] but failed to unregister it when the web application was stopped. To prevent a memory leak, the JDBC Driver has been forcibly unregistered.]]

[2025-12-04T16:58:30.999-0600] [Payara 7.2025.1] [INFORMACIÓN] [] [javax.enterprise.system.core] [tid: _ThreadID=189 _ThreadName=admin-thread-pool::admin-listener(2)] [timeMillis: 1764889110999] [levelValue: 800] [[
  No deployment transformer implementation found.]]

[2025-12-04T16:58:31.111-0600] [Payara 7.2025.1] [INFORMACIÓN] [] [org.eclipse.persistence.session./file:/C:/Users/SISTEMAS DESARROLLO2/Documents/NetBeansProjects/Inventarios/target/Inventarios-1.0-SNAPSHOT/WEB-INF/classes/_my_persistence_unit] [tid: _ThreadID=189 _ThreadName=admin-thread-pool::admin-listener(2)] [timeMillis: 1764889111111] [levelValue: 800] [[
  EclipseLink, version: Eclipse Persistence Services - 5.0.0-B08.payara-p1.v202511041741-60b8f7dca8141786130b4d36785fdcc926eb8cff]]

[2025-12-04T16:58:31.300-0600] [Payara 7.2025.1] [INFORMACIÓN] [] [org.eclipse.krazo.servlet.KrazoContainerInitializer] [tid: _ThreadID=189 _ThreadName=admin-thread-pool::admin-listener(2)] [timeMillis: 1764889111300] [levelValue: 800] [[
  Eclipse Krazo version 4.0.0 started]]

[2025-12-04T16:58:31.324-0600] [Payara 7.2025.1] [INFORMACIÓN] [] [org.glassfish.soteria.servlet.SamRegistrationInstaller] [tid: _ThreadID=189 _ThreadName=admin-thread-pool::admin-listener(2)] [timeMillis: 1764889111324] [levelValue: 800] [[
  Initializing Soteria 4.0.1.payara-p1 for context '/Inventarios']]

[2025-12-04T16:58:31.378-0600] [Payara 7.2025.1] [INFORMACIÓN] [AS-WEB-GLUE-00172] [jakarta.enterprise.web] [tid: _ThreadID=189 _ThreadName=admin-thread-pool::admin-listener(2)] [timeMillis: 1764889111378] [levelValue: 800] [[
  Loading application [Inventarios-1.0-SNAPSHOT] at [/Inventarios]]]

[2025-12-04T16:58:31.406-0600] [Payara 7.2025.1] [INFORMACIÓN] [] [javax.enterprise.system.core] [tid: _ThreadID=189 _ThreadName=admin-thread-pool::admin-listener(2)] [timeMillis: 1764889111406] [levelValue: 800] [[
  Inventarios-1.0-SNAPSHOT was successfully deployed in 559 milliseconds.]]

[2025-12-04T16:59:22.211-0600] [Payara 7.2025.1] [ADVERTENCIA] [] [jakarta.enterprise.web.util] [tid: _ThreadID=152 _ThreadName=admin-thread-pool::admin-listener(1)] [timeMillis: 1764889162211] [levelValue: 900] [[
  The web application [/Inventarios] registered the JDBC driver [com.mysql.cj.jdbc.Driver] but failed to unregister it when the web application was stopped. To prevent a memory leak, the JDBC Driver has been forcibly unregistered.]]

[2025-12-04T16:59:22.531-0600] [Payara 7.2025.1] [INFORMACIÓN] [] [javax.enterprise.system.core] [tid: _ThreadID=189 _ThreadName=admin-thread-pool::admin-listener(2)] [timeMillis: 1764889162531] [levelValue: 800] [[
  No deployment transformer implementation found.]]

[2025-12-04T16:59:22.639-0600] [Payara 7.2025.1] [INFORMACIÓN] [] [org.eclipse.persistence.session./file:/C:/Users/SISTEMAS DESARROLLO2/Documents/NetBeansProjects/Inventarios/target/Inventarios-1.0-SNAPSHOT/WEB-INF/classes/_my_persistence_unit] [tid: _ThreadID=189 _ThreadName=admin-thread-pool::admin-listener(2)] [timeMillis: 1764889162639] [levelValue: 800] [[
  EclipseLink, version: Eclipse Persistence Services - 5.0.0-B08.payara-p1.v202511041741-60b8f7dca8141786130b4d36785fdcc926eb8cff]]

[2025-12-04T16:59:22.815-0600] [Payara 7.2025.1] [INFORMACIÓN] [] [org.eclipse.krazo.servlet.KrazoContainerInitializer] [tid: _ThreadID=189 _ThreadName=admin-thread-pool::admin-listener(2)] [timeMillis: 1764889162815] [levelValue: 800] [[
  Eclipse Krazo version 4.0.0 started]]

[2025-12-04T16:59:22.838-0600] [Payara 7.2025.1] [INFORMACIÓN] [] [org.glassfish.soteria.servlet.SamRegistrationInstaller] [tid: _ThreadID=189 _ThreadName=admin-thread-pool::admin-listener(2)] [timeMillis: 1764889162838] [levelValue: 800] [[
  Initializing Soteria 4.0.1.payara-p1 for context '/Inventarios']]

[2025-12-04T16:59:22.892-0600] [Payara 7.2025.1] [INFORMACIÓN] [AS-WEB-GLUE-00172] [jakarta.enterprise.web] [tid: _ThreadID=189 _ThreadName=admin-thread-pool::admin-listener(2)] [timeMillis: 1764889162892] [levelValue: 800] [[
  Loading application [Inventarios-1.0-SNAPSHOT] at [/Inventarios]]]

[2025-12-04T16:59:22.919-0600] [Payara 7.2025.1] [INFORMACIÓN] [] [javax.enterprise.system.core] [tid: _ThreadID=189 _ThreadName=admin-thread-pool::admin-listener(2)] [timeMillis: 1764889162919] [levelValue: 800] [[
  Inventarios-1.0-SNAPSHOT was successfully deployed in 539 milliseconds.]]

[2025-12-04T17:00:45.963-0600] [Payara 7.2025.1] [ADVERTENCIA] [] [jakarta.enterprise.web.util] [tid: _ThreadID=189 _ThreadName=admin-thread-pool::admin-listener(2)] [timeMillis: 1764889245963] [levelValue: 900] [[
  The web application [/Inventarios] registered the JDBC driver [com.mysql.cj.jdbc.Driver] but failed to unregister it when the web application was stopped. To prevent a memory leak, the JDBC Driver has been forcibly unregistered.]]

[2025-12-04T17:00:54.107-0600] [Payara 7.2025.1] [INFORMACIÓN] [] [javax.enterprise.system.core] [tid: _ThreadID=197 _ThreadName=admin-thread-pool::admin-listener(3)] [timeMillis: 1764889254107] [levelValue: 800] [[
  No deployment transformer implementation found.]]

[2025-12-04T17:00:54.216-0600] [Payara 7.2025.1] [INFORMACIÓN] [] [org.eclipse.persistence.session./file:/C:/Users/SISTEMAS DESARROLLO2/Documents/NetBeansProjects/Inventarios/target/Inventarios-1.0-SNAPSHOT/WEB-INF/classes/_my_persistence_unit] [tid: _ThreadID=197 _ThreadName=admin-thread-pool::admin-listener(3)] [timeMillis: 1764889254216] [levelValue: 800] [[
  EclipseLink, version: Eclipse Persistence Services - 5.0.0-B08.payara-p1.v202511041741-60b8f7dca8141786130b4d36785fdcc926eb8cff]]

[2025-12-04T17:00:54.407-0600] [Payara 7.2025.1] [INFORMACIÓN] [] [org.eclipse.krazo.servlet.KrazoContainerInitializer] [tid: _ThreadID=197 _ThreadName=admin-thread-pool::admin-listener(3)] [timeMillis: 1764889254407] [levelValue: 800] [[
  Eclipse Krazo version 4.0.0 started]]

[2025-12-04T17:00:54.433-0600] [Payara 7.2025.1] [INFORMACIÓN] [] [org.glassfish.soteria.servlet.SamRegistrationInstaller] [tid: _ThreadID=197 _ThreadName=admin-thread-pool::admin-listener(3)] [timeMillis: 1764889254433] [levelValue: 800] [[
  Initializing Soteria 4.0.1.payara-p1 for context '/Inventarios']]

[2025-12-04T17:00:54.493-0600] [Payara 7.2025.1] [INFORMACIÓN] [AS-WEB-GLUE-00172] [jakarta.enterprise.web] [tid: _ThreadID=197 _ThreadName=admin-thread-pool::admin-listener(3)] [timeMillis: 1764889254493] [levelValue: 800] [[
  Loading application [Inventarios-1.0-SNAPSHOT] at [/Inventarios]]]

[2025-12-04T17:00:54.539-0600] [Payara 7.2025.1] [INFORMACIÓN] [] [javax.enterprise.system.core] [tid: _ThreadID=197 _ThreadName=admin-thread-pool::admin-listener(3)] [timeMillis: 1764889254539] [levelValue: 800] [[
  Inventarios-1.0-SNAPSHOT was successfully deployed in 578 milliseconds.]]

[2025-12-04T17:03:16.078-0600] [Payara 7.2025.1] [ADVERTENCIA] [] [jakarta.enterprise.web.util] [tid: _ThreadID=152 _ThreadName=admin-thread-pool::admin-listener(1)] [timeMillis: 1764889396078] [levelValue: 900] [[
  The web application [/Inventarios] registered the JDBC driver [com.mysql.cj.jdbc.Driver] but failed to unregister it when the web application was stopped. To prevent a memory leak, the JDBC Driver has been forcibly unregistered.]]

[2025-12-04T17:03:16.492-0600] [Payara 7.2025.1] [INFORMACIÓN] [] [javax.enterprise.system.core] [tid: _ThreadID=202 _ThreadName=admin-thread-pool::admin-listener(4)] [timeMillis: 1764889396492] [levelValue: 800] [[
  No deployment transformer implementation found.]]

[2025-12-04T17:03:16.606-0600] [Payara 7.2025.1] [INFORMACIÓN] [] [org.eclipse.persistence.session./file:/C:/Users/SISTEMAS DESARROLLO2/Documents/NetBeansProjects/Inventarios/target/Inventarios-1.0-SNAPSHOT/WEB-INF/classes/_my_persistence_unit] [tid: _ThreadID=202 _ThreadName=admin-thread-pool::admin-listener(4)] [timeMillis: 1764889396606] [levelValue: 800] [[
  EclipseLink, version: Eclipse Persistence Services - 5.0.0-B08.payara-p1.v202511041741-60b8f7dca8141786130b4d36785fdcc926eb8cff]]

[2025-12-04T17:03:16.817-0600] [Payara 7.2025.1] [INFORMACIÓN] [] [org.eclipse.krazo.servlet.KrazoContainerInitializer] [tid: _ThreadID=202 _ThreadName=admin-thread-pool::admin-listener(4)] [timeMillis: 1764889396817] [levelValue: 800] [[
  Eclipse Krazo version 4.0.0 started]]

[2025-12-04T17:03:16.841-0600] [Payara 7.2025.1] [INFORMACIÓN] [] [org.glassfish.soteria.servlet.SamRegistrationInstaller] [tid: _ThreadID=202 _ThreadName=admin-thread-pool::admin-listener(4)] [timeMillis: 1764889396841] [levelValue: 800] [[
  Initializing Soteria 4.0.1.payara-p1 for context '/Inventarios']]

[2025-12-04T17:03:16.907-0600] [Payara 7.2025.1] [INFORMACIÓN] [AS-WEB-GLUE-00172] [jakarta.enterprise.web] [tid: _ThreadID=202 _ThreadName=admin-thread-pool::admin-listener(4)] [timeMillis: 1764889396907] [levelValue: 800] [[
  Loading application [Inventarios-1.0-SNAPSHOT] at [/Inventarios]]]

[2025-12-04T17:03:16.965-0600] [Payara 7.2025.1] [INFORMACIÓN] [] [javax.enterprise.system.core] [tid: _ThreadID=202 _ThreadName=admin-thread-pool::admin-listener(4)] [timeMillis: 1764889396965] [levelValue: 800] [[
  Inventarios-1.0-SNAPSHOT was successfully deployed in 654 milliseconds.]]

[2025-12-04T17:06:42.694-0600] [Payara 7.2025.1] [ADVERTENCIA] [] [jakarta.enterprise.web.util] [tid: _ThreadID=152 _ThreadName=admin-thread-pool::admin-listener(1)] [timeMillis: 1764889602694] [levelValue: 900] [[
  The web application [/Inventarios] registered the JDBC driver [com.mysql.cj.jdbc.Driver] but failed to unregister it when the web application was stopped. To prevent a memory leak, the JDBC Driver has been forcibly unregistered.]]

[2025-12-04T17:06:43.068-0600] [Payara 7.2025.1] [INFORMACIÓN] [] [javax.enterprise.system.core] [tid: _ThreadID=202 _ThreadName=admin-thread-pool::admin-listener(4)] [timeMillis: 1764889603068] [levelValue: 800] [[
  No deployment transformer implementation found.]]

[2025-12-04T17:06:43.181-0600] [Payara 7.2025.1] [INFORMACIÓN] [] [org.eclipse.persistence.session./file:/C:/Users/SISTEMAS DESARROLLO2/Documents/NetBeansProjects/Inventarios/target/Inventarios-1.0-SNAPSHOT/WEB-INF/classes/_my_persistence_unit] [tid: _ThreadID=202 _ThreadName=admin-thread-pool::admin-listener(4)] [timeMillis: 1764889603181] [levelValue: 800] [[
  EclipseLink, version: Eclipse Persistence Services - 5.0.0-B08.payara-p1.v202511041741-60b8f7dca8141786130b4d36785fdcc926eb8cff]]

[2025-12-04T17:06:43.367-0600] [Payara 7.2025.1] [INFORMACIÓN] [] [org.eclipse.krazo.servlet.KrazoContainerInitializer] [tid: _ThreadID=202 _ThreadName=admin-thread-pool::admin-listener(4)] [timeMillis: 1764889603367] [levelValue: 800] [[
  Eclipse Krazo version 4.0.0 started]]

[2025-12-04T17:06:43.390-0600] [Payara 7.2025.1] [INFORMACIÓN] [] [org.glassfish.soteria.servlet.SamRegistrationInstaller] [tid: _ThreadID=202 _ThreadName=admin-thread-pool::admin-listener(4)] [timeMillis: 1764889603390] [levelValue: 800] [[
  Initializing Soteria 4.0.1.payara-p1 for context '/Inventarios']]

[2025-12-04T17:06:43.443-0600] [Payara 7.2025.1] [INFORMACIÓN] [AS-WEB-GLUE-00172] [jakarta.enterprise.web] [tid: _ThreadID=202 _ThreadName=admin-thread-pool::admin-listener(4)] [timeMillis: 1764889603443] [levelValue: 800] [[
  Loading application [Inventarios-1.0-SNAPSHOT] at [/Inventarios]]]

[2025-12-04T17:06:43.470-0600] [Payara 7.2025.1] [INFORMACIÓN] [] [javax.enterprise.system.core] [tid: _ThreadID=202 _ThreadName=admin-thread-pool::admin-listener(4)] [timeMillis: 1764889603470] [levelValue: 800] [[
  Inventarios-1.0-SNAPSHOT was successfully deployed in 569 milliseconds.]]

[2025-12-04T17:07:07.555-0600] [Payara 7.2025.1] [ADVERTENCIA] [] [jakarta.enterprise.web.util] [tid: _ThreadID=197 _ThreadName=admin-thread-pool::admin-listener(3)] [timeMillis: 1764889627555] [levelValue: 900] [[
  The web application [/Inventarios] registered the JDBC driver [com.mysql.cj.jdbc.Driver] but failed to unregister it when the web application was stopped. To prevent a memory leak, the JDBC Driver has been forcibly unregistered.]]

[2025-12-04T17:07:07.921-0600] [Payara 7.2025.1] [INFORMACIÓN] [] [javax.enterprise.system.core] [tid: _ThreadID=152 _ThreadName=admin-thread-pool::admin-listener(1)] [timeMillis: 1764889627921] [levelValue: 800] [[
  No deployment transformer implementation found.]]

[2025-12-04T17:07:08.026-0600] [Payara 7.2025.1] [INFORMACIÓN] [] [org.eclipse.persistence.session./file:/C:/Users/SISTEMAS DESARROLLO2/Documents/NetBeansProjects/Inventarios/target/Inventarios-1.0-SNAPSHOT/WEB-INF/classes/_my_persistence_unit] [tid: _ThreadID=152 _ThreadName=admin-thread-pool::admin-listener(1)] [timeMillis: 1764889628026] [levelValue: 800] [[
  EclipseLink, version: Eclipse Persistence Services - 5.0.0-B08.payara-p1.v202511041741-60b8f7dca8141786130b4d36785fdcc926eb8cff]]

[2025-12-04T17:07:08.212-0600] [Payara 7.2025.1] [INFORMACIÓN] [] [org.eclipse.krazo.servlet.KrazoContainerInitializer] [tid: _ThreadID=152 _ThreadName=admin-thread-pool::admin-listener(1)] [timeMillis: 1764889628212] [levelValue: 800] [[
  Eclipse Krazo version 4.0.0 started]]

[2025-12-04T17:07:08.237-0600] [Payara 7.2025.1] [INFORMACIÓN] [] [org.glassfish.soteria.servlet.SamRegistrationInstaller] [tid: _ThreadID=152 _ThreadName=admin-thread-pool::admin-listener(1)] [timeMillis: 1764889628237] [levelValue: 800] [[
  Initializing Soteria 4.0.1.payara-p1 for context '/Inventarios']]

[2025-12-04T17:07:08.293-0600] [Payara 7.2025.1] [INFORMACIÓN] [AS-WEB-GLUE-00172] [jakarta.enterprise.web] [tid: _ThreadID=152 _ThreadName=admin-thread-pool::admin-listener(1)] [timeMillis: 1764889628293] [levelValue: 800] [[
  Loading application [Inventarios-1.0-SNAPSHOT] at [/Inventarios]]]

[2025-12-04T17:07:08.323-0600] [Payara 7.2025.1] [INFORMACIÓN] [] [javax.enterprise.system.core] [tid: _ThreadID=152 _ThreadName=admin-thread-pool::admin-listener(1)] [timeMillis: 1764889628323] [levelValue: 800] [[
  Inventarios-1.0-SNAPSHOT was successfully deployed in 559 milliseconds.]]

[2025-12-04T17:09:28.518-0600] [Payara 7.2025.1] [ADVERTENCIA] [] [jakarta.enterprise.web.util] [tid: _ThreadID=197 _ThreadName=admin-thread-pool::admin-listener(3)] [timeMillis: 1764889768518] [levelValue: 900] [[
  The web application [/Inventarios] registered the JDBC driver [com.mysql.cj.jdbc.Driver] but failed to unregister it when the web application was stopped. To prevent a memory leak, the JDBC Driver has been forcibly unregistered.]]

[2025-12-04T17:09:28.848-0600] [Payara 7.2025.1] [INFORMACIÓN] [] [javax.enterprise.system.core] [tid: _ThreadID=189 _ThreadName=admin-thread-pool::admin-listener(2)] [timeMillis: 1764889768848] [levelValue: 800] [[
  No deployment transformer implementation found.]]

[2025-12-04T17:09:28.945-0600] [Payara 7.2025.1] [INFORMACIÓN] [] [org.eclipse.persistence.session./file:/C:/Users/SISTEMAS DESARROLLO2/Documents/NetBeansProjects/Inventarios/target/Inventarios-1.0-SNAPSHOT/WEB-INF/classes/_my_persistence_unit] [tid: _ThreadID=189 _ThreadName=admin-thread-pool::admin-listener(2)] [timeMillis: 1764889768945] [levelValue: 800] [[
  EclipseLink, version: Eclipse Persistence Services - 5.0.0-B08.payara-p1.v202511041741-60b8f7dca8141786130b4d36785fdcc926eb8cff]]

[2025-12-04T17:09:29.144-0600] [Payara 7.2025.1] [INFORMACIÓN] [] [org.eclipse.krazo.servlet.KrazoContainerInitializer] [tid: _ThreadID=189 _ThreadName=admin-thread-pool::admin-listener(2)] [timeMillis: 1764889769144] [levelValue: 800] [[
  Eclipse Krazo version 4.0.0 started]]

[2025-12-04T17:09:29.168-0600] [Payara 7.2025.1] [INFORMACIÓN] [] [org.glassfish.soteria.servlet.SamRegistrationInstaller] [tid: _ThreadID=189 _ThreadName=admin-thread-pool::admin-listener(2)] [timeMillis: 1764889769168] [levelValue: 800] [[
  Initializing Soteria 4.0.1.payara-p1 for context '/Inventarios']]

[2025-12-04T17:09:29.238-0600] [Payara 7.2025.1] [INFORMACIÓN] [AS-WEB-GLUE-00172] [jakarta.enterprise.web] [tid: _ThreadID=189 _ThreadName=admin-thread-pool::admin-listener(2)] [timeMillis: 1764889769238] [levelValue: 800] [[
  Loading application [Inventarios-1.0-SNAPSHOT] at [/Inventarios]]]

[2025-12-04T17:09:29.279-0600] [Payara 7.2025.1] [INFORMACIÓN] [] [javax.enterprise.system.core] [tid: _ThreadID=189 _ThreadName=admin-thread-pool::admin-listener(2)] [timeMillis: 1764889769279] [levelValue: 800] [[
  Inventarios-1.0-SNAPSHOT was successfully deployed in 567 milliseconds.]]

[2025-12-04T17:11:17.639-0600] [Payara 7.2025.1] [ADVERTENCIA] [] [jakarta.enterprise.web.util] [tid: _ThreadID=197 _ThreadName=admin-thread-pool::admin-listener(3)] [timeMillis: 1764889877639] [levelValue: 900] [[
  The web application [/Inventarios] registered the JDBC driver [com.mysql.cj.jdbc.Driver] but failed to unregister it when the web application was stopped. To prevent a memory leak, the JDBC Driver has been forcibly unregistered.]]

[2025-12-04T17:11:25.006-0600] [Payara 7.2025.1] [INFORMACIÓN] [] [javax.enterprise.system.core] [tid: _ThreadID=202 _ThreadName=admin-thread-pool::admin-listener(4)] [timeMillis: 1764889885006] [levelValue: 800] [[
  No deployment transformer implementation found.]]

[2025-12-04T17:11:25.110-0600] [Payara 7.2025.1] [INFORMACIÓN] [] [org.eclipse.persistence.session./file:/C:/Users/SISTEMAS DESARROLLO2/Documents/NetBeansProjects/Inventarios/target/Inventarios-1.0-SNAPSHOT/WEB-INF/classes/_my_persistence_unit] [tid: _ThreadID=202 _ThreadName=admin-thread-pool::admin-listener(4)] [timeMillis: 1764889885110] [levelValue: 800] [[
  EclipseLink, version: Eclipse Persistence Services - 5.0.0-B08.payara-p1.v202511041741-60b8f7dca8141786130b4d36785fdcc926eb8cff]]

[2025-12-04T17:11:25.298-0600] [Payara 7.2025.1] [INFORMACIÓN] [] [org.eclipse.krazo.servlet.KrazoContainerInitializer] [tid: _ThreadID=202 _ThreadName=admin-thread-pool::admin-listener(4)] [timeMillis: 1764889885298] [levelValue: 800] [[
  Eclipse Krazo version 4.0.0 started]]

[2025-12-04T17:11:25.322-0600] [Payara 7.2025.1] [INFORMACIÓN] [] [org.glassfish.soteria.servlet.SamRegistrationInstaller] [tid: _ThreadID=202 _ThreadName=admin-thread-pool::admin-listener(4)] [timeMillis: 1764889885322] [levelValue: 800] [[
  Initializing Soteria 4.0.1.payara-p1 for context '/Inventarios']]

[2025-12-04T17:11:25.396-0600] [Payara 7.2025.1] [INFORMACIÓN] [AS-WEB-GLUE-00172] [jakarta.enterprise.web] [tid: _ThreadID=202 _ThreadName=admin-thread-pool::admin-listener(4)] [timeMillis: 1764889885396] [levelValue: 800] [[
  Loading application [Inventarios-1.0-SNAPSHOT] at [/Inventarios]]]

[2025-12-04T17:11:25.424-0600] [Payara 7.2025.1] [INFORMACIÓN] [] [javax.enterprise.system.core] [tid: _ThreadID=202 _ThreadName=admin-thread-pool::admin-listener(4)] [timeMillis: 1764889885424] [levelValue: 800] [[
  Inventarios-1.0-SNAPSHOT was successfully deployed in 579 milliseconds.]]

[2025-12-04T17:12:06.571-0600] [Payara 7.2025.1] [ADVERTENCIA] [] [jakarta.enterprise.web.util] [tid: _ThreadID=189 _ThreadName=admin-thread-pool::admin-listener(2)] [timeMillis: 1764889926571] [levelValue: 900] [[
  The web application [/Inventarios] registered the JDBC driver [com.mysql.cj.jdbc.Driver] but failed to unregister it when the web application was stopped. To prevent a memory leak, the JDBC Driver has been forcibly unregistered.]]

[2025-12-04T17:12:07.009-0600] [Payara 7.2025.1] [INFORMACIÓN] [] [javax.enterprise.system.core] [tid: _ThreadID=197 _ThreadName=admin-thread-pool::admin-listener(3)] [timeMillis: 1764889927009] [levelValue: 800] [[
  No deployment transformer implementation found.]]

[2025-12-04T17:12:07.155-0600] [Payara 7.2025.1] [INFORMACIÓN] [] [org.eclipse.persistence.session./file:/C:/Users/SISTEMAS DESARROLLO2/Documents/NetBeansProjects/Inventarios/target/Inventarios-1.0-SNAPSHOT/WEB-INF/classes/_my_persistence_unit] [tid: _ThreadID=197 _ThreadName=admin-thread-pool::admin-listener(3)] [timeMillis: 1764889927155] [levelValue: 800] [[
  EclipseLink, version: Eclipse Persistence Services - 5.0.0-B08.payara-p1.v202511041741-60b8f7dca8141786130b4d36785fdcc926eb8cff]]

[2025-12-04T17:12:07.381-0600] [Payara 7.2025.1] [INFORMACIÓN] [] [org.eclipse.krazo.servlet.KrazoContainerInitializer] [tid: _ThreadID=197 _ThreadName=admin-thread-pool::admin-listener(3)] [timeMillis: 1764889927381] [levelValue: 800] [[
  Eclipse Krazo version 4.0.0 started]]

[2025-12-04T17:12:07.408-0600] [Payara 7.2025.1] [INFORMACIÓN] [] [org.glassfish.soteria.servlet.SamRegistrationInstaller] [tid: _ThreadID=197 _ThreadName=admin-thread-pool::admin-listener(3)] [timeMillis: 1764889927408] [levelValue: 800] [[
  Initializing Soteria 4.0.1.payara-p1 for context '/Inventarios']]

[2025-12-04T17:12:07.473-0600] [Payara 7.2025.1] [INFORMACIÓN] [AS-WEB-GLUE-00172] [jakarta.enterprise.web] [tid: _ThreadID=197 _ThreadName=admin-thread-pool::admin-listener(3)] [timeMillis: 1764889927473] [levelValue: 800] [[
  Loading application [Inventarios-1.0-SNAPSHOT] at [/Inventarios]]]

[2025-12-04T17:12:07.509-0600] [Payara 7.2025.1] [INFORMACIÓN] [] [javax.enterprise.system.core] [tid: _ThreadID=197 _ThreadName=admin-thread-pool::admin-listener(3)] [timeMillis: 1764889927509] [levelValue: 800] [[
  Inventarios-1.0-SNAPSHOT was successfully deployed in 723 milliseconds.]]

[2025-12-04T17:12:50.686-0600] [Payara 7.2025.1] [ADVERTENCIA] [] [jakarta.enterprise.web.util] [tid: _ThreadID=202 _ThreadName=admin-thread-pool::admin-listener(4)] [timeMillis: 1764889970686] [levelValue: 900] [[
  The web application [/Inventarios] registered the JDBC driver [com.mysql.cj.jdbc.Driver] but failed to unregister it when the web application was stopped. To prevent a memory leak, the JDBC Driver has been forcibly unregistered.]]

[2025-12-04T17:12:51.047-0600] [Payara 7.2025.1] [INFORMACIÓN] [] [javax.enterprise.system.core] [tid: _ThreadID=152 _ThreadName=admin-thread-pool::admin-listener(1)] [timeMillis: 1764889971047] [levelValue: 800] [[
  No deployment transformer implementation found.]]

[2025-12-04T17:12:51.170-0600] [Payara 7.2025.1] [INFORMACIÓN] [] [org.eclipse.persistence.session./file:/C:/Users/SISTEMAS DESARROLLO2/Documents/NetBeansProjects/Inventarios/target/Inventarios-1.0-SNAPSHOT/WEB-INF/classes/_my_persistence_unit] [tid: _ThreadID=152 _ThreadName=admin-thread-pool::admin-listener(1)] [timeMillis: 1764889971170] [levelValue: 800] [[
  EclipseLink, version: Eclipse Persistence Services - 5.0.0-B08.payara-p1.v202511041741-60b8f7dca8141786130b4d36785fdcc926eb8cff]]

[2025-12-04T17:12:51.391-0600] [Payara 7.2025.1] [INFORMACIÓN] [] [org.eclipse.krazo.servlet.KrazoContainerInitializer] [tid: _ThreadID=152 _ThreadName=admin-thread-pool::admin-listener(1)] [timeMillis: 1764889971391] [levelValue: 800] [[
  Eclipse Krazo version 4.0.0 started]]

[2025-12-04T17:12:51.418-0600] [Payara 7.2025.1] [INFORMACIÓN] [] [org.glassfish.soteria.servlet.SamRegistrationInstaller] [tid: _ThreadID=152 _ThreadName=admin-thread-pool::admin-listener(1)] [timeMillis: 1764889971418] [levelValue: 800] [[
  Initializing Soteria 4.0.1.payara-p1 for context '/Inventarios']]

[2025-12-04T17:12:51.477-0600] [Payara 7.2025.1] [INFORMACIÓN] [AS-WEB-GLUE-00172] [jakarta.enterprise.web] [tid: _ThreadID=152 _ThreadName=admin-thread-pool::admin-listener(1)] [timeMillis: 1764889971477] [levelValue: 800] [[
  Loading application [Inventarios-1.0-SNAPSHOT] at [/Inventarios]]]

[2025-12-04T17:12:51.519-0600] [Payara 7.2025.1] [INFORMACIÓN] [] [javax.enterprise.system.core] [tid: _ThreadID=152 _ThreadName=admin-thread-pool::admin-listener(1)] [timeMillis: 1764889971519] [levelValue: 800] [[
  Inventarios-1.0-SNAPSHOT was successfully deployed in 623 milliseconds.]]

[2025-12-04T17:14:14.561-0600] [Payara 7.2025.1] [ADVERTENCIA] [] [jakarta.enterprise.web.util] [tid: _ThreadID=152 _ThreadName=admin-thread-pool::admin-listener(1)] [timeMillis: 1764890054561] [levelValue: 900] [[
  The web application [/Inventarios] registered the JDBC driver [com.mysql.cj.jdbc.Driver] but failed to unregister it when the web application was stopped. To prevent a memory leak, the JDBC Driver has been forcibly unregistered.]]

[2025-12-04T17:14:14.994-0600] [Payara 7.2025.1] [INFORMACIÓN] [] [javax.enterprise.system.core] [tid: _ThreadID=189 _ThreadName=admin-thread-pool::admin-listener(2)] [timeMillis: 1764890054994] [levelValue: 800] [[
  No deployment transformer implementation found.]]

[2025-12-04T17:14:15.106-0600] [Payara 7.2025.1] [INFORMACIÓN] [] [org.eclipse.persistence.session./file:/C:/Users/SISTEMAS DESARROLLO2/Documents/NetBeansProjects/Inventarios/target/Inventarios-1.0-SNAPSHOT/WEB-INF/classes/_my_persistence_unit] [tid: _ThreadID=189 _ThreadName=admin-thread-pool::admin-listener(2)] [timeMillis: 1764890055106] [levelValue: 800] [[
  EclipseLink, version: Eclipse Persistence Services - 5.0.0-B08.payara-p1.v202511041741-60b8f7dca8141786130b4d36785fdcc926eb8cff]]

[2025-12-04T17:14:15.282-0600] [Payara 7.2025.1] [INFORMACIÓN] [] [org.eclipse.krazo.servlet.KrazoContainerInitializer] [tid: _ThreadID=189 _ThreadName=admin-thread-pool::admin-listener(2)] [timeMillis: 1764890055282] [levelValue: 800] [[
  Eclipse Krazo version 4.0.0 started]]

[2025-12-04T17:14:15.304-0600] [Payara 7.2025.1] [INFORMACIÓN] [] [org.glassfish.soteria.servlet.SamRegistrationInstaller] [tid: _ThreadID=189 _ThreadName=admin-thread-pool::admin-listener(2)] [timeMillis: 1764890055304] [levelValue: 800] [[
  Initializing Soteria 4.0.1.payara-p1 for context '/Inventarios']]

[2025-12-04T17:14:15.359-0600] [Payara 7.2025.1] [INFORMACIÓN] [AS-WEB-GLUE-00172] [jakarta.enterprise.web] [tid: _ThreadID=189 _ThreadName=admin-thread-pool::admin-listener(2)] [timeMillis: 1764890055359] [levelValue: 800] [[
  Loading application [Inventarios-1.0-SNAPSHOT] at [/Inventarios]]]

[2025-12-04T17:14:15.390-0600] [Payara 7.2025.1] [INFORMACIÓN] [] [javax.enterprise.system.core] [tid: _ThreadID=189 _ThreadName=admin-thread-pool::admin-listener(2)] [timeMillis: 1764890055390] [levelValue: 800] [[
  Inventarios-1.0-SNAPSHOT was successfully deployed in 617 milliseconds.]]

[2025-12-04T17:17:44.708-0600] [Payara 7.2025.1] [ADVERTENCIA] [] [jakarta.enterprise.web.util] [tid: _ThreadID=189 _ThreadName=admin-thread-pool::admin-listener(2)] [timeMillis: 1764890264708] [levelValue: 900] [[
  The web application [/Inventarios] registered the JDBC driver [com.mysql.cj.jdbc.Driver] but failed to unregister it when the web application was stopped. To prevent a memory leak, the JDBC Driver has been forcibly unregistered.]]

[2025-12-04T17:17:45.057-0600] [Payara 7.2025.1] [INFORMACIÓN] [] [javax.enterprise.system.core] [tid: _ThreadID=197 _ThreadName=admin-thread-pool::admin-listener(3)] [timeMillis: 1764890265057] [levelValue: 800] [[
  No deployment transformer implementation found.]]

[2025-12-04T17:17:45.162-0600] [Payara 7.2025.1] [INFORMACIÓN] [] [org.eclipse.persistence.session./file:/C:/Users/SISTEMAS DESARROLLO2/Documents/NetBeansProjects/Inventarios/target/Inventarios-1.0-SNAPSHOT/WEB-INF/classes/_my_persistence_unit] [tid: _ThreadID=197 _ThreadName=admin-thread-pool::admin-listener(3)] [timeMillis: 1764890265162] [levelValue: 800] [[
  EclipseLink, version: Eclipse Persistence Services - 5.0.0-B08.payara-p1.v202511041741-60b8f7dca8141786130b4d36785fdcc926eb8cff]]

[2025-12-04T17:17:45.340-0600] [Payara 7.2025.1] [INFORMACIÓN] [] [org.eclipse.krazo.servlet.KrazoContainerInitializer] [tid: _ThreadID=197 _ThreadName=admin-thread-pool::admin-listener(3)] [timeMillis: 1764890265340] [levelValue: 800] [[
  Eclipse Krazo version 4.0.0 started]]

[2025-12-04T17:17:45.363-0600] [Payara 7.2025.1] [INFORMACIÓN] [] [org.glassfish.soteria.servlet.SamRegistrationInstaller] [tid: _ThreadID=197 _ThreadName=admin-thread-pool::admin-listener(3)] [timeMillis: 1764890265363] [levelValue: 800] [[
  Initializing Soteria 4.0.1.payara-p1 for context '/Inventarios']]

[2025-12-04T17:17:45.412-0600] [Payara 7.2025.1] [INFORMACIÓN] [AS-WEB-GLUE-00172] [jakarta.enterprise.web] [tid: _ThreadID=197 _ThreadName=admin-thread-pool::admin-listener(3)] [timeMillis: 1764890265412] [levelValue: 800] [[
  Loading application [Inventarios-1.0-SNAPSHOT] at [/Inventarios]]]

[2025-12-04T17:17:45.441-0600] [Payara 7.2025.1] [INFORMACIÓN] [] [javax.enterprise.system.core] [tid: _ThreadID=197 _ThreadName=admin-thread-pool::admin-listener(3)] [timeMillis: 1764890265441] [levelValue: 800] [[
  Inventarios-1.0-SNAPSHOT was successfully deployed in 551 milliseconds.]]

[2025-12-04T17:20:20.500-0600] [Payara 7.2025.1] [ADVERTENCIA] [] [jakarta.enterprise.web.util] [tid: _ThreadID=152 _ThreadName=admin-thread-pool::admin-listener(1)] [timeMillis: 1764890420500] [levelValue: 900] [[
  The web application [/Inventarios] registered the JDBC driver [com.mysql.cj.jdbc.Driver] but failed to unregister it when the web application was stopped. To prevent a memory leak, the JDBC Driver has been forcibly unregistered.]]

[2025-12-04T17:20:20.844-0600] [Payara 7.2025.1] [INFORMACIÓN] [] [javax.enterprise.system.core] [tid: _ThreadID=202 _ThreadName=admin-thread-pool::admin-listener(4)] [timeMillis: 1764890420844] [levelValue: 800] [[
  No deployment transformer implementation found.]]

[2025-12-04T17:20:20.950-0600] [Payara 7.2025.1] [INFORMACIÓN] [] [org.eclipse.persistence.session./file:/C:/Users/SISTEMAS DESARROLLO2/Documents/NetBeansProjects/Inventarios/target/Inventarios-1.0-SNAPSHOT/WEB-INF/classes/_my_persistence_unit] [tid: _ThreadID=202 _ThreadName=admin-thread-pool::admin-listener(4)] [timeMillis: 1764890420950] [levelValue: 800] [[
  EclipseLink, version: Eclipse Persistence Services - 5.0.0-B08.payara-p1.v202511041741-60b8f7dca8141786130b4d36785fdcc926eb8cff]]

[2025-12-04T17:20:21.127-0600] [Payara 7.2025.1] [INFORMACIÓN] [] [org.eclipse.krazo.servlet.KrazoContainerInitializer] [tid: _ThreadID=202 _ThreadName=admin-thread-pool::admin-listener(4)] [timeMillis: 1764890421127] [levelValue: 800] [[
  Eclipse Krazo version 4.0.0 started]]

[2025-12-04T17:20:21.151-0600] [Payara 7.2025.1] [INFORMACIÓN] [] [org.glassfish.soteria.servlet.SamRegistrationInstaller] [tid: _ThreadID=202 _ThreadName=admin-thread-pool::admin-listener(4)] [timeMillis: 1764890421151] [levelValue: 800] [[
  Initializing Soteria 4.0.1.payara-p1 for context '/Inventarios']]

[2025-12-04T17:20:21.201-0600] [Payara 7.2025.1] [INFORMACIÓN] [AS-WEB-GLUE-00172] [jakarta.enterprise.web] [tid: _ThreadID=202 _ThreadName=admin-thread-pool::admin-listener(4)] [timeMillis: 1764890421201] [levelValue: 800] [[
  Loading application [Inventarios-1.0-SNAPSHOT] at [/Inventarios]]]

[2025-12-04T17:20:21.229-0600] [Payara 7.2025.1] [INFORMACIÓN] [] [javax.enterprise.system.core] [tid: _ThreadID=202 _ThreadName=admin-thread-pool::admin-listener(4)] [timeMillis: 1764890421229] [levelValue: 800] [[
  Inventarios-1.0-SNAPSHOT was successfully deployed in 543 milliseconds.]]

[2025-12-04T17:22:52.143-0600] [Payara 7.2025.1] [ADVERTENCIA] [] [jakarta.enterprise.web.util] [tid: _ThreadID=197 _ThreadName=admin-thread-pool::admin-listener(3)] [timeMillis: 1764890572143] [levelValue: 900] [[
  The web application [/Inventarios] registered the JDBC driver [com.mysql.cj.jdbc.Driver] but failed to unregister it when the web application was stopped. To prevent a memory leak, the JDBC Driver has been forcibly unregistered.]]

[2025-12-04T17:22:52.491-0600] [Payara 7.2025.1] [INFORMACIÓN] [] [javax.enterprise.system.core] [tid: _ThreadID=189 _ThreadName=admin-thread-pool::admin-listener(2)] [timeMillis: 1764890572491] [levelValue: 800] [[
  No deployment transformer implementation found.]]

[2025-12-04T17:22:52.599-0600] [Payara 7.2025.1] [INFORMACIÓN] [] [org.eclipse.persistence.session./file:/C:/Users/SISTEMAS DESARROLLO2/Documents/NetBeansProjects/Inventarios/target/Inventarios-1.0-SNAPSHOT/WEB-INF/classes/_my_persistence_unit] [tid: _ThreadID=189 _ThreadName=admin-thread-pool::admin-listener(2)] [timeMillis: 1764890572599] [levelValue: 800] [[
  EclipseLink, version: Eclipse Persistence Services - 5.0.0-B08.payara-p1.v202511041741-60b8f7dca8141786130b4d36785fdcc926eb8cff]]

[2025-12-04T17:22:52.788-0600] [Payara 7.2025.1] [INFORMACIÓN] [] [org.eclipse.krazo.servlet.KrazoContainerInitializer] [tid: _ThreadID=189 _ThreadName=admin-thread-pool::admin-listener(2)] [timeMillis: 1764890572788] [levelValue: 800] [[
  Eclipse Krazo version 4.0.0 started]]

[2025-12-04T17:22:52.814-0600] [Payara 7.2025.1] [INFORMACIÓN] [] [org.glassfish.soteria.servlet.SamRegistrationInstaller] [tid: _ThreadID=189 _ThreadName=admin-thread-pool::admin-listener(2)] [timeMillis: 1764890572814] [levelValue: 800] [[
  Initializing Soteria 4.0.1.payara-p1 for context '/Inventarios']]

[2025-12-04T17:22:52.875-0600] [Payara 7.2025.1] [INFORMACIÓN] [AS-WEB-GLUE-00172] [jakarta.enterprise.web] [tid: _ThreadID=189 _ThreadName=admin-thread-pool::admin-listener(2)] [timeMillis: 1764890572875] [levelValue: 800] [[
  Loading application [Inventarios-1.0-SNAPSHOT] at [/Inventarios]]]

[2025-12-04T17:22:52.917-0600] [Payara 7.2025.1] [INFORMACIÓN] [] [javax.enterprise.system.core] [tid: _ThreadID=189 _ThreadName=admin-thread-pool::admin-listener(2)] [timeMillis: 1764890572917] [levelValue: 800] [[
  Inventarios-1.0-SNAPSHOT was successfully deployed in 571 milliseconds.]]

[2025-12-04T17:25:56.862-0600] [Payara 7.2025.1] [ADVERTENCIA] [] [jakarta.enterprise.web.util] [tid: _ThreadID=202 _ThreadName=admin-thread-pool::admin-listener(4)] [timeMillis: 1764890756862] [levelValue: 900] [[
  The web application [/Inventarios] registered the JDBC driver [com.mysql.cj.jdbc.Driver] but failed to unregister it when the web application was stopped. To prevent a memory leak, the JDBC Driver has been forcibly unregistered.]]

[2025-12-04T17:25:57.211-0600] [Payara 7.2025.1] [INFORMACIÓN] [] [javax.enterprise.system.core] [tid: _ThreadID=197 _ThreadName=admin-thread-pool::admin-listener(3)] [timeMillis: 1764890757211] [levelValue: 800] [[
  No deployment transformer implementation found.]]

[2025-12-04T17:25:57.316-0600] [Payara 7.2025.1] [INFORMACIÓN] [] [org.eclipse.persistence.session./file:/C:/Users/SISTEMAS DESARROLLO2/Documents/NetBeansProjects/Inventarios/target/Inventarios-1.0-SNAPSHOT/WEB-INF/classes/_my_persistence_unit] [tid: _ThreadID=197 _ThreadName=admin-thread-pool::admin-listener(3)] [timeMillis: 1764890757316] [levelValue: 800] [[
  EclipseLink, version: Eclipse Persistence Services - 5.0.0-B08.payara-p1.v202511041741-60b8f7dca8141786130b4d36785fdcc926eb8cff]]

[2025-12-04T17:25:57.509-0600] [Payara 7.2025.1] [INFORMACIÓN] [] [org.eclipse.krazo.servlet.KrazoContainerInitializer] [tid: _ThreadID=197 _ThreadName=admin-thread-pool::admin-listener(3)] [timeMillis: 1764890757509] [levelValue: 800] [[
  Eclipse Krazo version 4.0.0 started]]

[2025-12-04T17:25:57.532-0600] [Payara 7.2025.1] [INFORMACIÓN] [] [org.glassfish.soteria.servlet.SamRegistrationInstaller] [tid: _ThreadID=197 _ThreadName=admin-thread-pool::admin-listener(3)] [timeMillis: 1764890757532] [levelValue: 800] [[
  Initializing Soteria 4.0.1.payara-p1 for context '/Inventarios']]

[2025-12-04T17:25:57.585-0600] [Payara 7.2025.1] [INFORMACIÓN] [AS-WEB-GLUE-00172] [jakarta.enterprise.web] [tid: _ThreadID=197 _ThreadName=admin-thread-pool::admin-listener(3)] [timeMillis: 1764890757585] [levelValue: 800] [[
  Loading application [Inventarios-1.0-SNAPSHOT] at [/Inventarios]]]

[2025-12-04T17:25:57.616-0600] [Payara 7.2025.1] [INFORMACIÓN] [] [javax.enterprise.system.core] [tid: _ThreadID=197 _ThreadName=admin-thread-pool::admin-listener(3)] [timeMillis: 1764890757616] [levelValue: 800] [[
  Inventarios-1.0-SNAPSHOT was successfully deployed in 559 milliseconds.]]

[2025-12-04T17:27:48.569-0600] [Payara 7.2025.1] [ADVERTENCIA] [] [jakarta.enterprise.web.util] [tid: _ThreadID=152 _ThreadName=admin-thread-pool::admin-listener(1)] [timeMillis: 1764890868569] [levelValue: 900] [[
  The web application [/Inventarios] registered the JDBC driver [com.mysql.cj.jdbc.Driver] but failed to unregister it when the web application was stopped. To prevent a memory leak, the JDBC Driver has been forcibly unregistered.]]

[2025-12-04T17:27:48.890-0600] [Payara 7.2025.1] [INFORMACIÓN] [] [javax.enterprise.system.core] [tid: _ThreadID=197 _ThreadName=admin-thread-pool::admin-listener(3)] [timeMillis: 1764890868890] [levelValue: 800] [[
  No deployment transformer implementation found.]]

[2025-12-04T17:27:48.989-0600] [Payara 7.2025.1] [INFORMACIÓN] [] [org.eclipse.persistence.session./file:/C:/Users/SISTEMAS DESARROLLO2/Documents/NetBeansProjects/Inventarios/target/Inventarios-1.0-SNAPSHOT/WEB-INF/classes/_my_persistence_unit] [tid: _ThreadID=197 _ThreadName=admin-thread-pool::admin-listener(3)] [timeMillis: 1764890868989] [levelValue: 800] [[
  EclipseLink, version: Eclipse Persistence Services - 5.0.0-B08.payara-p1.v202511041741-60b8f7dca8141786130b4d36785fdcc926eb8cff]]

[2025-12-04T17:27:49.195-0600] [Payara 7.2025.1] [INFORMACIÓN] [] [org.eclipse.krazo.servlet.KrazoContainerInitializer] [tid: _ThreadID=197 _ThreadName=admin-thread-pool::admin-listener(3)] [timeMillis: 1764890869195] [levelValue: 800] [[
  Eclipse Krazo version 4.0.0 started]]

[2025-12-04T17:27:49.217-0600] [Payara 7.2025.1] [INFORMACIÓN] [] [org.glassfish.soteria.servlet.SamRegistrationInstaller] [tid: _ThreadID=197 _ThreadName=admin-thread-pool::admin-listener(3)] [timeMillis: 1764890869217] [levelValue: 800] [[
  Initializing Soteria 4.0.1.payara-p1 for context '/Inventarios']]

[2025-12-04T17:27:49.270-0600] [Payara 7.2025.1] [INFORMACIÓN] [AS-WEB-GLUE-00172] [jakarta.enterprise.web] [tid: _ThreadID=197 _ThreadName=admin-thread-pool::admin-listener(3)] [timeMillis: 1764890869270] [levelValue: 800] [[
  Loading application [Inventarios-1.0-SNAPSHOT] at [/Inventarios]]]

[2025-12-04T17:27:49.306-0600] [Payara 7.2025.1] [INFORMACIÓN] [] [javax.enterprise.system.core] [tid: _ThreadID=197 _ThreadName=admin-thread-pool::admin-listener(3)] [timeMillis: 1764890869306] [levelValue: 800] [[
  Inventarios-1.0-SNAPSHOT was successfully deployed in 537 milliseconds.]]

[2025-12-04T17:35:44.982-0600] [Payara 7.2025.1] [ADVERTENCIA] [] [jakarta.enterprise.web.util] [tid: _ThreadID=189 _ThreadName=admin-thread-pool::admin-listener(2)] [timeMillis: 1764891344982] [levelValue: 900] [[
  The web application [/Inventarios] registered the JDBC driver [com.mysql.cj.jdbc.Driver] but failed to unregister it when the web application was stopped. To prevent a memory leak, the JDBC Driver has been forcibly unregistered.]]

[2025-12-04T17:35:45.386-0600] [Payara 7.2025.1] [INFORMACIÓN] [] [javax.enterprise.system.core] [tid: _ThreadID=202 _ThreadName=admin-thread-pool::admin-listener(4)] [timeMillis: 1764891345386] [levelValue: 800] [[
  No deployment transformer implementation found.]]

[2025-12-04T17:35:45.503-0600] [Payara 7.2025.1] [INFORMACIÓN] [] [org.eclipse.persistence.session./file:/C:/Users/SISTEMAS DESARROLLO2/Documents/NetBeansProjects/Inventarios/target/Inventarios-1.0-SNAPSHOT/WEB-INF/classes/_my_persistence_unit] [tid: _ThreadID=202 _ThreadName=admin-thread-pool::admin-listener(4)] [timeMillis: 1764891345503] [levelValue: 800] [[
  EclipseLink, version: Eclipse Persistence Services - 5.0.0-B08.payara-p1.v202511041741-60b8f7dca8141786130b4d36785fdcc926eb8cff]]

[2025-12-04T17:35:45.730-0600] [Payara 7.2025.1] [INFORMACIÓN] [] [org.eclipse.krazo.servlet.KrazoContainerInitializer] [tid: _ThreadID=202 _ThreadName=admin-thread-pool::admin-listener(4)] [timeMillis: 1764891345730] [levelValue: 800] [[
  Eclipse Krazo version 4.0.0 started]]

[2025-12-04T17:35:45.755-0600] [Payara 7.2025.1] [INFORMACIÓN] [] [org.glassfish.soteria.servlet.SamRegistrationInstaller] [tid: _ThreadID=202 _ThreadName=admin-thread-pool::admin-listener(4)] [timeMillis: 1764891345755] [levelValue: 800] [[
  Initializing Soteria 4.0.1.payara-p1 for context '/Inventarios']]

[2025-12-04T17:35:45.814-0600] [Payara 7.2025.1] [INFORMACIÓN] [AS-WEB-GLUE-00172] [jakarta.enterprise.web] [tid: _ThreadID=202 _ThreadName=admin-thread-pool::admin-listener(4)] [timeMillis: 1764891345814] [levelValue: 800] [[
  Loading application [Inventarios-1.0-SNAPSHOT] at [/Inventarios]]]

[2025-12-04T17:35:45.930-0600] [Payara 7.2025.1] [INFORMACIÓN] [] [javax.enterprise.system.core] [tid: _ThreadID=202 _ThreadName=admin-thread-pool::admin-listener(4)] [timeMillis: 1764891345930] [levelValue: 800] [[
  Inventarios-1.0-SNAPSHOT was successfully deployed in 666 milliseconds.]]

[2025-12-04T17:36:22.530-0600] [Payara 7.2025.1] [ADVERTENCIA] [] [jakarta.enterprise.web.util] [tid: _ThreadID=197 _ThreadName=admin-thread-pool::admin-listener(3)] [timeMillis: 1764891382530] [levelValue: 900] [[
  The web application [/Inventarios] registered the JDBC driver [com.mysql.cj.jdbc.Driver] but failed to unregister it when the web application was stopped. To prevent a memory leak, the JDBC Driver has been forcibly unregistered.]]

[2025-12-04T17:36:22.877-0600] [Payara 7.2025.1] [INFORMACIÓN] [] [javax.enterprise.system.core] [tid: _ThreadID=197 _ThreadName=admin-thread-pool::admin-listener(3)] [timeMillis: 1764891382877] [levelValue: 800] [[
  No deployment transformer implementation found.]]

[2025-12-04T17:36:22.983-0600] [Payara 7.2025.1] [INFORMACIÓN] [] [org.eclipse.persistence.session./file:/C:/Users/SISTEMAS DESARROLLO2/Documents/NetBeansProjects/Inventarios/target/Inventarios-1.0-SNAPSHOT/WEB-INF/classes/_my_persistence_unit] [tid: _ThreadID=197 _ThreadName=admin-thread-pool::admin-listener(3)] [timeMillis: 1764891382983] [levelValue: 800] [[
  EclipseLink, version: Eclipse Persistence Services - 5.0.0-B08.payara-p1.v202511041741-60b8f7dca8141786130b4d36785fdcc926eb8cff]]

[2025-12-04T17:36:23.153-0600] [Payara 7.2025.1] [INFORMACIÓN] [] [org.eclipse.krazo.servlet.KrazoContainerInitializer] [tid: _ThreadID=197 _ThreadName=admin-thread-pool::admin-listener(3)] [timeMillis: 1764891383153] [levelValue: 800] [[
  Eclipse Krazo version 4.0.0 started]]

[2025-12-04T17:36:23.176-0600] [Payara 7.2025.1] [INFORMACIÓN] [] [org.glassfish.soteria.servlet.SamRegistrationInstaller] [tid: _ThreadID=197 _ThreadName=admin-thread-pool::admin-listener(3)] [timeMillis: 1764891383176] [levelValue: 800] [[
  Initializing Soteria 4.0.1.payara-p1 for context '/Inventarios']]

[2025-12-04T17:36:23.226-0600] [Payara 7.2025.1] [INFORMACIÓN] [AS-WEB-GLUE-00172] [jakarta.enterprise.web] [tid: _ThreadID=197 _ThreadName=admin-thread-pool::admin-listener(3)] [timeMillis: 1764891383226] [levelValue: 800] [[
  Loading application [Inventarios-1.0-SNAPSHOT] at [/Inventarios]]]

[2025-12-04T17:36:23.253-0600] [Payara 7.2025.1] [INFORMACIÓN] [] [javax.enterprise.system.core] [tid: _ThreadID=197 _ThreadName=admin-thread-pool::admin-listener(3)] [timeMillis: 1764891383253] [levelValue: 800] [[
  Inventarios-1.0-SNAPSHOT was successfully deployed in 527 milliseconds.]]

[2025-12-04T17:37:34.757-0600] [Payara 7.2025.1] [ADVERTENCIA] [] [jakarta.enterprise.web.util] [tid: _ThreadID=197 _ThreadName=admin-thread-pool::admin-listener(3)] [timeMillis: 1764891454757] [levelValue: 900] [[
  The web application [/Inventarios] registered the JDBC driver [com.mysql.cj.jdbc.Driver] but failed to unregister it when the web application was stopped. To prevent a memory leak, the JDBC Driver has been forcibly unregistered.]]

[2025-12-04T17:37:35.112-0600] [Payara 7.2025.1] [INFORMACIÓN] [] [javax.enterprise.system.core] [tid: _ThreadID=202 _ThreadName=admin-thread-pool::admin-listener(4)] [timeMillis: 1764891455112] [levelValue: 800] [[
  No deployment transformer implementation found.]]

[2025-12-04T17:37:35.219-0600] [Payara 7.2025.1] [INFORMACIÓN] [] [org.eclipse.persistence.session./file:/C:/Users/SISTEMAS DESARROLLO2/Documents/NetBeansProjects/Inventarios/target/Inventarios-1.0-SNAPSHOT/WEB-INF/classes/_my_persistence_unit] [tid: _ThreadID=202 _ThreadName=admin-thread-pool::admin-listener(4)] [timeMillis: 1764891455219] [levelValue: 800] [[
  EclipseLink, version: Eclipse Persistence Services - 5.0.0-B08.payara-p1.v202511041741-60b8f7dca8141786130b4d36785fdcc926eb8cff]]

[2025-12-04T17:37:35.395-0600] [Payara 7.2025.1] [INFORMACIÓN] [] [org.eclipse.krazo.servlet.KrazoContainerInitializer] [tid: _ThreadID=202 _ThreadName=admin-thread-pool::admin-listener(4)] [timeMillis: 1764891455395] [levelValue: 800] [[
  Eclipse Krazo version 4.0.0 started]]

[2025-12-04T17:37:35.417-0600] [Payara 7.2025.1] [INFORMACIÓN] [] [org.glassfish.soteria.servlet.SamRegistrationInstaller] [tid: _ThreadID=202 _ThreadName=admin-thread-pool::admin-listener(4)] [timeMillis: 1764891455417] [levelValue: 800] [[
  Initializing Soteria 4.0.1.payara-p1 for context '/Inventarios']]

[2025-12-04T17:37:35.466-0600] [Payara 7.2025.1] [INFORMACIÓN] [AS-WEB-GLUE-00172] [jakarta.enterprise.web] [tid: _ThreadID=202 _ThreadName=admin-thread-pool::admin-listener(4)] [timeMillis: 1764891455466] [levelValue: 800] [[
  Loading application [Inventarios-1.0-SNAPSHOT] at [/Inventarios]]]

[2025-12-04T17:37:35.495-0600] [Payara 7.2025.1] [INFORMACIÓN] [] [javax.enterprise.system.core] [tid: _ThreadID=202 _ThreadName=admin-thread-pool::admin-listener(4)] [timeMillis: 1764891455495] [levelValue: 800] [[
  Inventarios-1.0-SNAPSHOT was successfully deployed in 548 milliseconds.]]

[2025-12-04T17:39:30.313-0600] [Payara 7.2025.1] [ADVERTENCIA] [] [jakarta.enterprise.web.util] [tid: _ThreadID=152 _ThreadName=admin-thread-pool::admin-listener(1)] [timeMillis: 1764891570313] [levelValue: 900] [[
  The web application [/Inventarios] registered the JDBC driver [com.mysql.cj.jdbc.Driver] but failed to unregister it when the web application was stopped. To prevent a memory leak, the JDBC Driver has been forcibly unregistered.]]

[2025-12-04T17:39:30.659-0600] [Payara 7.2025.1] [INFORMACIÓN] [] [javax.enterprise.system.core] [tid: _ThreadID=202 _ThreadName=admin-thread-pool::admin-listener(4)] [timeMillis: 1764891570659] [levelValue: 800] [[
  No deployment transformer implementation found.]]

[2025-12-04T17:39:30.768-0600] [Payara 7.2025.1] [INFORMACIÓN] [] [org.eclipse.persistence.session./file:/C:/Users/SISTEMAS DESARROLLO2/Documents/NetBeansProjects/Inventarios/target/Inventarios-1.0-SNAPSHOT/WEB-INF/classes/_my_persistence_unit] [tid: _ThreadID=202 _ThreadName=admin-thread-pool::admin-listener(4)] [timeMillis: 1764891570768] [levelValue: 800] [[
  EclipseLink, version: Eclipse Persistence Services - 5.0.0-B08.payara-p1.v202511041741-60b8f7dca8141786130b4d36785fdcc926eb8cff]]

[2025-12-04T17:39:30.964-0600] [Payara 7.2025.1] [INFORMACIÓN] [] [org.eclipse.krazo.servlet.KrazoContainerInitializer] [tid: _ThreadID=202 _ThreadName=admin-thread-pool::admin-listener(4)] [timeMillis: 1764891570964] [levelValue: 800] [[
  Eclipse Krazo version 4.0.0 started]]

[2025-12-04T17:39:30.988-0600] [Payara 7.2025.1] [INFORMACIÓN] [] [org.glassfish.soteria.servlet.SamRegistrationInstaller] [tid: _ThreadID=202 _ThreadName=admin-thread-pool::admin-listener(4)] [timeMillis: 1764891570988] [levelValue: 800] [[
  Initializing Soteria 4.0.1.payara-p1 for context '/Inventarios']]

[2025-12-04T17:39:31.048-0600] [Payara 7.2025.1] [INFORMACIÓN] [AS-WEB-GLUE-00172] [jakarta.enterprise.web] [tid: _ThreadID=202 _ThreadName=admin-thread-pool::admin-listener(4)] [timeMillis: 1764891571048] [levelValue: 800] [[
  Loading application [Inventarios-1.0-SNAPSHOT] at [/Inventarios]]]

[2025-12-04T17:39:31.077-0600] [Payara 7.2025.1] [INFORMACIÓN] [] [javax.enterprise.system.core] [tid: _ThreadID=202 _ThreadName=admin-thread-pool::admin-listener(4)] [timeMillis: 1764891571077] [levelValue: 800] [[
  Inventarios-1.0-SNAPSHOT was successfully deployed in 573 milliseconds.]]

[2025-12-04T17:41:34.945-0600] [Payara 7.2025.1] [ADVERTENCIA] [] [jakarta.enterprise.web.util] [tid: _ThreadID=152 _ThreadName=admin-thread-pool::admin-listener(1)] [timeMillis: 1764891694945] [levelValue: 900] [[
  The web application [/Inventarios] registered the JDBC driver [com.mysql.cj.jdbc.Driver] but failed to unregister it when the web application was stopped. To prevent a memory leak, the JDBC Driver has been forcibly unregistered.]]

[2025-12-04T17:41:35.276-0600] [Payara 7.2025.1] [INFORMACIÓN] [] [javax.enterprise.system.core] [tid: _ThreadID=189 _ThreadName=admin-thread-pool::admin-listener(2)] [timeMillis: 1764891695276] [levelValue: 800] [[
  No deployment transformer implementation found.]]

[2025-12-04T17:41:35.379-0600] [Payara 7.2025.1] [INFORMACIÓN] [] [org.eclipse.persistence.session./file:/C:/Users/SISTEMAS DESARROLLO2/Documents/NetBeansProjects/Inventarios/target/Inventarios-1.0-SNAPSHOT/WEB-INF/classes/_my_persistence_unit] [tid: _ThreadID=189 _ThreadName=admin-thread-pool::admin-listener(2)] [timeMillis: 1764891695379] [levelValue: 800] [[
  EclipseLink, version: Eclipse Persistence Services - 5.0.0-B08.payara-p1.v202511041741-60b8f7dca8141786130b4d36785fdcc926eb8cff]]

[2025-12-04T17:41:35.591-0600] [Payara 7.2025.1] [INFORMACIÓN] [] [org.eclipse.krazo.servlet.KrazoContainerInitializer] [tid: _ThreadID=189 _ThreadName=admin-thread-pool::admin-listener(2)] [timeMillis: 1764891695591] [levelValue: 800] [[
  Eclipse Krazo version 4.0.0 started]]

[2025-12-04T17:41:35.614-0600] [Payara 7.2025.1] [INFORMACIÓN] [] [org.glassfish.soteria.servlet.SamRegistrationInstaller] [tid: _ThreadID=189 _ThreadName=admin-thread-pool::admin-listener(2)] [timeMillis: 1764891695614] [levelValue: 800] [[
  Initializing Soteria 4.0.1.payara-p1 for context '/Inventarios']]

[2025-12-04T17:41:35.680-0600] [Payara 7.2025.1] [INFORMACIÓN] [AS-WEB-GLUE-00172] [jakarta.enterprise.web] [tid: _ThreadID=189 _ThreadName=admin-thread-pool::admin-listener(2)] [timeMillis: 1764891695680] [levelValue: 800] [[
  Loading application [Inventarios-1.0-SNAPSHOT] at [/Inventarios]]]

[2025-12-04T17:41:35.732-0600] [Payara 7.2025.1] [INFORMACIÓN] [] [javax.enterprise.system.core] [tid: _ThreadID=189 _ThreadName=admin-thread-pool::admin-listener(2)] [timeMillis: 1764891695732] [levelValue: 800] [[
  Inventarios-1.0-SNAPSHOT was successfully deployed in 564 milliseconds.]]

[2025-12-04T17:42:13.563-0600] [Payara 7.2025.1] [ADVERTENCIA] [] [jakarta.enterprise.web.util] [tid: _ThreadID=189 _ThreadName=admin-thread-pool::admin-listener(2)] [timeMillis: 1764891733563] [levelValue: 900] [[
  The web application [/Inventarios] registered the JDBC driver [com.mysql.cj.jdbc.Driver] but failed to unregister it when the web application was stopped. To prevent a memory leak, the JDBC Driver has been forcibly unregistered.]]

[2025-12-04T17:42:28.072-0600] [Payara 7.2025.1] [INFORMACIÓN] [] [javax.enterprise.system.core] [tid: _ThreadID=197 _ThreadName=admin-thread-pool::admin-listener(3)] [timeMillis: 1764891748072] [levelValue: 800] [[
  No deployment transformer implementation found.]]

[2025-12-04T17:42:28.183-0600] [Payara 7.2025.1] [INFORMACIÓN] [] [org.eclipse.persistence.session./file:/C:/Users/SISTEMAS DESARROLLO2/Documents/NetBeansProjects/Inventarios/target/Inventarios-1.0-SNAPSHOT/WEB-INF/classes/_my_persistence_unit] [tid: _ThreadID=197 _ThreadName=admin-thread-pool::admin-listener(3)] [timeMillis: 1764891748183] [levelValue: 800] [[
  EclipseLink, version: Eclipse Persistence Services - 5.0.0-B08.payara-p1.v202511041741-60b8f7dca8141786130b4d36785fdcc926eb8cff]]

[2025-12-04T17:42:28.376-0600] [Payara 7.2025.1] [INFORMACIÓN] [] [org.eclipse.krazo.servlet.KrazoContainerInitializer] [tid: _ThreadID=197 _ThreadName=admin-thread-pool::admin-listener(3)] [timeMillis: 1764891748376] [levelValue: 800] [[
  Eclipse Krazo version 4.0.0 started]]

[2025-12-04T17:42:28.401-0600] [Payara 7.2025.1] [INFORMACIÓN] [] [org.glassfish.soteria.servlet.SamRegistrationInstaller] [tid: _ThreadID=197 _ThreadName=admin-thread-pool::admin-listener(3)] [timeMillis: 1764891748401] [levelValue: 800] [[
  Initializing Soteria 4.0.1.payara-p1 for context '/Inventarios']]

[2025-12-04T17:42:28.457-0600] [Payara 7.2025.1] [INFORMACIÓN] [AS-WEB-GLUE-00172] [jakarta.enterprise.web] [tid: _ThreadID=197 _ThreadName=admin-thread-pool::admin-listener(3)] [timeMillis: 1764891748457] [levelValue: 800] [[
  Loading application [Inventarios-1.0-SNAPSHOT] at [/Inventarios]]]

[2025-12-04T17:42:28.494-0600] [Payara 7.2025.1] [INFORMACIÓN] [] [javax.enterprise.system.core] [tid: _ThreadID=197 _ThreadName=admin-thread-pool::admin-listener(3)] [timeMillis: 1764891748494] [levelValue: 800] [[
  Inventarios-1.0-SNAPSHOT was successfully deployed in 575 milliseconds.]]

[2025-12-04T17:43:19.271-0600] [Payara 7.2025.1] [ADVERTENCIA] [] [jakarta.enterprise.web.util] [tid: _ThreadID=202 _ThreadName=admin-thread-pool::admin-listener(4)] [timeMillis: 1764891799271] [levelValue: 900] [[
  The web application [/Inventarios] registered the JDBC driver [com.mysql.cj.jdbc.Driver] but failed to unregister it when the web application was stopped. To prevent a memory leak, the JDBC Driver has been forcibly unregistered.]]

[2025-12-04T17:43:19.701-0600] [Payara 7.2025.1] [INFORMACIÓN] [] [javax.enterprise.system.core] [tid: _ThreadID=152 _ThreadName=admin-thread-pool::admin-listener(1)] [timeMillis: 1764891799701] [levelValue: 800] [[
  No deployment transformer implementation found.]]

[2025-12-04T17:43:19.821-0600] [Payara 7.2025.1] [INFORMACIÓN] [] [org.eclipse.persistence.session./file:/C:/Users/SISTEMAS DESARROLLO2/Documents/NetBeansProjects/Inventarios/target/Inventarios-1.0-SNAPSHOT/WEB-INF/classes/_my_persistence_unit] [tid: _ThreadID=152 _ThreadName=admin-thread-pool::admin-listener(1)] [timeMillis: 1764891799821] [levelValue: 800] [[
  EclipseLink, version: Eclipse Persistence Services - 5.0.0-B08.payara-p1.v202511041741-60b8f7dca8141786130b4d36785fdcc926eb8cff]]

[2025-12-04T17:43:20.054-0600] [Payara 7.2025.1] [INFORMACIÓN] [] [org.eclipse.krazo.servlet.KrazoContainerInitializer] [tid: _ThreadID=152 _ThreadName=admin-thread-pool::admin-listener(1)] [timeMillis: 1764891800054] [levelValue: 800] [[
  Eclipse Krazo version 4.0.0 started]]

[2025-12-04T17:43:20.084-0600] [Payara 7.2025.1] [INFORMACIÓN] [] [org.glassfish.soteria.servlet.SamRegistrationInstaller] [tid: _ThreadID=152 _ThreadName=admin-thread-pool::admin-listener(1)] [timeMillis: 1764891800084] [levelValue: 800] [[
  Initializing Soteria 4.0.1.payara-p1 for context '/Inventarios']]

[2025-12-04T17:43:20.148-0600] [Payara 7.2025.1] [INFORMACIÓN] [AS-WEB-GLUE-00172] [jakarta.enterprise.web] [tid: _ThreadID=152 _ThreadName=admin-thread-pool::admin-listener(1)] [timeMillis: 1764891800148] [levelValue: 800] [[
  Loading application [Inventarios-1.0-SNAPSHOT] at [/Inventarios]]]

[2025-12-04T17:43:20.179-0600] [Payara 7.2025.1] [INFORMACIÓN] [] [javax.enterprise.system.core] [tid: _ThreadID=152 _ThreadName=admin-thread-pool::admin-listener(1)] [timeMillis: 1764891800179] [levelValue: 800] [[
  Inventarios-1.0-SNAPSHOT was successfully deployed in 685 milliseconds.]]

[2025-12-04T17:43:46.013-0600] [Payara 7.2025.1] [ADVERTENCIA] [] [jakarta.enterprise.web.util] [tid: _ThreadID=197 _ThreadName=admin-thread-pool::admin-listener(3)] [timeMillis: 1764891826013] [levelValue: 900] [[
  The web application [/Inventarios] registered the JDBC driver [com.mysql.cj.jdbc.Driver] but failed to unregister it when the web application was stopped. To prevent a memory leak, the JDBC Driver has been forcibly unregistered.]]

[2025-12-04T17:43:46.381-0600] [Payara 7.2025.1] [INFORMACIÓN] [] [javax.enterprise.system.core] [tid: _ThreadID=152 _ThreadName=admin-thread-pool::admin-listener(1)] [timeMillis: 1764891826381] [levelValue: 800] [[
  No deployment transformer implementation found.]]

[2025-12-04T17:43:46.491-0600] [Payara 7.2025.1] [INFORMACIÓN] [] [org.eclipse.persistence.session./file:/C:/Users/SISTEMAS DESARROLLO2/Documents/NetBeansProjects/Inventarios/target/Inventarios-1.0-SNAPSHOT/WEB-INF/classes/_my_persistence_unit] [tid: _ThreadID=152 _ThreadName=admin-thread-pool::admin-listener(1)] [timeMillis: 1764891826491] [levelValue: 800] [[
  EclipseLink, version: Eclipse Persistence Services - 5.0.0-B08.payara-p1.v202511041741-60b8f7dca8141786130b4d36785fdcc926eb8cff]]

[2025-12-04T17:43:46.670-0600] [Payara 7.2025.1] [INFORMACIÓN] [] [org.eclipse.krazo.servlet.KrazoContainerInitializer] [tid: _ThreadID=152 _ThreadName=admin-thread-pool::admin-listener(1)] [timeMillis: 1764891826670] [levelValue: 800] [[
  Eclipse Krazo version 4.0.0 started]]

[2025-12-04T17:43:46.693-0600] [Payara 7.2025.1] [INFORMACIÓN] [] [org.glassfish.soteria.servlet.SamRegistrationInstaller] [tid: _ThreadID=152 _ThreadName=admin-thread-pool::admin-listener(1)] [timeMillis: 1764891826693] [levelValue: 800] [[
  Initializing Soteria 4.0.1.payara-p1 for context '/Inventarios']]

[2025-12-04T17:43:46.743-0600] [Payara 7.2025.1] [INFORMACIÓN] [AS-WEB-GLUE-00172] [jakarta.enterprise.web] [tid: _ThreadID=152 _ThreadName=admin-thread-pool::admin-listener(1)] [timeMillis: 1764891826743] [levelValue: 800] [[
  Loading application [Inventarios-1.0-SNAPSHOT] at [/Inventarios]]]

[2025-12-04T17:43:46.773-0600] [Payara 7.2025.1] [INFORMACIÓN] [] [javax.enterprise.system.core] [tid: _ThreadID=152 _ThreadName=admin-thread-pool::admin-listener(1)] [timeMillis: 1764891826773] [levelValue: 800] [[
  Inventarios-1.0-SNAPSHOT was successfully deployed in 547 milliseconds.]]

[2025-12-04T17:45:31.122-0600] [Payara 7.2025.1] [ADVERTENCIA] [] [jakarta.enterprise.web.util] [tid: _ThreadID=197 _ThreadName=admin-thread-pool::admin-listener(3)] [timeMillis: 1764891931122] [levelValue: 900] [[
  The web application [/Inventarios] registered the JDBC driver [com.mysql.cj.jdbc.Driver] but failed to unregister it when the web application was stopped. To prevent a memory leak, the JDBC Driver has been forcibly unregistered.]]

[2025-12-04T17:45:31.483-0600] [Payara 7.2025.1] [INFORMACIÓN] [] [javax.enterprise.system.core] [tid: _ThreadID=202 _ThreadName=admin-thread-pool::admin-listener(4)] [timeMillis: 1764891931483] [levelValue: 800] [[
  No deployment transformer implementation found.]]

[2025-12-04T17:45:31.593-0600] [Payara 7.2025.1] [INFORMACIÓN] [] [org.eclipse.persistence.session./file:/C:/Users/SISTEMAS DESARROLLO2/Documents/NetBeansProjects/Inventarios/target/Inventarios-1.0-SNAPSHOT/WEB-INF/classes/_my_persistence_unit] [tid: _ThreadID=202 _ThreadName=admin-thread-pool::admin-listener(4)] [timeMillis: 1764891931593] [levelValue: 800] [[
  EclipseLink, version: Eclipse Persistence Services - 5.0.0-B08.payara-p1.v202511041741-60b8f7dca8141786130b4d36785fdcc926eb8cff]]

[2025-12-04T17:45:31.779-0600] [Payara 7.2025.1] [INFORMACIÓN] [] [org.eclipse.krazo.servlet.KrazoContainerInitializer] [tid: _ThreadID=202 _ThreadName=admin-thread-pool::admin-listener(4)] [timeMillis: 1764891931779] [levelValue: 800] [[
  Eclipse Krazo version 4.0.0 started]]

[2025-12-04T17:45:31.801-0600] [Payara 7.2025.1] [INFORMACIÓN] [] [org.glassfish.soteria.servlet.SamRegistrationInstaller] [tid: _ThreadID=202 _ThreadName=admin-thread-pool::admin-listener(4)] [timeMillis: 1764891931801] [levelValue: 800] [[
  Initializing Soteria 4.0.1.payara-p1 for context '/Inventarios']]

[2025-12-04T17:45:31.853-0600] [Payara 7.2025.1] [INFORMACIÓN] [AS-WEB-GLUE-00172] [jakarta.enterprise.web] [tid: _ThreadID=202 _ThreadName=admin-thread-pool::admin-listener(4)] [timeMillis: 1764891931853] [levelValue: 800] [[
  Loading application [Inventarios-1.0-SNAPSHOT] at [/Inventarios]]]

[2025-12-04T17:45:31.882-0600] [Payara 7.2025.1] [INFORMACIÓN] [] [javax.enterprise.system.core] [tid: _ThreadID=202 _ThreadName=admin-thread-pool::admin-listener(4)] [timeMillis: 1764891931882] [levelValue: 800] [[
  Inventarios-1.0-SNAPSHOT was successfully deployed in 557 milliseconds.]]

[2025-12-04T17:50:32.932-0600] [Payara 7.2025.1] [ADVERTENCIA] [] [jakarta.enterprise.web.util] [tid: _ThreadID=152 _ThreadName=admin-thread-pool::admin-listener(1)] [timeMillis: 1764892232932] [levelValue: 900] [[
  The web application [/Inventarios] registered the JDBC driver [com.mysql.cj.jdbc.Driver] but failed to unregister it when the web application was stopped. To prevent a memory leak, the JDBC Driver has been forcibly unregistered.]]

[2025-12-04T17:50:39.893-0600] [Payara 7.2025.1] [INFORMACIÓN] [] [javax.enterprise.system.core] [tid: _ThreadID=152 _ThreadName=admin-thread-pool::admin-listener(1)] [timeMillis: 1764892239893] [levelValue: 800] [[
  No deployment transformer implementation found.]]

[2025-12-04T17:50:40.022-0600] [Payara 7.2025.1] [INFORMACIÓN] [] [org.eclipse.persistence.session./file:/C:/Users/SISTEMAS DESARROLLO2/Documents/NetBeansProjects/Inventarios/target/Inventarios-1.0-SNAPSHOT/WEB-INF/classes/_my_persistence_unit] [tid: _ThreadID=152 _ThreadName=admin-thread-pool::admin-listener(1)] [timeMillis: 1764892240022] [levelValue: 800] [[
  EclipseLink, version: Eclipse Persistence Services - 5.0.0-B08.payara-p1.v202511041741-60b8f7dca8141786130b4d36785fdcc926eb8cff]]

[2025-12-04T17:50:40.247-0600] [Payara 7.2025.1] [INFORMACIÓN] [] [org.eclipse.krazo.servlet.KrazoContainerInitializer] [tid: _ThreadID=152 _ThreadName=admin-thread-pool::admin-listener(1)] [timeMillis: 1764892240247] [levelValue: 800] [[
  Eclipse Krazo version 4.0.0 started]]

[2025-12-04T17:50:40.271-0600] [Payara 7.2025.1] [INFORMACIÓN] [] [org.glassfish.soteria.servlet.SamRegistrationInstaller] [tid: _ThreadID=152 _ThreadName=admin-thread-pool::admin-listener(1)] [timeMillis: 1764892240271] [levelValue: 800] [[
  Initializing Soteria 4.0.1.payara-p1 for context '/Inventarios']]

[2025-12-04T17:50:40.340-0600] [Payara 7.2025.1] [INFORMACIÓN] [AS-WEB-GLUE-00172] [jakarta.enterprise.web] [tid: _ThreadID=152 _ThreadName=admin-thread-pool::admin-listener(1)] [timeMillis: 1764892240340] [levelValue: 800] [[
  Loading application [Inventarios-1.0-SNAPSHOT] at [/Inventarios]]]

[2025-12-04T17:50:40.456-0600] [Payara 7.2025.1] [INFORMACIÓN] [] [javax.enterprise.system.core] [tid: _ThreadID=152 _ThreadName=admin-thread-pool::admin-listener(1)] [timeMillis: 1764892240456] [levelValue: 800] [[
  Inventarios-1.0-SNAPSHOT was successfully deployed in 669 milliseconds.]]

[2025-12-05T08:01:58.416-0600] [Payara 7.2025.1] [INFORMACIÓN] [NCLS-LOGGING-00009] [jakarta.enterprise.logging] [tid: _ThreadID=65 _ThreadName=RunLevelControllerThread-1764943318321] [timeMillis: 1764943318416] [levelValue: 800] [[
  Running Payara Version: Payara Server 7.2025.1 (build 21)]]

[2025-12-05T08:01:58.430-0600] [Payara 7.2025.1] [INFORMACIÓN] [NCLS-LOGGING-00010] [jakarta.enterprise.logging] [tid: _ThreadID=65 _ThreadName=RunLevelControllerThread-1764943318321] [timeMillis: 1764943318430] [levelValue: 800] [[
  Server log file is using Formatter class: com.sun.enterprise.server.logging.ODLLogFormatter]]

[2025-12-05T08:01:58.937-0600] [Payara 7.2025.1] [INFORMACIÓN] [] [org.glassfish.ha.store.spi.BackingStoreFactoryRegistry] [tid: _ThreadID=65 _ThreadName=RunLevelControllerThread-1764943318321] [timeMillis: 1764943318937] [levelValue: 800] [[
  Registered fish.payara.ha.hazelcast.store.HazelcastBackingStoreFactoryProxy for persistence-type = hazelcast in BackingStoreFactoryRegistry]]

[2025-12-05T08:02:02.867-0600] [Payara 7.2025.1] [INFORMACIÓN] [] [fish.payara.nucleus.hazelcast.HazelcastCore] [tid: _ThreadID=64 _ThreadName=RunLevelControllerThread-1764943318319] [timeMillis: 1764943322867] [levelValue: 800] [[
  Hazelcast Instance Bound to JNDI at payara/Hazelcast]]

[2025-12-05T08:02:02.868-0600] [Payara 7.2025.1] [INFORMACIÓN] [] [fish.payara.nucleus.hazelcast.HazelcastCore] [tid: _ThreadID=64 _ThreadName=RunLevelControllerThread-1764943318319] [timeMillis: 1764943322868] [levelValue: 800] [[
  JSR107 Caching Provider Bound to JNDI at payara/CachingProvider]]

[2025-12-05T08:02:02.868-0600] [Payara 7.2025.1] [INFORMACIÓN] [] [fish.payara.nucleus.hazelcast.HazelcastCore] [tid: _ThreadID=64 _ThreadName=RunLevelControllerThread-1764943318319] [timeMillis: 1764943322868] [levelValue: 800] [[
  JSR107 Default Cache Manager Bound to JNDI at payara/CacheManager]]

[2025-12-05T08:02:02.964-0600] [Payara 7.2025.1] [INFORMACIÓN] [NCLS-CORE-00101] [javax.enterprise.system.core] [tid: _ThreadID=67 _ThreadName=RunLevelControllerThread-1764943318325] [timeMillis: 1764943322964] [levelValue: 800] [[
  Network Listener http-listener-1 started in: 6ms - bound to [/0.0.0.0:8080]]]

[2025-12-05T08:02:03.009-0600] [Payara 7.2025.1] [INFORMACIÓN] [NCLS-CORE-00101] [javax.enterprise.system.core] [tid: _ThreadID=67 _ThreadName=RunLevelControllerThread-1764943318325] [timeMillis: 1764943323009] [levelValue: 800] [[
  Network Listener http-listener-2 started in: 2ms - bound to [/0.0.0.0:8181]]]

[2025-12-05T08:02:03.013-0600] [Payara 7.2025.1] [INFO] [] [org.hibernate.validator.internal.util.Version] [tid: _ThreadID=65 _ThreadName=RunLevelControllerThread-1764943318321] [timeMillis: 1764943323013] [levelValue: 800] [[
  HV000001: Hibernate Validator 9.0.1.Final.payara-p1]]

[2025-12-05T08:02:03.018-0600] [Payara 7.2025.1] [INFORMACIÓN] [NCLS-CORE-00101] [javax.enterprise.system.core] [tid: _ThreadID=67 _ThreadName=RunLevelControllerThread-1764943318325] [timeMillis: 1764943323018] [levelValue: 800] [[
  Network Listener admin-listener started in: 3ms - bound to [/0.0.0.0:4848]]]

[2025-12-05T08:02:03.020-0600] [Payara 7.2025.1] [INFORMACIÓN] [NCLS-CORE-00087] [javax.enterprise.system.core] [tid: _ThreadID=67 _ThreadName=RunLevelControllerThread-1764943318325] [timeMillis: 1764943323020] [levelValue: 800] [[
  Grizzly 4.1.0 started in: 4259ms - bound to [http-listener-1:8080, http-listener-2:8181, admin-listener:4848]]]

[2025-12-05T08:02:03.075-0600] [Payara 7.2025.1] [INFORMACIÓN] [NCLS-CORE-00101] [javax.enterprise.system.core] [tid: _ThreadID=66 _ThreadName=RunLevelControllerThread-1764943318325] [timeMillis: 1764943323075] [levelValue: 800] [[
  Network Listener iiop-service started in: 2ms - bound to [/0.0.0.0:3700]]]

[2025-12-05T08:02:03.343-0600] [Payara 7.2025.1] [INFORMACIÓN] [] [io.opentelemetry.api.GlobalOpenTelemetry] [tid: _ThreadID=65 _ThreadName=RunLevelControllerThread-1764943318321] [timeMillis: 1764943323343] [levelValue: 800] [[
  AutoConfiguredOpenTelemetrySdk found on classpath but automatic configuration is disabled. To enable, run your JVM with -Dotel.java.global-autoconfigure.enabled=true]]

[2025-12-05T08:02:03.403-0600] [Payara 7.2025.1] [INFORMACIÓN] [] [fish.payara.nucleus.cluster.PayaraCluster] [tid: _ThreadID=165 _ThreadName=Executor-Service-3] [timeMillis: 1764943323403] [levelValue: 800] [[
  Data Grid Status 
Payara Data Grid State: DG Version: 5 DG Name: development DG Size: 1
Instances: {
 DataGrid: development Name: server Lite: false This: true UUID: 5108438d-eacc-4cbb-9a0a-c5b71a61b2b0 Address: /26.26.165.78:4900
}]]

[2025-12-05T08:02:03.404-0600] [Payara 7.2025.1] [INFORMACIÓN] [NCLS-CORE-00017] [javax.enterprise.system.core] [tid: _ThreadID=1 _ThreadName=main] [timeMillis: 1764943323404] [levelValue: 800] [[
  Payara Server 7.2025.1 (21) startup time : Felix (29631ms), startup services(5088ms), total(34719ms)]]

[2025-12-05T08:02:04.255-0600] [Payara 7.2025.1] [INFORMACIÓN] [] [javax.enterprise.system.core] [tid: _ThreadID=64 _ThreadName=RunLevelControllerThread-1764943318319] [timeMillis: 1764943324255] [levelValue: 800] [[
  No deployment transformer implementation found.]]

[2025-12-05T08:02:04.648-0600] [Payara 7.2025.1] [INFORMACIÓN] [NCLS-SECURITY-01143] [javax.enterprise.system.core.security] [tid: _ThreadID=64 _ThreadName=RunLevelControllerThread-1764943318319] [timeMillis: 1764943324648] [levelValue: 800] [[
  Loading policy provider org.glassfish.exousia.modules.def.DefaultPolicy.]]

[2025-12-05T08:02:04.656-0600] [Payara 7.2025.1] [INFORMACIÓN] [NCLS-SECURITY-01002] [javax.enterprise.system.core.security] [tid: _ThreadID=64 _ThreadName=RunLevelControllerThread-1764943318319] [timeMillis: 1764943324656] [levelValue: 800] [[
  Java security manager is disabled.]]

[2025-12-05T08:02:04.656-0600] [Payara 7.2025.1] [INFORMACIÓN] [NCLS-SECURITY-01010] [javax.enterprise.system.core.security] [tid: _ThreadID=64 _ThreadName=RunLevelControllerThread-1764943318319] [timeMillis: 1764943324656] [levelValue: 800] [[
  Entering Security Startup Service.]]

[2025-12-05T08:02:04.667-0600] [Payara 7.2025.1] [INFORMACIÓN] [NCLS-SECURITY-01011] [javax.enterprise.system.core.security] [tid: _ThreadID=64 _ThreadName=RunLevelControllerThread-1764943318319] [timeMillis: 1764943324667] [levelValue: 800] [[
  Security Service(s) started successfully.]]

[2025-12-05T08:02:04.962-0600] [Payara 7.2025.1] [INFORMACIÓN] [AS-WEB-GLUE-00198] [jakarta.enterprise.web] [tid: _ThreadID=64 _ThreadName=RunLevelControllerThread-1764943318319] [timeMillis: 1764943324962] [levelValue: 800] [[
  Created HTTP listener http-listener-1 on host/port 0.0.0.0:8080]]

[2025-12-05T08:02:04.965-0600] [Payara 7.2025.1] [INFORMACIÓN] [AS-WEB-GLUE-00198] [jakarta.enterprise.web] [tid: _ThreadID=64 _ThreadName=RunLevelControllerThread-1764943318319] [timeMillis: 1764943324965] [levelValue: 800] [[
  Created HTTP listener http-listener-2 on host/port 0.0.0.0:8181]]

[2025-12-05T08:02:04.966-0600] [Payara 7.2025.1] [INFORMACIÓN] [AS-WEB-GLUE-00198] [jakarta.enterprise.web] [tid: _ThreadID=64 _ThreadName=RunLevelControllerThread-1764943318319] [timeMillis: 1764943324966] [levelValue: 800] [[
  Created HTTP listener admin-listener on host/port 0.0.0.0:4848]]

[2025-12-05T08:02:04.979-0600] [Payara 7.2025.1] [INFORMACIÓN] [AS-WEB-GLUE-00200] [jakarta.enterprise.web] [tid: _ThreadID=64 _ThreadName=RunLevelControllerThread-1764943318319] [timeMillis: 1764943324979] [levelValue: 800] [[
  Created virtual server server]]

[2025-12-05T08:02:04.981-0600] [Payara 7.2025.1] [INFORMACIÓN] [AS-WEB-GLUE-00200] [jakarta.enterprise.web] [tid: _ThreadID=64 _ThreadName=RunLevelControllerThread-1764943318319] [timeMillis: 1764943324981] [levelValue: 800] [[
  Created virtual server __asadmin]]

[2025-12-05T08:02:05.089-0600] [Payara 7.2025.1] [INFORMACIÓN] [AS-WEB-GLUE-00201] [jakarta.enterprise.web] [tid: _ThreadID=64 _ThreadName=RunLevelControllerThread-1764943318319] [timeMillis: 1764943325089] [levelValue: 800] [[
  Virtual server server loaded default web module ]]

[2025-12-05T08:02:07.212-0600] [Payara 7.2025.1] [ADVERTENCIA] [] [jakarta.enterprise.web.util] [tid: _ThreadID=64 _ThreadName=RunLevelControllerThread-1764943318319] [timeMillis: 1764943327212] [levelValue: 900] [[
  The web application [unknown] registered the JDBC driver [com.mysql.cj.jdbc.Driver] but failed to unregister it when the web application was stopped. To prevent a memory leak, the JDBC Driver has been forcibly unregistered.]]

[2025-12-05T08:02:07.310-0600] [Payara 7.2025.1] [INFO] [] [org.jboss.weld.Version] [tid: _ThreadID=64 _ThreadName=RunLevelControllerThread-1764943318319] [timeMillis: 1764943327310] [levelValue: 800] [[
  WELD-000900: 6.0.3 (Final)]]

[2025-12-05T08:02:08.778-0600] [Payara 7.2025.1] [INFORMACIÓN] [NCLS-CORE-00022] [javax.enterprise.system.core] [tid: _ThreadID=64 _ThreadName=RunLevelControllerThread-1764943318319] [timeMillis: 1764943328778] [levelValue: 800] [[
  Loading application Inventarios-1.0-SNAPSHOT done in 5344 ms]]

[2025-12-05T08:02:08.872-0600] [Payara 7.2025.1] [INFORMACIÓN] [] [org.eclipse.krazo.servlet.KrazoContainerInitializer] [tid: _ThreadID=64 _ThreadName=RunLevelControllerThread-1764943318319] [timeMillis: 1764943328872] [levelValue: 800] [[
  Eclipse Krazo version 4.0.0 started]]

[2025-12-05T08:02:08.873-0600] [Payara 7.2025.1] [INFORMACIÓN] [] [org.glassfish.soteria.servlet.SamRegistrationInstaller] [tid: _ThreadID=64 _ThreadName=RunLevelControllerThread-1764943318319] [timeMillis: 1764943328873] [levelValue: 800] [[
  Initializing Soteria 4.0.1.payara-p1 for context '/Inventarios']]

[2025-12-05T08:02:09.057-0600] [Payara 7.2025.1] [INFORMACIÓN] [AS-WEB-GLUE-00172] [jakarta.enterprise.web] [tid: _ThreadID=64 _ThreadName=RunLevelControllerThread-1764943318319] [timeMillis: 1764943329057] [levelValue: 800] [[
  Loading application [Inventarios-1.0-SNAPSHOT] at [/Inventarios]]]

[2025-12-05T08:02:09.090-0600] [Payara 7.2025.1] [INFORMACIÓN] [] [fish.payara.nucleus.notification.NotificationService] [tid: _ThreadID=1 _ThreadName=main] [timeMillis: 1764943329090] [levelValue: 800] [[
  Payara Notification Service bootstrapped.]]

[2025-12-05T08:02:09.141-0600] [Payara 7.2025.1] [INFORMACIÓN] [NCLS-CORE-00101] [javax.enterprise.system.core] [tid: _ThreadID=67 _ThreadName=RunLevelControllerThread-1764943318325] [timeMillis: 1764943329141] [levelValue: 800] [[
  Network Listener JMS_PROXY_default_JMS_host started in: 4ms - bound to [/0.0.0.0:7676]]]

[2025-12-05T08:02:09.318-0600] [Payara 7.2025.1] [INFORMACIÓN] [NCLS-JMX-00005] [javax.enterprise.system.jmx] [tid: _ThreadID=198 _ThreadName=Thread-13] [timeMillis: 1764943329318] [levelValue: 800] [[
  JMXStartupService has started JMXConnector on JMXService URL service:jmx:rmi://0.0.0.0:8686/jndi/rmi://0.0.0.0:8686/jmxrmi]]

[2025-12-05T08:02:10.013-0600] [Payara 7.2025.1] [INFORMACIÓN] [] [javax.enterprise.system.core] [tid: _ThreadID=186 _ThreadName=Thread-11] [timeMillis: 1764943330013] [levelValue: 800] [[
  No deployment transformer implementation found.]]

[2025-12-05T08:02:10.192-0600] [Payara 7.2025.1] [INFORMACIÓN] [] [javax.enterprise.system.core] [tid: _ThreadID=151 _ThreadName=admin-thread-pool::admin-listener(1)] [timeMillis: 1764943330192] [levelValue: 800] [[
  No deployment transformer implementation found.]]

[2025-12-05T08:02:10.473-0600] [Payara 7.2025.1] [INFORMACIÓN] [] [org.eclipse.persistence.session./file:/C:/Users/SISTEMAS DESARROLLO2/Documents/NetBeansProjects/Inventarios/target/Inventarios-1.0-SNAPSHOT/WEB-INF/classes/_my_persistence_unit] [tid: _ThreadID=151 _ThreadName=admin-thread-pool::admin-listener(1)] [timeMillis: 1764943330473] [levelValue: 800] [[
  EclipseLink, version: Eclipse Persistence Services - 5.0.0-B08.payara-p1.v202511041741-60b8f7dca8141786130b4d36785fdcc926eb8cff]]

[2025-12-05T08:02:10.839-0600] [Payara 7.2025.1] [INFORMACIÓN] [NCLS-CORE-00022] [javax.enterprise.system.core] [tid: _ThreadID=186 _ThreadName=Thread-11] [timeMillis: 1764943330839] [levelValue: 800] [[
  Loading application __admingui done in 1774 ms]]

[2025-12-05T08:02:11.035-0600] [Payara 7.2025.1] [INFORMACIÓN] [] [org.glassfish.soteria.servlet.SamRegistrationInstaller] [tid: _ThreadID=186 _ThreadName=Thread-11] [timeMillis: 1764943331035] [levelValue: 800] [[
  Initializing Soteria 4.0.1.payara-p1 for context '']]

[2025-12-05T08:02:11.062-0600] [Payara 7.2025.1] [INFORMACIÓN] [faces.config.listener.version] [jakarta.enterprise.resource.webcontainer.faces.config] [tid: _ThreadID=186 _ThreadName=Thread-11] [timeMillis: 1764943331062] [levelValue: 800] [[
  Inicializando Mojarra 4.1.4.payara-p1 para el contexto '']]

[2025-12-05T08:02:11.605-0600] [Payara 7.2025.1] [INFORMACIÓN] [AS-WEB-GLUE-00172] [jakarta.enterprise.web] [tid: _ThreadID=186 _ThreadName=Thread-11] [timeMillis: 1764943331605] [levelValue: 800] [[
  Loading application [__admingui] at [/]]]

[2025-12-05T08:02:15.767-0600] [Payara 7.2025.1] [INFORMACIÓN] [] [javax.enterprise.resource.corba.org.glassfish.enterprise.iiop.api] [tid: _ThreadID=187 _ThreadName=admin-thread-pool::admin-listener(2)] [timeMillis: 1764943335767] [levelValue: 800] [[
  GlassFishORBFactory service initialized.]]

[2025-12-05T08:02:15.979-0600] [Payara 7.2025.1] [INFORMACIÓN] [NCLS-REST-00001] [jakarta.enterprise.admin.rest] [tid: _ThreadID=187 _ThreadName=admin-thread-pool::admin-listener(2)] [timeMillis: 1764943335979] [levelValue: 800] [[
  Listening to REST requests at context: /management/domain.]]

[2025-12-05T08:02:17.285-0600] [Payara 7.2025.1] [ADVERTENCIA] [] [javax.enterprise.system.container.web.com.sun.web.security] [tid: _ThreadID=221 _ThreadName=admin-thread-pool::admin-listener(4)] [timeMillis: 1764943337285] [levelValue: 900] [[
  Context path from ServletContext:  differs from path from bundle: /]]

[2025-12-05T08:02:18.330-0600] [Payara 7.2025.1] [INFORMACIÓN] [] [org.jvnet.hk2.osgiadapter] [tid: _ThreadID=51 _ThreadName=FelixStartLevel] [timeMillis: 1764943338330] [levelValue: 800] [[
  Skipping registration of inhabitant for service reference [org.osgi.service.metatype.MetaTypeProvider] as the service object could not be obtained.]]

[2025-12-05T08:02:20.043-0600] [Payara 7.2025.1] [INFORMACIÓN] [] [org.eclipse.krazo.servlet.KrazoContainerInitializer] [tid: _ThreadID=151 _ThreadName=admin-thread-pool::admin-listener(1)] [timeMillis: 1764943340043] [levelValue: 800] [[
  Eclipse Krazo version 4.0.0 started]]

[2025-12-05T08:02:20.043-0600] [Payara 7.2025.1] [INFORMACIÓN] [] [org.glassfish.soteria.servlet.SamRegistrationInstaller] [tid: _ThreadID=151 _ThreadName=admin-thread-pool::admin-listener(1)] [timeMillis: 1764943340043] [levelValue: 800] [[
  Initializing Soteria 4.0.1.payara-p1 for context '/Inventarios']]

[2025-12-05T08:02:20.155-0600] [Payara 7.2025.1] [INFORMACIÓN] [AS-WEB-GLUE-00172] [jakarta.enterprise.web] [tid: _ThreadID=151 _ThreadName=admin-thread-pool::admin-listener(1)] [timeMillis: 1764943340155] [levelValue: 800] [[
  Loading application [Inventarios-1.0-SNAPSHOT] at [/Inventarios]]]

[2025-12-05T08:02:20.211-0600] [Payara 7.2025.1] [INFORMACIÓN] [] [javax.enterprise.system.core] [tid: _ThreadID=151 _ThreadName=admin-thread-pool::admin-listener(1)] [timeMillis: 1764943340211] [levelValue: 800] [[
  Inventarios-1.0-SNAPSHOT was successfully deployed in 10,312 milliseconds.]]

[2025-12-05T11:37:55.443-0600] [Payara 7.2025.1] [ADVERTENCIA] [] [jakarta.enterprise.web.util] [tid: _ThreadID=151 _ThreadName=admin-thread-pool::admin-listener(1)] [timeMillis: 1764956275443] [levelValue: 900] [[
  The web application [/Inventarios] registered the JDBC driver [com.mysql.cj.jdbc.Driver] but failed to unregister it when the web application was stopped. To prevent a memory leak, the JDBC Driver has been forcibly unregistered.]]

[2025-12-05T11:37:56.447-0600] [Payara 7.2025.1] [INFORMACIÓN] [] [javax.enterprise.system.core] [tid: _ThreadID=190 _ThreadName=admin-thread-pool::admin-listener(3)] [timeMillis: 1764956276447] [levelValue: 800] [[
  No deployment transformer implementation found.]]

[2025-12-05T11:37:56.951-0600] [Payara 7.2025.1] [INFORMACIÓN] [] [org.eclipse.persistence.session./file:/C:/Users/SISTEMAS DESARROLLO2/Documents/NetBeansProjects/Inventarios/target/Inventarios-1.0-SNAPSHOT/WEB-INF/classes/_my_persistence_unit] [tid: _ThreadID=190 _ThreadName=admin-thread-pool::admin-listener(3)] [timeMillis: 1764956276951] [levelValue: 800] [[
  EclipseLink, version: Eclipse Persistence Services - 5.0.0-B08.payara-p1.v202511041741-60b8f7dca8141786130b4d36785fdcc926eb8cff]]

[2025-12-05T11:37:57.903-0600] [Payara 7.2025.1] [INFORMACIÓN] [] [org.eclipse.krazo.servlet.KrazoContainerInitializer] [tid: _ThreadID=190 _ThreadName=admin-thread-pool::admin-listener(3)] [timeMillis: 1764956277903] [levelValue: 800] [[
  Eclipse Krazo version 4.0.0 started]]

[2025-12-05T11:37:57.906-0600] [Payara 7.2025.1] [INFORMACIÓN] [] [org.glassfish.soteria.servlet.SamRegistrationInstaller] [tid: _ThreadID=190 _ThreadName=admin-thread-pool::admin-listener(3)] [timeMillis: 1764956277906] [levelValue: 800] [[
  Initializing Soteria 4.0.1.payara-p1 for context '/Inventarios']]

[2025-12-05T11:37:58.200-0600] [Payara 7.2025.1] [INFORMACIÓN] [AS-WEB-GLUE-00172] [jakarta.enterprise.web] [tid: _ThreadID=190 _ThreadName=admin-thread-pool::admin-listener(3)] [timeMillis: 1764956278200] [levelValue: 800] [[
  Loading application [Inventarios-1.0-SNAPSHOT] at [/Inventarios]]]

[2025-12-05T11:37:58.322-0600] [Payara 7.2025.1] [INFORMACIÓN] [] [javax.enterprise.system.core] [tid: _ThreadID=190 _ThreadName=admin-thread-pool::admin-listener(3)] [timeMillis: 1764956278322] [levelValue: 800] [[
  Inventarios-1.0-SNAPSHOT was successfully deployed in 2,479 milliseconds.]]

[2025-12-05T11:38:38.987-0600] [Payara 7.2025.1] [ADVERTENCIA] [] [jakarta.enterprise.web.util] [tid: _ThreadID=187 _ThreadName=admin-thread-pool::admin-listener(2)] [timeMillis: 1764956318987] [levelValue: 900] [[
  The web application [/Inventarios] registered the JDBC driver [com.mysql.cj.jdbc.Driver] but failed to unregister it when the web application was stopped. To prevent a memory leak, the JDBC Driver has been forcibly unregistered.]]

[2025-12-05T11:38:39.324-0600] [Payara 7.2025.1] [INFORMACIÓN] [] [javax.enterprise.system.core] [tid: _ThreadID=221 _ThreadName=admin-thread-pool::admin-listener(4)] [timeMillis: 1764956319324] [levelValue: 800] [[
  No deployment transformer implementation found.]]

[2025-12-05T11:38:39.469-0600] [Payara 7.2025.1] [INFORMACIÓN] [] [org.eclipse.persistence.session./file:/C:/Users/SISTEMAS DESARROLLO2/Documents/NetBeansProjects/Inventarios/target/Inventarios-1.0-SNAPSHOT/WEB-INF/classes/_my_persistence_unit] [tid: _ThreadID=221 _ThreadName=admin-thread-pool::admin-listener(4)] [timeMillis: 1764956319469] [levelValue: 800] [[
  EclipseLink, version: Eclipse Persistence Services - 5.0.0-B08.payara-p1.v202511041741-60b8f7dca8141786130b4d36785fdcc926eb8cff]]

[2025-12-05T11:38:39.836-0600] [Payara 7.2025.1] [INFORMACIÓN] [] [org.eclipse.krazo.servlet.KrazoContainerInitializer] [tid: _ThreadID=221 _ThreadName=admin-thread-pool::admin-listener(4)] [timeMillis: 1764956319836] [levelValue: 800] [[
  Eclipse Krazo version 4.0.0 started]]

[2025-12-05T11:38:39.837-0600] [Payara 7.2025.1] [INFORMACIÓN] [] [org.glassfish.soteria.servlet.SamRegistrationInstaller] [tid: _ThreadID=221 _ThreadName=admin-thread-pool::admin-listener(4)] [timeMillis: 1764956319837] [levelValue: 800] [[
  Initializing Soteria 4.0.1.payara-p1 for context '/Inventarios']]

[2025-12-05T11:38:39.956-0600] [Payara 7.2025.1] [INFORMACIÓN] [AS-WEB-GLUE-00172] [jakarta.enterprise.web] [tid: _ThreadID=221 _ThreadName=admin-thread-pool::admin-listener(4)] [timeMillis: 1764956319956] [levelValue: 800] [[
  Loading application [Inventarios-1.0-SNAPSHOT] at [/Inventarios]]]

[2025-12-05T11:38:39.993-0600] [Payara 7.2025.1] [INFORMACIÓN] [] [javax.enterprise.system.core] [tid: _ThreadID=221 _ThreadName=admin-thread-pool::admin-listener(4)] [timeMillis: 1764956319993] [levelValue: 800] [[
  Inventarios-1.0-SNAPSHOT was successfully deployed in 840 milliseconds.]]

[2025-12-05T11:38:49.703-0600] [Payara 7.2025.1] [INFORMACIÓN] [] [javax.enterprise.system.core] [tid: _ThreadID=221 _ThreadName=admin-thread-pool::admin-listener(4)] [timeMillis: 1764956329703] [levelValue: 800] [[
  No deployment transformer implementation found.]]

[2025-12-05T11:38:49.829-0600] [Payara 7.2025.1] [INFORMACIÓN] [] [org.eclipse.persistence.session./file:/C:/Users/SISTEMAS DESARROLLO2/Documents/NetBeansProjects/Inventarios/target/Inventarios-1.0-SNAPSHOT/WEB-INF/classes/_my_persistence_unit] [tid: _ThreadID=221 _ThreadName=admin-thread-pool::admin-listener(4)] [timeMillis: 1764956329829] [levelValue: 800] [[
  EclipseLink, version: Eclipse Persistence Services - 5.0.0-B08.payara-p1.v202511041741-60b8f7dca8141786130b4d36785fdcc926eb8cff]]

[2025-12-05T11:38:50.124-0600] [Payara 7.2025.1] [INFORMACIÓN] [] [org.eclipse.krazo.servlet.KrazoContainerInitializer] [tid: _ThreadID=221 _ThreadName=admin-thread-pool::admin-listener(4)] [timeMillis: 1764956330124] [levelValue: 800] [[
  Eclipse Krazo version 4.0.0 started]]

[2025-12-05T11:38:50.125-0600] [Payara 7.2025.1] [INFORMACIÓN] [] [org.glassfish.soteria.servlet.SamRegistrationInstaller] [tid: _ThreadID=221 _ThreadName=admin-thread-pool::admin-listener(4)] [timeMillis: 1764956330125] [levelValue: 800] [[
  Initializing Soteria 4.0.1.payara-p1 for context '/Inventarios']]

[2025-12-05T11:38:50.210-0600] [Payara 7.2025.1] [INFORMACIÓN] [AS-WEB-GLUE-00172] [jakarta.enterprise.web] [tid: _ThreadID=221 _ThreadName=admin-thread-pool::admin-listener(4)] [timeMillis: 1764956330210] [levelValue: 800] [[
  Loading application [Inventarios-1.0-SNAPSHOT] at [/Inventarios]]]

[2025-12-05T11:38:50.240-0600] [Payara 7.2025.1] [INFORMACIÓN] [] [javax.enterprise.system.core] [tid: _ThreadID=221 _ThreadName=admin-thread-pool::admin-listener(4)] [timeMillis: 1764956330240] [levelValue: 800] [[
  Inventarios-1.0-SNAPSHOT was successfully deployed in 699 milliseconds.]]

[2025-12-05T11:53:14.632-0600] [Payara 7.2025.1] [ADVERTENCIA] [] [jakarta.enterprise.web.util] [tid: _ThreadID=151 _ThreadName=admin-thread-pool::admin-listener(1)] [timeMillis: 1764957194632] [levelValue: 900] [[
  The web application [/Inventarios] registered the JDBC driver [com.mysql.cj.jdbc.Driver] but failed to unregister it when the web application was stopped. To prevent a memory leak, the JDBC Driver has been forcibly unregistered.]]

[2025-12-05T11:53:14.990-0600] [Payara 7.2025.1] [INFORMACIÓN] [] [javax.enterprise.system.core] [tid: _ThreadID=187 _ThreadName=admin-thread-pool::admin-listener(2)] [timeMillis: 1764957194990] [levelValue: 800] [[
  No deployment transformer implementation found.]]

[2025-12-05T11:53:15.234-0600] [Payara 7.2025.1] [INFORMACIÓN] [] [org.eclipse.persistence.session./file:/C:/Users/SISTEMAS DESARROLLO2/Documents/NetBeansProjects/Inventarios/target/Inventarios-1.0-SNAPSHOT/WEB-INF/classes/_my_persistence_unit] [tid: _ThreadID=187 _ThreadName=admin-thread-pool::admin-listener(2)] [timeMillis: 1764957195234] [levelValue: 800] [[
  EclipseLink, version: Eclipse Persistence Services - 5.0.0-B08.payara-p1.v202511041741-60b8f7dca8141786130b4d36785fdcc926eb8cff]]

[2025-12-05T11:53:15.779-0600] [Payara 7.2025.1] [INFORMACIÓN] [] [org.eclipse.krazo.servlet.KrazoContainerInitializer] [tid: _ThreadID=187 _ThreadName=admin-thread-pool::admin-listener(2)] [timeMillis: 1764957195779] [levelValue: 800] [[
  Eclipse Krazo version 4.0.0 started]]

[2025-12-05T11:53:15.780-0600] [Payara 7.2025.1] [INFORMACIÓN] [] [org.glassfish.soteria.servlet.SamRegistrationInstaller] [tid: _ThreadID=187 _ThreadName=admin-thread-pool::admin-listener(2)] [timeMillis: 1764957195780] [levelValue: 800] [[
  Initializing Soteria 4.0.1.payara-p1 for context '/Inventarios']]

[2025-12-05T11:53:15.961-0600] [Payara 7.2025.1] [INFORMACIÓN] [AS-WEB-GLUE-00172] [jakarta.enterprise.web] [tid: _ThreadID=187 _ThreadName=admin-thread-pool::admin-listener(2)] [timeMillis: 1764957195961] [levelValue: 800] [[
  Loading application [Inventarios-1.0-SNAPSHOT] at [/Inventarios]]]

[2025-12-05T11:53:16.029-0600] [Payara 7.2025.1] [INFORMACIÓN] [] [javax.enterprise.system.core] [tid: _ThreadID=187 _ThreadName=admin-thread-pool::admin-listener(2)] [timeMillis: 1764957196029] [levelValue: 800] [[
  Inventarios-1.0-SNAPSHOT was successfully deployed in 1,193 milliseconds.]]

[2025-12-05T11:53:38.213-0600] [Payara 7.2025.1] [ADVERTENCIA] [] [jakarta.enterprise.web.util] [tid: _ThreadID=151 _ThreadName=admin-thread-pool::admin-listener(1)] [timeMillis: 1764957218213] [levelValue: 900] [[
  The web application [/Inventarios] registered the JDBC driver [com.mysql.cj.jdbc.Driver] but failed to unregister it when the web application was stopped. To prevent a memory leak, the JDBC Driver has been forcibly unregistered.]]

[2025-12-05T11:53:38.522-0600] [Payara 7.2025.1] [INFORMACIÓN] [] [javax.enterprise.system.core] [tid: _ThreadID=187 _ThreadName=admin-thread-pool::admin-listener(2)] [timeMillis: 1764957218522] [levelValue: 800] [[
  No deployment transformer implementation found.]]

[2025-12-05T11:53:38.677-0600] [Payara 7.2025.1] [INFORMACIÓN] [] [org.eclipse.persistence.session./file:/C:/Users/SISTEMAS DESARROLLO2/Documents/NetBeansProjects/Inventarios/target/Inventarios-1.0-SNAPSHOT/WEB-INF/classes/_my_persistence_unit] [tid: _ThreadID=187 _ThreadName=admin-thread-pool::admin-listener(2)] [timeMillis: 1764957218677] [levelValue: 800] [[
  EclipseLink, version: Eclipse Persistence Services - 5.0.0-B08.payara-p1.v202511041741-60b8f7dca8141786130b4d36785fdcc926eb8cff]]

[2025-12-05T11:53:39.041-0600] [Payara 7.2025.1] [INFORMACIÓN] [] [org.eclipse.krazo.servlet.KrazoContainerInitializer] [tid: _ThreadID=187 _ThreadName=admin-thread-pool::admin-listener(2)] [timeMillis: 1764957219041] [levelValue: 800] [[
  Eclipse Krazo version 4.0.0 started]]

[2025-12-05T11:53:39.041-0600] [Payara 7.2025.1] [INFORMACIÓN] [] [org.glassfish.soteria.servlet.SamRegistrationInstaller] [tid: _ThreadID=187 _ThreadName=admin-thread-pool::admin-listener(2)] [timeMillis: 1764957219041] [levelValue: 800] [[
  Initializing Soteria 4.0.1.payara-p1 for context '/Inventarios']]

[2025-12-05T11:53:39.158-0600] [Payara 7.2025.1] [INFORMACIÓN] [AS-WEB-GLUE-00172] [jakarta.enterprise.web] [tid: _ThreadID=187 _ThreadName=admin-thread-pool::admin-listener(2)] [timeMillis: 1764957219158] [levelValue: 800] [[
  Loading application [Inventarios-1.0-SNAPSHOT] at [/Inventarios]]]

[2025-12-05T11:53:39.184-0600] [Payara 7.2025.1] [INFORMACIÓN] [] [javax.enterprise.system.core] [tid: _ThreadID=187 _ThreadName=admin-thread-pool::admin-listener(2)] [timeMillis: 1764957219184] [levelValue: 800] [[
  Inventarios-1.0-SNAPSHOT was successfully deployed in 824 milliseconds.]]

[2025-12-05T11:54:25.447-0600] [Payara 7.2025.1] [ADVERTENCIA] [] [jakarta.enterprise.web.util] [tid: _ThreadID=221 _ThreadName=admin-thread-pool::admin-listener(4)] [timeMillis: 1764957265447] [levelValue: 900] [[
  The web application [/Inventarios] registered the JDBC driver [com.mysql.cj.jdbc.Driver] but failed to unregister it when the web application was stopped. To prevent a memory leak, the JDBC Driver has been forcibly unregistered.]]

[2025-12-05T11:54:25.745-0600] [Payara 7.2025.1] [INFORMACIÓN] [] [javax.enterprise.system.core] [tid: _ThreadID=187 _ThreadName=admin-thread-pool::admin-listener(2)] [timeMillis: 1764957265745] [levelValue: 800] [[
  No deployment transformer implementation found.]]

[2025-12-05T11:54:25.861-0600] [Payara 7.2025.1] [INFORMACIÓN] [] [org.eclipse.persistence.session./file:/C:/Users/SISTEMAS DESARROLLO2/Documents/NetBeansProjects/Inventarios/target/Inventarios-1.0-SNAPSHOT/WEB-INF/classes/_my_persistence_unit] [tid: _ThreadID=187 _ThreadName=admin-thread-pool::admin-listener(2)] [timeMillis: 1764957265861] [levelValue: 800] [[
  EclipseLink, version: Eclipse Persistence Services - 5.0.0-B08.payara-p1.v202511041741-60b8f7dca8141786130b4d36785fdcc926eb8cff]]

[2025-12-05T11:54:26.165-0600] [Payara 7.2025.1] [INFORMACIÓN] [] [org.eclipse.krazo.servlet.KrazoContainerInitializer] [tid: _ThreadID=187 _ThreadName=admin-thread-pool::admin-listener(2)] [timeMillis: 1764957266165] [levelValue: 800] [[
  Eclipse Krazo version 4.0.0 started]]

[2025-12-05T11:54:26.165-0600] [Payara 7.2025.1] [INFORMACIÓN] [] [org.glassfish.soteria.servlet.SamRegistrationInstaller] [tid: _ThreadID=187 _ThreadName=admin-thread-pool::admin-listener(2)] [timeMillis: 1764957266165] [levelValue: 800] [[
  Initializing Soteria 4.0.1.payara-p1 for context '/Inventarios']]

[2025-12-05T11:54:26.262-0600] [Payara 7.2025.1] [INFORMACIÓN] [AS-WEB-GLUE-00172] [jakarta.enterprise.web] [tid: _ThreadID=187 _ThreadName=admin-thread-pool::admin-listener(2)] [timeMillis: 1764957266262] [levelValue: 800] [[
  Loading application [Inventarios-1.0-SNAPSHOT] at [/Inventarios]]]

[2025-12-05T11:54:26.289-0600] [Payara 7.2025.1] [INFORMACIÓN] [] [javax.enterprise.system.core] [tid: _ThreadID=187 _ThreadName=admin-thread-pool::admin-listener(2)] [timeMillis: 1764957266289] [levelValue: 800] [[
  Inventarios-1.0-SNAPSHOT was successfully deployed in 703 milliseconds.]]

[2025-12-05T11:55:39.454-0600] [Payara 7.2025.1] [ADVERTENCIA] [] [jakarta.enterprise.web.util] [tid: _ThreadID=190 _ThreadName=admin-thread-pool::admin-listener(3)] [timeMillis: 1764957339454] [levelValue: 900] [[
  The web application [/Inventarios] registered the JDBC driver [com.mysql.cj.jdbc.Driver] but failed to unregister it when the web application was stopped. To prevent a memory leak, the JDBC Driver has been forcibly unregistered.]]

[2025-12-05T11:55:39.773-0600] [Payara 7.2025.1] [INFORMACIÓN] [] [javax.enterprise.system.core] [tid: _ThreadID=151 _ThreadName=admin-thread-pool::admin-listener(1)] [timeMillis: 1764957339773] [levelValue: 800] [[
  No deployment transformer implementation found.]]

[2025-12-05T11:55:39.890-0600] [Payara 7.2025.1] [INFORMACIÓN] [] [org.eclipse.persistence.session./file:/C:/Users/SISTEMAS DESARROLLO2/Documents/NetBeansProjects/Inventarios/target/Inventarios-1.0-SNAPSHOT/WEB-INF/classes/_my_persistence_unit] [tid: _ThreadID=151 _ThreadName=admin-thread-pool::admin-listener(1)] [timeMillis: 1764957339890] [levelValue: 800] [[
  EclipseLink, version: Eclipse Persistence Services - 5.0.0-B08.payara-p1.v202511041741-60b8f7dca8141786130b4d36785fdcc926eb8cff]]

[2025-12-05T11:55:40.170-0600] [Payara 7.2025.1] [INFORMACIÓN] [] [org.eclipse.krazo.servlet.KrazoContainerInitializer] [tid: _ThreadID=151 _ThreadName=admin-thread-pool::admin-listener(1)] [timeMillis: 1764957340170] [levelValue: 800] [[
  Eclipse Krazo version 4.0.0 started]]

[2025-12-05T11:55:40.171-0600] [Payara 7.2025.1] [INFORMACIÓN] [] [org.glassfish.soteria.servlet.SamRegistrationInstaller] [tid: _ThreadID=151 _ThreadName=admin-thread-pool::admin-listener(1)] [timeMillis: 1764957340171] [levelValue: 800] [[
  Initializing Soteria 4.0.1.payara-p1 for context '/Inventarios']]

[2025-12-05T11:55:40.249-0600] [Payara 7.2025.1] [INFORMACIÓN] [AS-WEB-GLUE-00172] [jakarta.enterprise.web] [tid: _ThreadID=151 _ThreadName=admin-thread-pool::admin-listener(1)] [timeMillis: 1764957340249] [levelValue: 800] [[
  Loading application [Inventarios-1.0-SNAPSHOT] at [/Inventarios]]]

[2025-12-05T11:55:40.277-0600] [Payara 7.2025.1] [INFORMACIÓN] [] [javax.enterprise.system.core] [tid: _ThreadID=151 _ThreadName=admin-thread-pool::admin-listener(1)] [timeMillis: 1764957340277] [levelValue: 800] [[
  Inventarios-1.0-SNAPSHOT was successfully deployed in 664 milliseconds.]]

[2025-12-05T12:37:35.955-0600] [Payara 7.2025.1] [ADVERTENCIA] [] [jakarta.enterprise.web.util] [tid: _ThreadID=221 _ThreadName=admin-thread-pool::admin-listener(4)] [timeMillis: 1764959855955] [levelValue: 900] [[
  The web application [/Inventarios] registered the JDBC driver [com.mysql.cj.jdbc.Driver] but failed to unregister it when the web application was stopped. To prevent a memory leak, the JDBC Driver has been forcibly unregistered.]]

[2025-12-05T12:37:36.470-0600] [Payara 7.2025.1] [INFORMACIÓN] [] [javax.enterprise.system.core] [tid: _ThreadID=187 _ThreadName=admin-thread-pool::admin-listener(2)] [timeMillis: 1764959856470] [levelValue: 800] [[
  No deployment transformer implementation found.]]

[2025-12-05T12:37:36.799-0600] [Payara 7.2025.1] [INFORMACIÓN] [] [org.eclipse.persistence.session./file:/C:/Users/SISTEMAS DESARROLLO2/Documents/NetBeansProjects/Inventarios/target/Inventarios-1.0-SNAPSHOT/WEB-INF/classes/_my_persistence_unit] [tid: _ThreadID=187 _ThreadName=admin-thread-pool::admin-listener(2)] [timeMillis: 1764959856799] [levelValue: 800] [[
  EclipseLink, version: Eclipse Persistence Services - 5.0.0-B08.payara-p1.v202511041741-60b8f7dca8141786130b4d36785fdcc926eb8cff]]

[2025-12-05T12:37:37.523-0600] [Payara 7.2025.1] [INFORMACIÓN] [] [org.eclipse.krazo.servlet.KrazoContainerInitializer] [tid: _ThreadID=187 _ThreadName=admin-thread-pool::admin-listener(2)] [timeMillis: 1764959857523] [levelValue: 800] [[
  Eclipse Krazo version 4.0.0 started]]

[2025-12-05T12:37:37.523-0600] [Payara 7.2025.1] [INFORMACIÓN] [] [org.glassfish.soteria.servlet.SamRegistrationInstaller] [tid: _ThreadID=187 _ThreadName=admin-thread-pool::admin-listener(2)] [timeMillis: 1764959857523] [levelValue: 800] [[
  Initializing Soteria 4.0.1.payara-p1 for context '/Inventarios']]

[2025-12-05T12:37:37.763-0600] [Payara 7.2025.1] [INFORMACIÓN] [AS-WEB-GLUE-00172] [jakarta.enterprise.web] [tid: _ThreadID=187 _ThreadName=admin-thread-pool::admin-listener(2)] [timeMillis: 1764959857763] [levelValue: 800] [[
  Loading application [Inventarios-1.0-SNAPSHOT] at [/Inventarios]]]

[2025-12-05T12:37:37.845-0600] [Payara 7.2025.1] [INFORMACIÓN] [] [javax.enterprise.system.core] [tid: _ThreadID=187 _ThreadName=admin-thread-pool::admin-listener(2)] [timeMillis: 1764959857845] [levelValue: 800] [[
  Inventarios-1.0-SNAPSHOT was successfully deployed in 1,595 milliseconds.]]

[2025-12-05T12:43:43.655-0600] [Payara 7.2025.1] [ADVERTENCIA] [] [jakarta.enterprise.web.util] [tid: _ThreadID=221 _ThreadName=admin-thread-pool::admin-listener(4)] [timeMillis: 1764960223655] [levelValue: 900] [[
  The web application [/Inventarios] registered the JDBC driver [com.mysql.cj.jdbc.Driver] but failed to unregister it when the web application was stopped. To prevent a memory leak, the JDBC Driver has been forcibly unregistered.]]

[2025-12-05T12:43:44.077-0600] [Payara 7.2025.1] [INFORMACIÓN] [] [javax.enterprise.system.core] [tid: _ThreadID=151 _ThreadName=admin-thread-pool::admin-listener(1)] [timeMillis: 1764960224077] [levelValue: 800] [[
  No deployment transformer implementation found.]]

[2025-12-05T12:43:44.547-0600] [Payara 7.2025.1] [INFORMACIÓN] [] [org.eclipse.persistence.session./file:/C:/Users/SISTEMAS DESARROLLO2/Documents/NetBeansProjects/Inventarios/target/Inventarios-1.0-SNAPSHOT/WEB-INF/classes/_my_persistence_unit] [tid: _ThreadID=151 _ThreadName=admin-thread-pool::admin-listener(1)] [timeMillis: 1764960224547] [levelValue: 800] [[
  EclipseLink, version: Eclipse Persistence Services - 5.0.0-B08.payara-p1.v202511041741-60b8f7dca8141786130b4d36785fdcc926eb8cff]]

[2025-12-05T12:43:45.305-0600] [Payara 7.2025.1] [INFORMACIÓN] [] [org.eclipse.krazo.servlet.KrazoContainerInitializer] [tid: _ThreadID=151 _ThreadName=admin-thread-pool::admin-listener(1)] [timeMillis: 1764960225305] [levelValue: 800] [[
  Eclipse Krazo version 4.0.0 started]]

[2025-12-05T12:43:45.306-0600] [Payara 7.2025.1] [INFORMACIÓN] [] [org.glassfish.soteria.servlet.SamRegistrationInstaller] [tid: _ThreadID=151 _ThreadName=admin-thread-pool::admin-listener(1)] [timeMillis: 1764960225306] [levelValue: 800] [[
  Initializing Soteria 4.0.1.payara-p1 for context '/Inventarios']]

[2025-12-05T12:43:45.568-0600] [Payara 7.2025.1] [INFORMACIÓN] [AS-WEB-GLUE-00172] [jakarta.enterprise.web] [tid: _ThreadID=151 _ThreadName=admin-thread-pool::admin-listener(1)] [timeMillis: 1764960225568] [levelValue: 800] [[
  Loading application [Inventarios-1.0-SNAPSHOT] at [/Inventarios]]]

[2025-12-05T12:43:45.731-0600] [Payara 7.2025.1] [INFORMACIÓN] [] [javax.enterprise.system.core] [tid: _ThreadID=151 _ThreadName=admin-thread-pool::admin-listener(1)] [timeMillis: 1764960225731] [levelValue: 800] [[
  Inventarios-1.0-SNAPSHOT was successfully deployed in 1,759 milliseconds.]]

[2025-12-05T12:45:09.370-0600] [Payara 7.2025.1] [ADVERTENCIA] [] [jakarta.enterprise.web.util] [tid: _ThreadID=151 _ThreadName=admin-thread-pool::admin-listener(1)] [timeMillis: 1764960309370] [levelValue: 900] [[
  The web application [/Inventarios] registered the JDBC driver [com.mysql.cj.jdbc.Driver] but failed to unregister it when the web application was stopped. To prevent a memory leak, the JDBC Driver has been forcibly unregistered.]]

[2025-12-05T12:45:09.673-0600] [Payara 7.2025.1] [INFORMACIÓN] [] [javax.enterprise.system.core] [tid: _ThreadID=190 _ThreadName=admin-thread-pool::admin-listener(3)] [timeMillis: 1764960309673] [levelValue: 800] [[
  No deployment transformer implementation found.]]

[2025-12-05T12:45:09.805-0600] [Payara 7.2025.1] [INFORMACIÓN] [] [org.eclipse.persistence.session./file:/C:/Users/SISTEMAS DESARROLLO2/Documents/NetBeansProjects/Inventarios/target/Inventarios-1.0-SNAPSHOT/WEB-INF/classes/_my_persistence_unit] [tid: _ThreadID=190 _ThreadName=admin-thread-pool::admin-listener(3)] [timeMillis: 1764960309805] [levelValue: 800] [[
  EclipseLink, version: Eclipse Persistence Services - 5.0.0-B08.payara-p1.v202511041741-60b8f7dca8141786130b4d36785fdcc926eb8cff]]

[2025-12-05T12:45:10.165-0600] [Payara 7.2025.1] [INFORMACIÓN] [] [org.eclipse.krazo.servlet.KrazoContainerInitializer] [tid: _ThreadID=190 _ThreadName=admin-thread-pool::admin-listener(3)] [timeMillis: 1764960310165] [levelValue: 800] [[
  Eclipse Krazo version 4.0.0 started]]

[2025-12-05T12:45:10.166-0600] [Payara 7.2025.1] [INFORMACIÓN] [] [org.glassfish.soteria.servlet.SamRegistrationInstaller] [tid: _ThreadID=190 _ThreadName=admin-thread-pool::admin-listener(3)] [timeMillis: 1764960310166] [levelValue: 800] [[
  Initializing Soteria 4.0.1.payara-p1 for context '/Inventarios']]

[2025-12-05T12:45:10.269-0600] [Payara 7.2025.1] [INFORMACIÓN] [AS-WEB-GLUE-00172] [jakarta.enterprise.web] [tid: _ThreadID=190 _ThreadName=admin-thread-pool::admin-listener(3)] [timeMillis: 1764960310269] [levelValue: 800] [[
  Loading application [Inventarios-1.0-SNAPSHOT] at [/Inventarios]]]

[2025-12-05T12:45:10.299-0600] [Payara 7.2025.1] [INFORMACIÓN] [] [javax.enterprise.system.core] [tid: _ThreadID=190 _ThreadName=admin-thread-pool::admin-listener(3)] [timeMillis: 1764960310299] [levelValue: 800] [[
  Inventarios-1.0-SNAPSHOT was successfully deployed in 777 milliseconds.]]

[2025-12-05T12:48:32.002-0600] [Payara 7.2025.1] [ADVERTENCIA] [] [jakarta.enterprise.web.util] [tid: _ThreadID=221 _ThreadName=admin-thread-pool::admin-listener(4)] [timeMillis: 1764960512002] [levelValue: 900] [[
  The web application [/Inventarios] registered the JDBC driver [com.mysql.cj.jdbc.Driver] but failed to unregister it when the web application was stopped. To prevent a memory leak, the JDBC Driver has been forcibly unregistered.]]

[2025-12-05T12:48:32.350-0600] [Payara 7.2025.1] [INFORMACIÓN] [] [javax.enterprise.system.core] [tid: _ThreadID=151 _ThreadName=admin-thread-pool::admin-listener(1)] [timeMillis: 1764960512350] [levelValue: 800] [[
  No deployment transformer implementation found.]]

[2025-12-05T12:48:32.481-0600] [Payara 7.2025.1] [INFORMACIÓN] [] [org.eclipse.persistence.session./file:/C:/Users/SISTEMAS DESARROLLO2/Documents/NetBeansProjects/Inventarios/target/Inventarios-1.0-SNAPSHOT/WEB-INF/classes/_my_persistence_unit] [tid: _ThreadID=151 _ThreadName=admin-thread-pool::admin-listener(1)] [timeMillis: 1764960512481] [levelValue: 800] [[
  EclipseLink, version: Eclipse Persistence Services - 5.0.0-B08.payara-p1.v202511041741-60b8f7dca8141786130b4d36785fdcc926eb8cff]]

[2025-12-05T12:48:32.796-0600] [Payara 7.2025.1] [INFORMACIÓN] [] [org.eclipse.krazo.servlet.KrazoContainerInitializer] [tid: _ThreadID=151 _ThreadName=admin-thread-pool::admin-listener(1)] [timeMillis: 1764960512796] [levelValue: 800] [[
  Eclipse Krazo version 4.0.0 started]]

[2025-12-05T12:48:32.796-0600] [Payara 7.2025.1] [INFORMACIÓN] [] [org.glassfish.soteria.servlet.SamRegistrationInstaller] [tid: _ThreadID=151 _ThreadName=admin-thread-pool::admin-listener(1)] [timeMillis: 1764960512796] [levelValue: 800] [[
  Initializing Soteria 4.0.1.payara-p1 for context '/Inventarios']]

[2025-12-05T12:48:32.912-0600] [Payara 7.2025.1] [INFORMACIÓN] [AS-WEB-GLUE-00172] [jakarta.enterprise.web] [tid: _ThreadID=151 _ThreadName=admin-thread-pool::admin-listener(1)] [timeMillis: 1764960512912] [levelValue: 800] [[
  Loading application [Inventarios-1.0-SNAPSHOT] at [/Inventarios]]]

[2025-12-05T12:48:32.945-0600] [Payara 7.2025.1] [INFORMACIÓN] [] [javax.enterprise.system.core] [tid: _ThreadID=151 _ThreadName=admin-thread-pool::admin-listener(1)] [timeMillis: 1764960512945] [levelValue: 800] [[
  Inventarios-1.0-SNAPSHOT was successfully deployed in 766 milliseconds.]]

[2025-12-05T12:50:59.694-0600] [Payara 7.2025.1] [ADVERTENCIA] [] [jakarta.enterprise.web.util] [tid: _ThreadID=187 _ThreadName=admin-thread-pool::admin-listener(2)] [timeMillis: 1764960659694] [levelValue: 900] [[
  The web application [/Inventarios] registered the JDBC driver [com.mysql.cj.jdbc.Driver] but failed to unregister it when the web application was stopped. To prevent a memory leak, the JDBC Driver has been forcibly unregistered.]]

[2025-12-05T12:51:00.057-0600] [Payara 7.2025.1] [INFORMACIÓN] [] [javax.enterprise.system.core] [tid: _ThreadID=190 _ThreadName=admin-thread-pool::admin-listener(3)] [timeMillis: 1764960660057] [levelValue: 800] [[
  No deployment transformer implementation found.]]

[2025-12-05T12:51:00.344-0600] [Payara 7.2025.1] [INFORMACIÓN] [] [org.eclipse.persistence.session./file:/C:/Users/SISTEMAS DESARROLLO2/Documents/NetBeansProjects/Inventarios/target/Inventarios-1.0-SNAPSHOT/WEB-INF/classes/_my_persistence_unit] [tid: _ThreadID=190 _ThreadName=admin-thread-pool::admin-listener(3)] [timeMillis: 1764960660344] [levelValue: 800] [[
  EclipseLink, version: Eclipse Persistence Services - 5.0.0-B08.payara-p1.v202511041741-60b8f7dca8141786130b4d36785fdcc926eb8cff]]

[2025-12-05T12:51:01.005-0600] [Payara 7.2025.1] [INFORMACIÓN] [] [org.eclipse.krazo.servlet.KrazoContainerInitializer] [tid: _ThreadID=190 _ThreadName=admin-thread-pool::admin-listener(3)] [timeMillis: 1764960661005] [levelValue: 800] [[
  Eclipse Krazo version 4.0.0 started]]

[2025-12-05T12:51:01.007-0600] [Payara 7.2025.1] [INFORMACIÓN] [] [org.glassfish.soteria.servlet.SamRegistrationInstaller] [tid: _ThreadID=190 _ThreadName=admin-thread-pool::admin-listener(3)] [timeMillis: 1764960661007] [levelValue: 800] [[
  Initializing Soteria 4.0.1.payara-p1 for context '/Inventarios']]

[2025-12-05T12:51:01.194-0600] [Payara 7.2025.1] [INFORMACIÓN] [AS-WEB-GLUE-00172] [jakarta.enterprise.web] [tid: _ThreadID=190 _ThreadName=admin-thread-pool::admin-listener(3)] [timeMillis: 1764960661194] [levelValue: 800] [[
  Loading application [Inventarios-1.0-SNAPSHOT] at [/Inventarios]]]

[2025-12-05T12:51:01.261-0600] [Payara 7.2025.1] [INFORMACIÓN] [] [javax.enterprise.system.core] [tid: _ThreadID=190 _ThreadName=admin-thread-pool::admin-listener(3)] [timeMillis: 1764960661261] [levelValue: 800] [[
  Inventarios-1.0-SNAPSHOT was successfully deployed in 1,370 milliseconds.]]

[2025-12-05T12:51:25.547-0600] [Payara 7.2025.1] [ADVERTENCIA] [] [jakarta.enterprise.web] [tid: _ThreadID=141 _ThreadName=http-thread-pool::http-listener-1(5)] [timeMillis: 1764960685547] [levelValue: 900] [[
  StandardWrapperValve[jsp]: Servlet.service() for servlet jsp threw exception
java.lang.NullPointerException: Cannot invoke "Object.equals(Object)" because the return value of "jakarta.servlet.http.HttpSession.getAttribute(String)" is null
	at org.apache.jsp.inventario_jsp._jspService(inventario_jsp.java:129)
	at org.glassfish.wasp.runtime.HttpJspBase.service(HttpJspBase.java:68)
	at jakarta.servlet.http.HttpServlet.service(HttpServlet.java:723)
	at org.glassfish.wasp.servlet.JspServletWrapper.service(JspServletWrapper.java:315)
	at org.glassfish.wasp.servlet.JspServlet.serviceJspFile(JspServlet.java:358)
	at org.glassfish.wasp.servlet.JspServlet.service(JspServlet.java:287)
	at jakarta.servlet.http.HttpServlet.service(HttpServlet.java:723)
	at org.apache.catalina.core.StandardWrapper.service(StandardWrapper.java:1554)
	at org.apache.catalina.core.ApplicationFilterChain.internalDoFilter(ApplicationFilterChain.java:331)
	at org.apache.catalina.core.ApplicationFilterChain.doFilter(ApplicationFilterChain.java:211)
	at com.sergio.inventarios.security.PageFilter.doFilter(PageFilter.java:64)
	at org.apache.catalina.core.ApplicationFilterChain.internalDoFilter(ApplicationFilterChain.java:253)
	at org.apache.catalina.core.ApplicationFilterChain.doFilter(ApplicationFilterChain.java:211)
	at org.apache.catalina.core.StandardWrapperValve.invoke(StandardWrapperValve.java:257)
	at org.apache.catalina.core.StandardContextValve.invoke(StandardContextValve.java:166)
	at org.apache.catalina.core.StandardPipeline.doInvoke(StandardPipeline.java:757)
	at org.apache.catalina.core.StandardPipeline.invoke(StandardPipeline.java:577)
	at com.sun.enterprise.web.WebPipeline.invoke(WebPipeline.java:99)
	at org.apache.catalina.core.StandardHostValve.invoke(StandardHostValve.java:158)
	at org.apache.catalina.connector.CoyoteAdapter.doService(CoyoteAdapter.java:366)
	at org.apache.catalina.connector.CoyoteAdapter.service(CoyoteAdapter.java:238)
	at com.sun.enterprise.v3.services.impl.ContainerMapper$HttpHandlerCallable.call(ContainerMapper.java:520)
	at com.sun.enterprise.v3.services.impl.ContainerMapper.service(ContainerMapper.java:217)
	at org.glassfish.grizzly.http.server.HttpHandler.runService(HttpHandler.java:174)
	at org.glassfish.grizzly.http.server.HttpHandler.doHandle(HttpHandler.java:153)
	at org.glassfish.grizzly.http.server.HttpServerFilter.handleRead(HttpServerFilter.java:196)
	at org.glassfish.grizzly.filterchain.ExecutorResolver$9.execute(ExecutorResolver.java:88)
	at org.glassfish.grizzly.filterchain.DefaultFilterChain.executeFilter(DefaultFilterChain.java:246)
	at org.glassfish.grizzly.filterchain.DefaultFilterChain.executeChainPart(DefaultFilterChain.java:178)
	at org.glassfish.grizzly.filterchain.DefaultFilterChain.execute(DefaultFilterChain.java:118)
	at org.glassfish.grizzly.filterchain.DefaultFilterChain.process(DefaultFilterChain.java:96)
	at org.glassfish.grizzly.ProcessorExecutor.execute(ProcessorExecutor.java:51)
	at org.glassfish.grizzly.nio.transport.TCPNIOTransport.fireIOEvent(TCPNIOTransport.java:510)
	at org.glassfish.grizzly.strategies.AbstractIOStrategy.fireIOEvent(AbstractIOStrategy.java:82)
	at org.glassfish.grizzly.strategies.WorkerThreadIOStrategy.run0(WorkerThreadIOStrategy.java:83)
	at org.glassfish.grizzly.strategies.WorkerThreadIOStrategy$WorkerThreadRunnable.run(WorkerThreadIOStrategy.java:101)
	at org.glassfish.grizzly.threadpool.AbstractThreadPool$Worker.doWork(AbstractThreadPool.java:535)
	at org.glassfish.grizzly.threadpool.AbstractThreadPool$Worker.run(AbstractThreadPool.java:515)
	at java.base/java.lang.Thread.run(Thread.java:1583)
]]

[2025-12-05T12:52:58.115-0600] [Payara 7.2025.1] [ADVERTENCIA] [] [jakarta.enterprise.web.util] [tid: _ThreadID=221 _ThreadName=admin-thread-pool::admin-listener(4)] [timeMillis: 1764960778115] [levelValue: 900] [[
  The web application [/Inventarios] registered the JDBC driver [com.mysql.cj.jdbc.Driver] but failed to unregister it when the web application was stopped. To prevent a memory leak, the JDBC Driver has been forcibly unregistered.]]

[2025-12-05T12:52:58.422-0600] [Payara 7.2025.1] [INFORMACIÓN] [] [javax.enterprise.system.core] [tid: _ThreadID=151 _ThreadName=admin-thread-pool::admin-listener(1)] [timeMillis: 1764960778422] [levelValue: 800] [[
  No deployment transformer implementation found.]]

[2025-12-05T12:52:58.572-0600] [Payara 7.2025.1] [INFORMACIÓN] [] [org.eclipse.persistence.session./file:/C:/Users/SISTEMAS DESARROLLO2/Documents/NetBeansProjects/Inventarios/target/Inventarios-1.0-SNAPSHOT/WEB-INF/classes/_my_persistence_unit] [tid: _ThreadID=151 _ThreadName=admin-thread-pool::admin-listener(1)] [timeMillis: 1764960778572] [levelValue: 800] [[
  EclipseLink, version: Eclipse Persistence Services - 5.0.0-B08.payara-p1.v202511041741-60b8f7dca8141786130b4d36785fdcc926eb8cff]]

[2025-12-05T12:52:59.000-0600] [Payara 7.2025.1] [INFORMACIÓN] [] [org.eclipse.krazo.servlet.KrazoContainerInitializer] [tid: _ThreadID=151 _ThreadName=admin-thread-pool::admin-listener(1)] [timeMillis: 1764960779000] [levelValue: 800] [[
  Eclipse Krazo version 4.0.0 started]]

[2025-12-05T12:52:59.001-0600] [Payara 7.2025.1] [INFORMACIÓN] [] [org.glassfish.soteria.servlet.SamRegistrationInstaller] [tid: _ThreadID=151 _ThreadName=admin-thread-pool::admin-listener(1)] [timeMillis: 1764960779001] [levelValue: 800] [[
  Initializing Soteria 4.0.1.payara-p1 for context '/Inventarios']]

[2025-12-05T12:52:59.174-0600] [Payara 7.2025.1] [INFORMACIÓN] [AS-WEB-GLUE-00172] [jakarta.enterprise.web] [tid: _ThreadID=151 _ThreadName=admin-thread-pool::admin-listener(1)] [timeMillis: 1764960779174] [levelValue: 800] [[
  Loading application [Inventarios-1.0-SNAPSHOT] at [/Inventarios]]]

[2025-12-05T12:52:59.250-0600] [Payara 7.2025.1] [INFORMACIÓN] [] [javax.enterprise.system.core] [tid: _ThreadID=151 _ThreadName=admin-thread-pool::admin-listener(1)] [timeMillis: 1764960779250] [levelValue: 800] [[
  Inventarios-1.0-SNAPSHOT was successfully deployed in 937 milliseconds.]]

[2025-12-05T12:53:47.281-0600] [Payara 7.2025.1] [ADVERTENCIA] [] [jakarta.enterprise.web.util] [tid: _ThreadID=190 _ThreadName=admin-thread-pool::admin-listener(3)] [timeMillis: 1764960827281] [levelValue: 900] [[
  The web application [/Inventarios] registered the JDBC driver [com.mysql.cj.jdbc.Driver] but failed to unregister it when the web application was stopped. To prevent a memory leak, the JDBC Driver has been forcibly unregistered.]]

[2025-12-05T12:54:07.801-0600] [Payara 7.2025.1] [INFORMACIÓN] [] [javax.enterprise.system.core] [tid: _ThreadID=151 _ThreadName=admin-thread-pool::admin-listener(1)] [timeMillis: 1764960847801] [levelValue: 800] [[
  No deployment transformer implementation found.]]

[2025-12-05T12:54:07.930-0600] [Payara 7.2025.1] [INFORMACIÓN] [] [org.eclipse.persistence.session./file:/C:/Users/SISTEMAS DESARROLLO2/Documents/NetBeansProjects/Inventarios/target/Inventarios-1.0-SNAPSHOT/WEB-INF/classes/_my_persistence_unit] [tid: _ThreadID=151 _ThreadName=admin-thread-pool::admin-listener(1)] [timeMillis: 1764960847930] [levelValue: 800] [[
  EclipseLink, version: Eclipse Persistence Services - 5.0.0-B08.payara-p1.v202511041741-60b8f7dca8141786130b4d36785fdcc926eb8cff]]

[2025-12-05T12:54:08.231-0600] [Payara 7.2025.1] [INFORMACIÓN] [] [org.eclipse.krazo.servlet.KrazoContainerInitializer] [tid: _ThreadID=151 _ThreadName=admin-thread-pool::admin-listener(1)] [timeMillis: 1764960848231] [levelValue: 800] [[
  Eclipse Krazo version 4.0.0 started]]

[2025-12-05T12:54:08.231-0600] [Payara 7.2025.1] [INFORMACIÓN] [] [org.glassfish.soteria.servlet.SamRegistrationInstaller] [tid: _ThreadID=151 _ThreadName=admin-thread-pool::admin-listener(1)] [timeMillis: 1764960848231] [levelValue: 800] [[
  Initializing Soteria 4.0.1.payara-p1 for context '/Inventarios']]

[2025-12-05T12:54:08.339-0600] [Payara 7.2025.1] [INFORMACIÓN] [AS-WEB-GLUE-00172] [jakarta.enterprise.web] [tid: _ThreadID=151 _ThreadName=admin-thread-pool::admin-listener(1)] [timeMillis: 1764960848339] [levelValue: 800] [[
  Loading application [Inventarios-1.0-SNAPSHOT] at [/Inventarios]]]

[2025-12-05T12:54:08.408-0600] [Payara 7.2025.1] [INFORMACIÓN] [] [javax.enterprise.system.core] [tid: _ThreadID=151 _ThreadName=admin-thread-pool::admin-listener(1)] [timeMillis: 1764960848408] [levelValue: 800] [[
  Inventarios-1.0-SNAPSHOT was successfully deployed in 728 milliseconds.]]

[2025-12-05T12:55:59.095-0600] [Payara 7.2025.1] [ADVERTENCIA] [] [jakarta.enterprise.web.util] [tid: _ThreadID=190 _ThreadName=admin-thread-pool::admin-listener(3)] [timeMillis: 1764960959095] [levelValue: 900] [[
  The web application [/Inventarios] registered the JDBC driver [com.mysql.cj.jdbc.Driver] but failed to unregister it when the web application was stopped. To prevent a memory leak, the JDBC Driver has been forcibly unregistered.]]

[2025-12-05T12:55:59.412-0600] [Payara 7.2025.1] [INFORMACIÓN] [] [javax.enterprise.system.core] [tid: _ThreadID=187 _ThreadName=admin-thread-pool::admin-listener(2)] [timeMillis: 1764960959412] [levelValue: 800] [[
  No deployment transformer implementation found.]]

[2025-12-05T12:55:59.555-0600] [Payara 7.2025.1] [INFORMACIÓN] [] [org.eclipse.persistence.session./file:/C:/Users/SISTEMAS DESARROLLO2/Documents/NetBeansProjects/Inventarios/target/Inventarios-1.0-SNAPSHOT/WEB-INF/classes/_my_persistence_unit] [tid: _ThreadID=187 _ThreadName=admin-thread-pool::admin-listener(2)] [timeMillis: 1764960959555] [levelValue: 800] [[
  EclipseLink, version: Eclipse Persistence Services - 5.0.0-B08.payara-p1.v202511041741-60b8f7dca8141786130b4d36785fdcc926eb8cff]]

[2025-12-05T12:55:59.815-0600] [Payara 7.2025.1] [INFORMACIÓN] [] [org.eclipse.krazo.servlet.KrazoContainerInitializer] [tid: _ThreadID=187 _ThreadName=admin-thread-pool::admin-listener(2)] [timeMillis: 1764960959815] [levelValue: 800] [[
  Eclipse Krazo version 4.0.0 started]]

[2025-12-05T12:55:59.816-0600] [Payara 7.2025.1] [INFORMACIÓN] [] [org.glassfish.soteria.servlet.SamRegistrationInstaller] [tid: _ThreadID=187 _ThreadName=admin-thread-pool::admin-listener(2)] [timeMillis: 1764960959816] [levelValue: 800] [[
  Initializing Soteria 4.0.1.payara-p1 for context '/Inventarios']]

[2025-12-05T12:55:59.915-0600] [Payara 7.2025.1] [INFORMACIÓN] [AS-WEB-GLUE-00172] [jakarta.enterprise.web] [tid: _ThreadID=187 _ThreadName=admin-thread-pool::admin-listener(2)] [timeMillis: 1764960959915] [levelValue: 800] [[
  Loading application [Inventarios-1.0-SNAPSHOT] at [/Inventarios]]]

[2025-12-05T12:55:59.945-0600] [Payara 7.2025.1] [INFORMACIÓN] [] [javax.enterprise.system.core] [tid: _ThreadID=187 _ThreadName=admin-thread-pool::admin-listener(2)] [timeMillis: 1764960959945] [levelValue: 800] [[
  Inventarios-1.0-SNAPSHOT was successfully deployed in 689 milliseconds.]]

[2025-12-05T13:06:06.301-0600] [Payara 7.2025.1] [ADVERTENCIA] [] [jakarta.enterprise.web.util] [tid: _ThreadID=221 _ThreadName=admin-thread-pool::admin-listener(4)] [timeMillis: 1764961566301] [levelValue: 900] [[
  The web application [/Inventarios] registered the JDBC driver [com.mysql.cj.jdbc.Driver] but failed to unregister it when the web application was stopped. To prevent a memory leak, the JDBC Driver has been forcibly unregistered.]]

[2025-12-05T13:06:06.652-0600] [Payara 7.2025.1] [INFORMACIÓN] [] [javax.enterprise.system.core] [tid: _ThreadID=190 _ThreadName=admin-thread-pool::admin-listener(3)] [timeMillis: 1764961566652] [levelValue: 800] [[
  No deployment transformer implementation found.]]

[2025-12-05T13:06:06.906-0600] [Payara 7.2025.1] [INFORMACIÓN] [] [org.eclipse.persistence.session./file:/C:/Users/SISTEMAS DESARROLLO2/Documents/NetBeansProjects/Inventarios/target/Inventarios-1.0-SNAPSHOT/WEB-INF/classes/_my_persistence_unit] [tid: _ThreadID=190 _ThreadName=admin-thread-pool::admin-listener(3)] [timeMillis: 1764961566906] [levelValue: 800] [[
  EclipseLink, version: Eclipse Persistence Services - 5.0.0-B08.payara-p1.v202511041741-60b8f7dca8141786130b4d36785fdcc926eb8cff]]

[2025-12-05T13:06:07.553-0600] [Payara 7.2025.1] [INFORMACIÓN] [] [org.eclipse.krazo.servlet.KrazoContainerInitializer] [tid: _ThreadID=190 _ThreadName=admin-thread-pool::admin-listener(3)] [timeMillis: 1764961567553] [levelValue: 800] [[
  Eclipse Krazo version 4.0.0 started]]

[2025-12-05T13:06:07.553-0600] [Payara 7.2025.1] [INFORMACIÓN] [] [org.glassfish.soteria.servlet.SamRegistrationInstaller] [tid: _ThreadID=190 _ThreadName=admin-thread-pool::admin-listener(3)] [timeMillis: 1764961567553] [levelValue: 800] [[
  Initializing Soteria 4.0.1.payara-p1 for context '/Inventarios']]

[2025-12-05T13:06:07.771-0600] [Payara 7.2025.1] [INFORMACIÓN] [AS-WEB-GLUE-00172] [jakarta.enterprise.web] [tid: _ThreadID=190 _ThreadName=admin-thread-pool::admin-listener(3)] [timeMillis: 1764961567771] [levelValue: 800] [[
  Loading application [Inventarios-1.0-SNAPSHOT] at [/Inventarios]]]

[2025-12-05T13:06:07.852-0600] [Payara 7.2025.1] [INFORMACIÓN] [] [javax.enterprise.system.core] [tid: _ThreadID=190 _ThreadName=admin-thread-pool::admin-listener(3)] [timeMillis: 1764961567852] [levelValue: 800] [[
  Inventarios-1.0-SNAPSHOT was successfully deployed in 1,310 milliseconds.]]

[2025-12-05T13:16:25.373-0600] [Payara 7.2025.1] [ADVERTENCIA] [] [jakarta.enterprise.web.util] [tid: _ThreadID=187 _ThreadName=admin-thread-pool::admin-listener(2)] [timeMillis: 1764962185373] [levelValue: 900] [[
  The web application [/Inventarios] registered the JDBC driver [com.mysql.cj.jdbc.Driver] but failed to unregister it when the web application was stopped. To prevent a memory leak, the JDBC Driver has been forcibly unregistered.]]

[2025-12-05T13:16:25.719-0600] [Payara 7.2025.1] [INFORMACIÓN] [] [javax.enterprise.system.core] [tid: _ThreadID=190 _ThreadName=admin-thread-pool::admin-listener(3)] [timeMillis: 1764962185719] [levelValue: 800] [[
  No deployment transformer implementation found.]]

[2025-12-05T13:16:25.893-0600] [Payara 7.2025.1] [INFORMACIÓN] [] [org.eclipse.persistence.session./file:/C:/Users/SISTEMAS DESARROLLO2/Documents/NetBeansProjects/Inventarios/target/Inventarios-1.0-SNAPSHOT/WEB-INF/classes/_my_persistence_unit] [tid: _ThreadID=190 _ThreadName=admin-thread-pool::admin-listener(3)] [timeMillis: 1764962185893] [levelValue: 800] [[
  EclipseLink, version: Eclipse Persistence Services - 5.0.0-B08.payara-p1.v202511041741-60b8f7dca8141786130b4d36785fdcc926eb8cff]]

[2025-12-05T13:16:26.340-0600] [Payara 7.2025.1] [INFORMACIÓN] [] [org.eclipse.krazo.servlet.KrazoContainerInitializer] [tid: _ThreadID=190 _ThreadName=admin-thread-pool::admin-listener(3)] [timeMillis: 1764962186340] [levelValue: 800] [[
  Eclipse Krazo version 4.0.0 started]]

[2025-12-05T13:16:26.340-0600] [Payara 7.2025.1] [INFORMACIÓN] [] [org.glassfish.soteria.servlet.SamRegistrationInstaller] [tid: _ThreadID=190 _ThreadName=admin-thread-pool::admin-listener(3)] [timeMillis: 1764962186340] [levelValue: 800] [[
  Initializing Soteria 4.0.1.payara-p1 for context '/Inventarios']]

[2025-12-05T13:16:26.451-0600] [Payara 7.2025.1] [INFORMACIÓN] [AS-WEB-GLUE-00172] [jakarta.enterprise.web] [tid: _ThreadID=190 _ThreadName=admin-thread-pool::admin-listener(3)] [timeMillis: 1764962186451] [levelValue: 800] [[
  Loading application [Inventarios-1.0-SNAPSHOT] at [/Inventarios]]]

[2025-12-05T13:16:26.509-0600] [Payara 7.2025.1] [INFORMACIÓN] [] [javax.enterprise.system.core] [tid: _ThreadID=190 _ThreadName=admin-thread-pool::admin-listener(3)] [timeMillis: 1764962186509] [levelValue: 800] [[
  Inventarios-1.0-SNAPSHOT was successfully deployed in 940 milliseconds.]]

[2025-12-05T13:19:56.041-0600] [Payara 7.2025.1] [ADVERTENCIA] [] [jakarta.enterprise.web.util] [tid: _ThreadID=151 _ThreadName=admin-thread-pool::admin-listener(1)] [timeMillis: 1764962396041] [levelValue: 900] [[
  The web application [/Inventarios] registered the JDBC driver [com.mysql.cj.jdbc.Driver] but failed to unregister it when the web application was stopped. To prevent a memory leak, the JDBC Driver has been forcibly unregistered.]]

[2025-12-05T13:19:56.354-0600] [Payara 7.2025.1] [INFORMACIÓN] [] [javax.enterprise.system.core] [tid: _ThreadID=187 _ThreadName=admin-thread-pool::admin-listener(2)] [timeMillis: 1764962396354] [levelValue: 800] [[
  No deployment transformer implementation found.]]

[2025-12-05T13:19:56.491-0600] [Payara 7.2025.1] [INFORMACIÓN] [] [org.eclipse.persistence.session./file:/C:/Users/SISTEMAS DESARROLLO2/Documents/NetBeansProjects/Inventarios/target/Inventarios-1.0-SNAPSHOT/WEB-INF/classes/_my_persistence_unit] [tid: _ThreadID=187 _ThreadName=admin-thread-pool::admin-listener(2)] [timeMillis: 1764962396491] [levelValue: 800] [[
  EclipseLink, version: Eclipse Persistence Services - 5.0.0-B08.payara-p1.v202511041741-60b8f7dca8141786130b4d36785fdcc926eb8cff]]

[2025-12-05T13:19:56.776-0600] [Payara 7.2025.1] [INFORMACIÓN] [] [org.eclipse.krazo.servlet.KrazoContainerInitializer] [tid: _ThreadID=187 _ThreadName=admin-thread-pool::admin-listener(2)] [timeMillis: 1764962396776] [levelValue: 800] [[
  Eclipse Krazo version 4.0.0 started]]

[2025-12-05T13:19:56.777-0600] [Payara 7.2025.1] [INFORMACIÓN] [] [org.glassfish.soteria.servlet.SamRegistrationInstaller] [tid: _ThreadID=187 _ThreadName=admin-thread-pool::admin-listener(2)] [timeMillis: 1764962396777] [levelValue: 800] [[
  Initializing Soteria 4.0.1.payara-p1 for context '/Inventarios']]

[2025-12-05T13:19:56.892-0600] [Payara 7.2025.1] [INFORMACIÓN] [AS-WEB-GLUE-00172] [jakarta.enterprise.web] [tid: _ThreadID=187 _ThreadName=admin-thread-pool::admin-listener(2)] [timeMillis: 1764962396892] [levelValue: 800] [[
  Loading application [Inventarios-1.0-SNAPSHOT] at [/Inventarios]]]

[2025-12-05T13:19:56.932-0600] [Payara 7.2025.1] [INFORMACIÓN] [] [javax.enterprise.system.core] [tid: _ThreadID=187 _ThreadName=admin-thread-pool::admin-listener(2)] [timeMillis: 1764962396932] [levelValue: 800] [[
  Inventarios-1.0-SNAPSHOT was successfully deployed in 715 milliseconds.]]

[2025-12-05T13:22:28.316-0600] [Payara 7.2025.1] [ADVERTENCIA] [] [jakarta.enterprise.web.util] [tid: _ThreadID=190 _ThreadName=admin-thread-pool::admin-listener(3)] [timeMillis: 1764962548316] [levelValue: 900] [[
  The web application [/Inventarios] registered the JDBC driver [com.mysql.cj.jdbc.Driver] but failed to unregister it when the web application was stopped. To prevent a memory leak, the JDBC Driver has been forcibly unregistered.]]

[2025-12-05T13:22:42.543-0600] [Payara 7.2025.1] [INFORMACIÓN] [] [javax.enterprise.system.core] [tid: _ThreadID=190 _ThreadName=admin-thread-pool::admin-listener(3)] [timeMillis: 1764962562543] [levelValue: 800] [[
  No deployment transformer implementation found.]]

[2025-12-05T13:22:42.681-0600] [Payara 7.2025.1] [INFORMACIÓN] [] [org.eclipse.persistence.session./file:/C:/Users/SISTEMAS DESARROLLO2/Documents/NetBeansProjects/Inventarios/target/Inventarios-1.0-SNAPSHOT/WEB-INF/classes/_my_persistence_unit] [tid: _ThreadID=190 _ThreadName=admin-thread-pool::admin-listener(3)] [timeMillis: 1764962562681] [levelValue: 800] [[
  EclipseLink, version: Eclipse Persistence Services - 5.0.0-B08.payara-p1.v202511041741-60b8f7dca8141786130b4d36785fdcc926eb8cff]]

[2025-12-05T13:22:43.023-0600] [Payara 7.2025.1] [INFORMACIÓN] [] [org.eclipse.krazo.servlet.KrazoContainerInitializer] [tid: _ThreadID=190 _ThreadName=admin-thread-pool::admin-listener(3)] [timeMillis: 1764962563023] [levelValue: 800] [[
  Eclipse Krazo version 4.0.0 started]]

[2025-12-05T13:22:43.024-0600] [Payara 7.2025.1] [INFORMACIÓN] [] [org.glassfish.soteria.servlet.SamRegistrationInstaller] [tid: _ThreadID=190 _ThreadName=admin-thread-pool::admin-listener(3)] [timeMillis: 1764962563024] [levelValue: 800] [[
  Initializing Soteria 4.0.1.payara-p1 for context '/Inventarios']]

[2025-12-05T13:22:43.109-0600] [Payara 7.2025.1] [INFORMACIÓN] [AS-WEB-GLUE-00172] [jakarta.enterprise.web] [tid: _ThreadID=190 _ThreadName=admin-thread-pool::admin-listener(3)] [timeMillis: 1764962563109] [levelValue: 800] [[
  Loading application [Inventarios-1.0-SNAPSHOT] at [/Inventarios]]]

[2025-12-05T13:22:43.146-0600] [Payara 7.2025.1] [INFORMACIÓN] [] [javax.enterprise.system.core] [tid: _ThreadID=190 _ThreadName=admin-thread-pool::admin-listener(3)] [timeMillis: 1764962563146] [levelValue: 800] [[
  Inventarios-1.0-SNAPSHOT was successfully deployed in 752 milliseconds.]]

[2025-12-05T13:25:24.155-0600] [Payara 7.2025.1] [ADVERTENCIA] [] [jakarta.enterprise.web.util] [tid: _ThreadID=190 _ThreadName=admin-thread-pool::admin-listener(3)] [timeMillis: 1764962724155] [levelValue: 900] [[
  The web application [/Inventarios] registered the JDBC driver [com.mysql.cj.jdbc.Driver] but failed to unregister it when the web application was stopped. To prevent a memory leak, the JDBC Driver has been forcibly unregistered.]]

[2025-12-05T13:25:24.516-0600] [Payara 7.2025.1] [INFORMACIÓN] [] [javax.enterprise.system.core] [tid: _ThreadID=221 _ThreadName=admin-thread-pool::admin-listener(4)] [timeMillis: 1764962724516] [levelValue: 800] [[
  No deployment transformer implementation found.]]

[2025-12-05T13:25:24.679-0600] [Payara 7.2025.1] [INFORMACIÓN] [] [org.eclipse.persistence.session./file:/C:/Users/SISTEMAS DESARROLLO2/Documents/NetBeansProjects/Inventarios/target/Inventarios-1.0-SNAPSHOT/WEB-INF/classes/_my_persistence_unit] [tid: _ThreadID=221 _ThreadName=admin-thread-pool::admin-listener(4)] [timeMillis: 1764962724679] [levelValue: 800] [[
  EclipseLink, version: Eclipse Persistence Services - 5.0.0-B08.payara-p1.v202511041741-60b8f7dca8141786130b4d36785fdcc926eb8cff]]

[2025-12-05T13:25:24.941-0600] [Payara 7.2025.1] [INFORMACIÓN] [] [org.eclipse.krazo.servlet.KrazoContainerInitializer] [tid: _ThreadID=221 _ThreadName=admin-thread-pool::admin-listener(4)] [timeMillis: 1764962724941] [levelValue: 800] [[
  Eclipse Krazo version 4.0.0 started]]

[2025-12-05T13:25:24.941-0600] [Payara 7.2025.1] [INFORMACIÓN] [] [org.glassfish.soteria.servlet.SamRegistrationInstaller] [tid: _ThreadID=221 _ThreadName=admin-thread-pool::admin-listener(4)] [timeMillis: 1764962724941] [levelValue: 800] [[
  Initializing Soteria 4.0.1.payara-p1 for context '/Inventarios']]

[2025-12-05T13:25:25.024-0600] [Payara 7.2025.1] [INFORMACIÓN] [AS-WEB-GLUE-00172] [jakarta.enterprise.web] [tid: _ThreadID=221 _ThreadName=admin-thread-pool::admin-listener(4)] [timeMillis: 1764962725024] [levelValue: 800] [[
  Loading application [Inventarios-1.0-SNAPSHOT] at [/Inventarios]]]

[2025-12-05T13:25:25.088-0600] [Payara 7.2025.1] [INFORMACIÓN] [] [javax.enterprise.system.core] [tid: _ThreadID=221 _ThreadName=admin-thread-pool::admin-listener(4)] [timeMillis: 1764962725088] [levelValue: 800] [[
  Inventarios-1.0-SNAPSHOT was successfully deployed in 730 milliseconds.]]

[2025-12-05T13:29:51.925-0600] [Payara 7.2025.1] [ADVERTENCIA] [] [jakarta.enterprise.web.util] [tid: _ThreadID=221 _ThreadName=admin-thread-pool::admin-listener(4)] [timeMillis: 1764962991925] [levelValue: 900] [[
  The web application [/Inventarios] registered the JDBC driver [com.mysql.cj.jdbc.Driver] but failed to unregister it when the web application was stopped. To prevent a memory leak, the JDBC Driver has been forcibly unregistered.]]

[2025-12-05T13:29:52.287-0600] [Payara 7.2025.1] [INFORMACIÓN] [] [javax.enterprise.system.core] [tid: _ThreadID=190 _ThreadName=admin-thread-pool::admin-listener(3)] [timeMillis: 1764962992287] [levelValue: 800] [[
  No deployment transformer implementation found.]]

[2025-12-05T13:29:52.401-0600] [Payara 7.2025.1] [INFORMACIÓN] [] [org.eclipse.persistence.session./file:/C:/Users/SISTEMAS DESARROLLO2/Documents/NetBeansProjects/Inventarios/target/Inventarios-1.0-SNAPSHOT/WEB-INF/classes/_my_persistence_unit] [tid: _ThreadID=190 _ThreadName=admin-thread-pool::admin-listener(3)] [timeMillis: 1764962992401] [levelValue: 800] [[
  EclipseLink, version: Eclipse Persistence Services - 5.0.0-B08.payara-p1.v202511041741-60b8f7dca8141786130b4d36785fdcc926eb8cff]]

[2025-12-05T13:29:52.701-0600] [Payara 7.2025.1] [INFORMACIÓN] [] [org.eclipse.krazo.servlet.KrazoContainerInitializer] [tid: _ThreadID=190 _ThreadName=admin-thread-pool::admin-listener(3)] [timeMillis: 1764962992701] [levelValue: 800] [[
  Eclipse Krazo version 4.0.0 started]]

[2025-12-05T13:29:52.702-0600] [Payara 7.2025.1] [INFORMACIÓN] [] [org.glassfish.soteria.servlet.SamRegistrationInstaller] [tid: _ThreadID=190 _ThreadName=admin-thread-pool::admin-listener(3)] [timeMillis: 1764962992702] [levelValue: 800] [[
  Initializing Soteria 4.0.1.payara-p1 for context '/Inventarios']]

[2025-12-05T13:29:52.772-0600] [Payara 7.2025.1] [INFORMACIÓN] [AS-WEB-GLUE-00172] [jakarta.enterprise.web] [tid: _ThreadID=190 _ThreadName=admin-thread-pool::admin-listener(3)] [timeMillis: 1764962992772] [levelValue: 800] [[
  Loading application [Inventarios-1.0-SNAPSHOT] at [/Inventarios]]]

[2025-12-05T13:29:52.806-0600] [Payara 7.2025.1] [INFORMACIÓN] [] [javax.enterprise.system.core] [tid: _ThreadID=190 _ThreadName=admin-thread-pool::admin-listener(3)] [timeMillis: 1764962992806] [levelValue: 800] [[
  Inventarios-1.0-SNAPSHOT was successfully deployed in 704 milliseconds.]]

[2025-12-05T13:30:12.651-0600] [Payara 7.2025.1] [ADVERTENCIA] [] [jakarta.enterprise.web.util] [tid: _ThreadID=221 _ThreadName=admin-thread-pool::admin-listener(4)] [timeMillis: 1764963012651] [levelValue: 900] [[
  The web application [/Inventarios] registered the JDBC driver [com.mysql.cj.jdbc.Driver] but failed to unregister it when the web application was stopped. To prevent a memory leak, the JDBC Driver has been forcibly unregistered.]]

[2025-12-05T13:30:13.058-0600] [Payara 7.2025.1] [INFORMACIÓN] [] [javax.enterprise.system.core] [tid: _ThreadID=190 _ThreadName=admin-thread-pool::admin-listener(3)] [timeMillis: 1764963013058] [levelValue: 800] [[
  No deployment transformer implementation found.]]

[2025-12-05T13:30:13.178-0600] [Payara 7.2025.1] [INFORMACIÓN] [] [org.eclipse.persistence.session./file:/C:/Users/SISTEMAS DESARROLLO2/Documents/NetBeansProjects/Inventarios/target/Inventarios-1.0-SNAPSHOT/WEB-INF/classes/_my_persistence_unit] [tid: _ThreadID=190 _ThreadName=admin-thread-pool::admin-listener(3)] [timeMillis: 1764963013178] [levelValue: 800] [[
  EclipseLink, version: Eclipse Persistence Services - 5.0.0-B08.payara-p1.v202511041741-60b8f7dca8141786130b4d36785fdcc926eb8cff]]

[2025-12-05T13:30:13.463-0600] [Payara 7.2025.1] [INFORMACIÓN] [] [org.eclipse.krazo.servlet.KrazoContainerInitializer] [tid: _ThreadID=190 _ThreadName=admin-thread-pool::admin-listener(3)] [timeMillis: 1764963013463] [levelValue: 800] [[
  Eclipse Krazo version 4.0.0 started]]

[2025-12-05T13:30:13.463-0600] [Payara 7.2025.1] [INFORMACIÓN] [] [org.glassfish.soteria.servlet.SamRegistrationInstaller] [tid: _ThreadID=190 _ThreadName=admin-thread-pool::admin-listener(3)] [timeMillis: 1764963013463] [levelValue: 800] [[
  Initializing Soteria 4.0.1.payara-p1 for context '/Inventarios']]

[2025-12-05T13:30:13.529-0600] [Payara 7.2025.1] [INFORMACIÓN] [AS-WEB-GLUE-00172] [jakarta.enterprise.web] [tid: _ThreadID=190 _ThreadName=admin-thread-pool::admin-listener(3)] [timeMillis: 1764963013529] [levelValue: 800] [[
  Loading application [Inventarios-1.0-SNAPSHOT] at [/Inventarios]]]

[2025-12-05T13:30:13.559-0600] [Payara 7.2025.1] [INFORMACIÓN] [] [javax.enterprise.system.core] [tid: _ThreadID=190 _ThreadName=admin-thread-pool::admin-listener(3)] [timeMillis: 1764963013559] [levelValue: 800] [[
  Inventarios-1.0-SNAPSHOT was successfully deployed in 709 milliseconds.]]

[2025-12-05T13:31:49.950-0600] [Payara 7.2025.1] [ADVERTENCIA] [] [jakarta.enterprise.web.util] [tid: _ThreadID=190 _ThreadName=admin-thread-pool::admin-listener(3)] [timeMillis: 1764963109950] [levelValue: 900] [[
  The web application [/Inventarios] registered the JDBC driver [com.mysql.cj.jdbc.Driver] but failed to unregister it when the web application was stopped. To prevent a memory leak, the JDBC Driver has been forcibly unregistered.]]

[2025-12-05T13:31:50.324-0600] [Payara 7.2025.1] [INFORMACIÓN] [] [javax.enterprise.system.core] [tid: _ThreadID=151 _ThreadName=admin-thread-pool::admin-listener(1)] [timeMillis: 1764963110324] [levelValue: 800] [[
  No deployment transformer implementation found.]]

[2025-12-05T13:31:50.448-0600] [Payara 7.2025.1] [INFORMACIÓN] [] [org.eclipse.persistence.session./file:/C:/Users/SISTEMAS DESARROLLO2/Documents/NetBeansProjects/Inventarios/target/Inventarios-1.0-SNAPSHOT/WEB-INF/classes/_my_persistence_unit] [tid: _ThreadID=151 _ThreadName=admin-thread-pool::admin-listener(1)] [timeMillis: 1764963110448] [levelValue: 800] [[
  EclipseLink, version: Eclipse Persistence Services - 5.0.0-B08.payara-p1.v202511041741-60b8f7dca8141786130b4d36785fdcc926eb8cff]]

[2025-12-05T13:31:50.690-0600] [Payara 7.2025.1] [INFORMACIÓN] [] [org.eclipse.krazo.servlet.KrazoContainerInitializer] [tid: _ThreadID=151 _ThreadName=admin-thread-pool::admin-listener(1)] [timeMillis: 1764963110690] [levelValue: 800] [[
  Eclipse Krazo version 4.0.0 started]]

[2025-12-05T13:31:50.690-0600] [Payara 7.2025.1] [INFORMACIÓN] [] [org.glassfish.soteria.servlet.SamRegistrationInstaller] [tid: _ThreadID=151 _ThreadName=admin-thread-pool::admin-listener(1)] [timeMillis: 1764963110690] [levelValue: 800] [[
  Initializing Soteria 4.0.1.payara-p1 for context '/Inventarios']]

[2025-12-05T13:31:50.749-0600] [Payara 7.2025.1] [INFORMACIÓN] [AS-WEB-GLUE-00172] [jakarta.enterprise.web] [tid: _ThreadID=151 _ThreadName=admin-thread-pool::admin-listener(1)] [timeMillis: 1764963110749] [levelValue: 800] [[
  Loading application [Inventarios-1.0-SNAPSHOT] at [/Inventarios]]]

[2025-12-05T13:31:50.774-0600] [Payara 7.2025.1] [INFORMACIÓN] [] [javax.enterprise.system.core] [tid: _ThreadID=151 _ThreadName=admin-thread-pool::admin-listener(1)] [timeMillis: 1764963110774] [levelValue: 800] [[
  Inventarios-1.0-SNAPSHOT was successfully deployed in 661 milliseconds.]]

[2025-12-05T13:32:48.892-0600] [Payara 7.2025.1] [ADVERTENCIA] [] [jakarta.enterprise.web.util] [tid: _ThreadID=187 _ThreadName=admin-thread-pool::admin-listener(2)] [timeMillis: 1764963168892] [levelValue: 900] [[
  The web application [/Inventarios] registered the JDBC driver [com.mysql.cj.jdbc.Driver] but failed to unregister it when the web application was stopped. To prevent a memory leak, the JDBC Driver has been forcibly unregistered.]]

[2025-12-05T13:32:49.205-0600] [Payara 7.2025.1] [INFORMACIÓN] [] [javax.enterprise.system.core] [tid: _ThreadID=151 _ThreadName=admin-thread-pool::admin-listener(1)] [timeMillis: 1764963169205] [levelValue: 800] [[
  No deployment transformer implementation found.]]

[2025-12-05T13:32:49.313-0600] [Payara 7.2025.1] [INFORMACIÓN] [] [org.eclipse.persistence.session./file:/C:/Users/SISTEMAS DESARROLLO2/Documents/NetBeansProjects/Inventarios/target/Inventarios-1.0-SNAPSHOT/WEB-INF/classes/_my_persistence_unit] [tid: _ThreadID=151 _ThreadName=admin-thread-pool::admin-listener(1)] [timeMillis: 1764963169313] [levelValue: 800] [[
  EclipseLink, version: Eclipse Persistence Services - 5.0.0-B08.payara-p1.v202511041741-60b8f7dca8141786130b4d36785fdcc926eb8cff]]

[2025-12-05T13:32:49.527-0600] [Payara 7.2025.1] [INFORMACIÓN] [] [org.eclipse.krazo.servlet.KrazoContainerInitializer] [tid: _ThreadID=151 _ThreadName=admin-thread-pool::admin-listener(1)] [timeMillis: 1764963169527] [levelValue: 800] [[
  Eclipse Krazo version 4.0.0 started]]

[2025-12-05T13:32:49.527-0600] [Payara 7.2025.1] [INFORMACIÓN] [] [org.glassfish.soteria.servlet.SamRegistrationInstaller] [tid: _ThreadID=151 _ThreadName=admin-thread-pool::admin-listener(1)] [timeMillis: 1764963169527] [levelValue: 800] [[
  Initializing Soteria 4.0.1.payara-p1 for context '/Inventarios']]

[2025-12-05T13:32:49.588-0600] [Payara 7.2025.1] [INFORMACIÓN] [AS-WEB-GLUE-00172] [jakarta.enterprise.web] [tid: _ThreadID=151 _ThreadName=admin-thread-pool::admin-listener(1)] [timeMillis: 1764963169588] [levelValue: 800] [[
  Loading application [Inventarios-1.0-SNAPSHOT] at [/Inventarios]]]

[2025-12-05T13:32:49.613-0600] [Payara 7.2025.1] [INFORMACIÓN] [] [javax.enterprise.system.core] [tid: _ThreadID=151 _ThreadName=admin-thread-pool::admin-listener(1)] [timeMillis: 1764963169613] [levelValue: 800] [[
  Inventarios-1.0-SNAPSHOT was successfully deployed in 559 milliseconds.]]

[2025-12-05T13:45:32.339-0600] [Payara 7.2025.1] [ADVERTENCIA] [] [jakarta.enterprise.web.util] [tid: _ThreadID=221 _ThreadName=admin-thread-pool::admin-listener(4)] [timeMillis: 1764963932339] [levelValue: 900] [[
  The web application [/Inventarios] registered the JDBC driver [com.mysql.cj.jdbc.Driver] but failed to unregister it when the web application was stopped. To prevent a memory leak, the JDBC Driver has been forcibly unregistered.]]

[2025-12-05T13:45:32.672-0600] [Payara 7.2025.1] [INFORMACIÓN] [] [javax.enterprise.system.core] [tid: _ThreadID=151 _ThreadName=admin-thread-pool::admin-listener(1)] [timeMillis: 1764963932672] [levelValue: 800] [[
  No deployment transformer implementation found.]]

[2025-12-05T13:45:32.799-0600] [Payara 7.2025.1] [INFORMACIÓN] [] [org.eclipse.persistence.session./file:/C:/Users/SISTEMAS DESARROLLO2/Documents/NetBeansProjects/Inventarios/target/Inventarios-1.0-SNAPSHOT/WEB-INF/classes/_my_persistence_unit] [tid: _ThreadID=151 _ThreadName=admin-thread-pool::admin-listener(1)] [timeMillis: 1764963932799] [levelValue: 800] [[
  EclipseLink, version: Eclipse Persistence Services - 5.0.0-B08.payara-p1.v202511041741-60b8f7dca8141786130b4d36785fdcc926eb8cff]]

[2025-12-05T13:45:33.060-0600] [Payara 7.2025.1] [INFORMACIÓN] [] [org.eclipse.krazo.servlet.KrazoContainerInitializer] [tid: _ThreadID=151 _ThreadName=admin-thread-pool::admin-listener(1)] [timeMillis: 1764963933060] [levelValue: 800] [[
  Eclipse Krazo version 4.0.0 started]]

[2025-12-05T13:45:33.060-0600] [Payara 7.2025.1] [INFORMACIÓN] [] [org.glassfish.soteria.servlet.SamRegistrationInstaller] [tid: _ThreadID=151 _ThreadName=admin-thread-pool::admin-listener(1)] [timeMillis: 1764963933060] [levelValue: 800] [[
  Initializing Soteria 4.0.1.payara-p1 for context '/Inventarios']]

[2025-12-05T13:45:33.134-0600] [Payara 7.2025.1] [INFORMACIÓN] [AS-WEB-GLUE-00172] [jakarta.enterprise.web] [tid: _ThreadID=151 _ThreadName=admin-thread-pool::admin-listener(1)] [timeMillis: 1764963933134] [levelValue: 800] [[
  Loading application [Inventarios-1.0-SNAPSHOT] at [/Inventarios]]]

[2025-12-05T13:45:33.202-0600] [Payara 7.2025.1] [INFORMACIÓN] [] [javax.enterprise.system.core] [tid: _ThreadID=151 _ThreadName=admin-thread-pool::admin-listener(1)] [timeMillis: 1764963933202] [levelValue: 800] [[
  Inventarios-1.0-SNAPSHOT was successfully deployed in 650 milliseconds.]]

[2025-12-05T13:48:30.506-0600] [Payara 7.2025.1] [ADVERTENCIA] [] [jakarta.enterprise.web.util] [tid: _ThreadID=151 _ThreadName=admin-thread-pool::admin-listener(1)] [timeMillis: 1764964110506] [levelValue: 900] [[
  The web application [/Inventarios] registered the JDBC driver [com.mysql.cj.jdbc.Driver] but failed to unregister it when the web application was stopped. To prevent a memory leak, the JDBC Driver has been forcibly unregistered.]]

[2025-12-05T13:48:30.828-0600] [Payara 7.2025.1] [INFORMACIÓN] [] [javax.enterprise.system.core] [tid: _ThreadID=187 _ThreadName=admin-thread-pool::admin-listener(2)] [timeMillis: 1764964110828] [levelValue: 800] [[
  No deployment transformer implementation found.]]

[2025-12-05T13:48:30.934-0600] [Payara 7.2025.1] [INFORMACIÓN] [] [org.eclipse.persistence.session./file:/C:/Users/SISTEMAS DESARROLLO2/Documents/NetBeansProjects/Inventarios/target/Inventarios-1.0-SNAPSHOT/WEB-INF/classes/_my_persistence_unit] [tid: _ThreadID=187 _ThreadName=admin-thread-pool::admin-listener(2)] [timeMillis: 1764964110934] [levelValue: 800] [[
  EclipseLink, version: Eclipse Persistence Services - 5.0.0-B08.payara-p1.v202511041741-60b8f7dca8141786130b4d36785fdcc926eb8cff]]

[2025-12-05T13:48:31.146-0600] [Payara 7.2025.1] [INFORMACIÓN] [] [org.eclipse.krazo.servlet.KrazoContainerInitializer] [tid: _ThreadID=187 _ThreadName=admin-thread-pool::admin-listener(2)] [timeMillis: 1764964111146] [levelValue: 800] [[
  Eclipse Krazo version 4.0.0 started]]

[2025-12-05T13:48:31.146-0600] [Payara 7.2025.1] [INFORMACIÓN] [] [org.glassfish.soteria.servlet.SamRegistrationInstaller] [tid: _ThreadID=187 _ThreadName=admin-thread-pool::admin-listener(2)] [timeMillis: 1764964111146] [levelValue: 800] [[
  Initializing Soteria 4.0.1.payara-p1 for context '/Inventarios']]

[2025-12-05T13:48:31.204-0600] [Payara 7.2025.1] [INFORMACIÓN] [AS-WEB-GLUE-00172] [jakarta.enterprise.web] [tid: _ThreadID=187 _ThreadName=admin-thread-pool::admin-listener(2)] [timeMillis: 1764964111204] [levelValue: 800] [[
  Loading application [Inventarios-1.0-SNAPSHOT] at [/Inventarios]]]

[2025-12-05T13:48:31.229-0600] [Payara 7.2025.1] [INFORMACIÓN] [] [javax.enterprise.system.core] [tid: _ThreadID=187 _ThreadName=admin-thread-pool::admin-listener(2)] [timeMillis: 1764964111229] [levelValue: 800] [[
  Inventarios-1.0-SNAPSHOT was successfully deployed in 560 milliseconds.]]

[2025-12-05T13:48:53.366-0600] [Payara 7.2025.1] [INFORMACIÓN] [] [javax.enterprise.system.core] [tid: _ThreadID=187 _ThreadName=admin-thread-pool::admin-listener(2)] [timeMillis: 1764964133366] [levelValue: 800] [[
  No deployment transformer implementation found.]]

[2025-12-05T13:48:53.474-0600] [Payara 7.2025.1] [INFORMACIÓN] [] [org.eclipse.persistence.session./file:/C:/Users/SISTEMAS DESARROLLO2/Documents/NetBeansProjects/Inventarios/target/Inventarios-1.0-SNAPSHOT/WEB-INF/classes/_my_persistence_unit] [tid: _ThreadID=187 _ThreadName=admin-thread-pool::admin-listener(2)] [timeMillis: 1764964133474] [levelValue: 800] [[
  EclipseLink, version: Eclipse Persistence Services - 5.0.0-B08.payara-p1.v202511041741-60b8f7dca8141786130b4d36785fdcc926eb8cff]]

[2025-12-05T13:48:53.711-0600] [Payara 7.2025.1] [INFORMACIÓN] [] [org.eclipse.krazo.servlet.KrazoContainerInitializer] [tid: _ThreadID=187 _ThreadName=admin-thread-pool::admin-listener(2)] [timeMillis: 1764964133711] [levelValue: 800] [[
  Eclipse Krazo version 4.0.0 started]]

[2025-12-05T13:48:53.711-0600] [Payara 7.2025.1] [INFORMACIÓN] [] [org.glassfish.soteria.servlet.SamRegistrationInstaller] [tid: _ThreadID=187 _ThreadName=admin-thread-pool::admin-listener(2)] [timeMillis: 1764964133711] [levelValue: 800] [[
  Initializing Soteria 4.0.1.payara-p1 for context '/Inventarios']]

[2025-12-05T13:48:53.769-0600] [Payara 7.2025.1] [INFORMACIÓN] [AS-WEB-GLUE-00172] [jakarta.enterprise.web] [tid: _ThreadID=187 _ThreadName=admin-thread-pool::admin-listener(2)] [timeMillis: 1764964133769] [levelValue: 800] [[
  Loading application [Inventarios-1.0-SNAPSHOT] at [/Inventarios]]]

[2025-12-05T13:48:53.795-0600] [Payara 7.2025.1] [INFORMACIÓN] [] [javax.enterprise.system.core] [tid: _ThreadID=187 _ThreadName=admin-thread-pool::admin-listener(2)] [timeMillis: 1764964133795] [levelValue: 800] [[
  Inventarios-1.0-SNAPSHOT was successfully deployed in 585 milliseconds.]]

[2025-12-05T14:03:39.202-0600] [Payara 7.2025.1] [ADVERTENCIA] [] [jakarta.enterprise.web.util] [tid: _ThreadID=151 _ThreadName=admin-thread-pool::admin-listener(1)] [timeMillis: 1764965019202] [levelValue: 900] [[
  The web application [/Inventarios] registered the JDBC driver [com.mysql.cj.jdbc.Driver] but failed to unregister it when the web application was stopped. To prevent a memory leak, the JDBC Driver has been forcibly unregistered.]]

[2025-12-05T14:03:39.552-0600] [Payara 7.2025.1] [INFORMACIÓN] [] [javax.enterprise.system.core] [tid: _ThreadID=190 _ThreadName=admin-thread-pool::admin-listener(3)] [timeMillis: 1764965019552] [levelValue: 800] [[
  No deployment transformer implementation found.]]

[2025-12-05T14:03:39.672-0600] [Payara 7.2025.1] [INFORMACIÓN] [] [org.eclipse.persistence.session./file:/C:/Users/SISTEMAS DESARROLLO2/Documents/NetBeansProjects/Inventarios/target/Inventarios-1.0-SNAPSHOT/WEB-INF/classes/_my_persistence_unit] [tid: _ThreadID=190 _ThreadName=admin-thread-pool::admin-listener(3)] [timeMillis: 1764965019672] [levelValue: 800] [[
  EclipseLink, version: Eclipse Persistence Services - 5.0.0-B08.payara-p1.v202511041741-60b8f7dca8141786130b4d36785fdcc926eb8cff]]

[2025-12-05T14:03:39.916-0600] [Payara 7.2025.1] [INFORMACIÓN] [] [org.eclipse.krazo.servlet.KrazoContainerInitializer] [tid: _ThreadID=190 _ThreadName=admin-thread-pool::admin-listener(3)] [timeMillis: 1764965019916] [levelValue: 800] [[
  Eclipse Krazo version 4.0.0 started]]

[2025-12-05T14:03:39.916-0600] [Payara 7.2025.1] [INFORMACIÓN] [] [org.glassfish.soteria.servlet.SamRegistrationInstaller] [tid: _ThreadID=190 _ThreadName=admin-thread-pool::admin-listener(3)] [timeMillis: 1764965019916] [levelValue: 800] [[
  Initializing Soteria 4.0.1.payara-p1 for context '/Inventarios']]

[2025-12-05T14:03:39.980-0600] [Payara 7.2025.1] [INFORMACIÓN] [AS-WEB-GLUE-00172] [jakarta.enterprise.web] [tid: _ThreadID=190 _ThreadName=admin-thread-pool::admin-listener(3)] [timeMillis: 1764965019980] [levelValue: 800] [[
  Loading application [Inventarios-1.0-SNAPSHOT] at [/Inventarios]]]

[2025-12-05T14:03:40.014-0600] [Payara 7.2025.1] [INFORMACIÓN] [] [javax.enterprise.system.core] [tid: _ThreadID=190 _ThreadName=admin-thread-pool::admin-listener(3)] [timeMillis: 1764965020014] [levelValue: 800] [[
  Inventarios-1.0-SNAPSHOT was successfully deployed in 629 milliseconds.]]

[2025-12-05T14:10:59.955-0600] [Payara 7.2025.1] [ADVERTENCIA] [] [jakarta.enterprise.web.util] [tid: _ThreadID=151 _ThreadName=admin-thread-pool::admin-listener(1)] [timeMillis: 1764965459955] [levelValue: 900] [[
  The web application [/Inventarios] registered the JDBC driver [com.mysql.cj.jdbc.Driver] but failed to unregister it when the web application was stopped. To prevent a memory leak, the JDBC Driver has been forcibly unregistered.]]

[2025-12-05T14:11:00.323-0600] [Payara 7.2025.1] [INFORMACIÓN] [] [javax.enterprise.system.core] [tid: _ThreadID=187 _ThreadName=admin-thread-pool::admin-listener(2)] [timeMillis: 1764965460323] [levelValue: 800] [[
  No deployment transformer implementation found.]]

[2025-12-05T14:11:00.433-0600] [Payara 7.2025.1] [INFORMACIÓN] [] [org.eclipse.persistence.session./file:/C:/Users/SISTEMAS DESARROLLO2/Documents/NetBeansProjects/Inventarios/target/Inventarios-1.0-SNAPSHOT/WEB-INF/classes/_my_persistence_unit] [tid: _ThreadID=187 _ThreadName=admin-thread-pool::admin-listener(2)] [timeMillis: 1764965460433] [levelValue: 800] [[
  EclipseLink, version: Eclipse Persistence Services - 5.0.0-B08.payara-p1.v202511041741-60b8f7dca8141786130b4d36785fdcc926eb8cff]]

[2025-12-05T14:11:00.663-0600] [Payara 7.2025.1] [INFORMACIÓN] [] [org.eclipse.krazo.servlet.KrazoContainerInitializer] [tid: _ThreadID=187 _ThreadName=admin-thread-pool::admin-listener(2)] [timeMillis: 1764965460663] [levelValue: 800] [[
  Eclipse Krazo version 4.0.0 started]]

[2025-12-05T14:11:00.663-0600] [Payara 7.2025.1] [INFORMACIÓN] [] [org.glassfish.soteria.servlet.SamRegistrationInstaller] [tid: _ThreadID=187 _ThreadName=admin-thread-pool::admin-listener(2)] [timeMillis: 1764965460663] [levelValue: 800] [[
  Initializing Soteria 4.0.1.payara-p1 for context '/Inventarios']]

[2025-12-05T14:11:00.734-0600] [Payara 7.2025.1] [INFORMACIÓN] [AS-WEB-GLUE-00172] [jakarta.enterprise.web] [tid: _ThreadID=187 _ThreadName=admin-thread-pool::admin-listener(2)] [timeMillis: 1764965460734] [levelValue: 800] [[
  Loading application [Inventarios-1.0-SNAPSHOT] at [/Inventarios]]]

[2025-12-05T14:11:00.766-0600] [Payara 7.2025.1] [INFORMACIÓN] [] [javax.enterprise.system.core] [tid: _ThreadID=187 _ThreadName=admin-thread-pool::admin-listener(2)] [timeMillis: 1764965460766] [levelValue: 800] [[
  Inventarios-1.0-SNAPSHOT was successfully deployed in 619 milliseconds.]]

[2025-12-05T14:12:18.077-0600] [Payara 7.2025.1] [ADVERTENCIA] [] [jakarta.enterprise.web.util] [tid: _ThreadID=190 _ThreadName=admin-thread-pool::admin-listener(3)] [timeMillis: 1764965538077] [levelValue: 900] [[
  The web application [/Inventarios] registered the JDBC driver [com.mysql.cj.jdbc.Driver] but failed to unregister it when the web application was stopped. To prevent a memory leak, the JDBC Driver has been forcibly unregistered.]]

[2025-12-05T14:12:18.397-0600] [Payara 7.2025.1] [INFORMACIÓN] [] [javax.enterprise.system.core] [tid: _ThreadID=221 _ThreadName=admin-thread-pool::admin-listener(4)] [timeMillis: 1764965538397] [levelValue: 800] [[
  No deployment transformer implementation found.]]

[2025-12-05T14:12:18.511-0600] [Payara 7.2025.1] [INFORMACIÓN] [] [org.eclipse.persistence.session./file:/C:/Users/SISTEMAS DESARROLLO2/Documents/NetBeansProjects/Inventarios/target/Inventarios-1.0-SNAPSHOT/WEB-INF/classes/_my_persistence_unit] [tid: _ThreadID=221 _ThreadName=admin-thread-pool::admin-listener(4)] [timeMillis: 1764965538511] [levelValue: 800] [[
  EclipseLink, version: Eclipse Persistence Services - 5.0.0-B08.payara-p1.v202511041741-60b8f7dca8141786130b4d36785fdcc926eb8cff]]

[2025-12-05T14:12:18.732-0600] [Payara 7.2025.1] [INFORMACIÓN] [] [org.eclipse.krazo.servlet.KrazoContainerInitializer] [tid: _ThreadID=221 _ThreadName=admin-thread-pool::admin-listener(4)] [timeMillis: 1764965538732] [levelValue: 800] [[
  Eclipse Krazo version 4.0.0 started]]

[2025-12-05T14:12:18.732-0600] [Payara 7.2025.1] [INFORMACIÓN] [] [org.glassfish.soteria.servlet.SamRegistrationInstaller] [tid: _ThreadID=221 _ThreadName=admin-thread-pool::admin-listener(4)] [timeMillis: 1764965538732] [levelValue: 800] [[
  Initializing Soteria 4.0.1.payara-p1 for context '/Inventarios']]

[2025-12-05T14:12:18.789-0600] [Payara 7.2025.1] [INFORMACIÓN] [AS-WEB-GLUE-00172] [jakarta.enterprise.web] [tid: _ThreadID=221 _ThreadName=admin-thread-pool::admin-listener(4)] [timeMillis: 1764965538789] [levelValue: 800] [[
  Loading application [Inventarios-1.0-SNAPSHOT] at [/Inventarios]]]

[2025-12-05T14:12:18.812-0600] [Payara 7.2025.1] [INFORMACIÓN] [] [javax.enterprise.system.core] [tid: _ThreadID=221 _ThreadName=admin-thread-pool::admin-listener(4)] [timeMillis: 1764965538812] [levelValue: 800] [[
  Inventarios-1.0-SNAPSHOT was successfully deployed in 571 milliseconds.]]

[2025-12-05T14:14:21.938-0600] [Payara 7.2025.1] [ADVERTENCIA] [] [jakarta.enterprise.web.util] [tid: _ThreadID=221 _ThreadName=admin-thread-pool::admin-listener(4)] [timeMillis: 1764965661938] [levelValue: 900] [[
  The web application [/Inventarios] registered the JDBC driver [com.mysql.cj.jdbc.Driver] but failed to unregister it when the web application was stopped. To prevent a memory leak, the JDBC Driver has been forcibly unregistered.]]

[2025-12-05T14:14:22.287-0600] [Payara 7.2025.1] [INFORMACIÓN] [] [javax.enterprise.system.core] [tid: _ThreadID=187 _ThreadName=admin-thread-pool::admin-listener(2)] [timeMillis: 1764965662287] [levelValue: 800] [[
  No deployment transformer implementation found.]]

[2025-12-05T14:14:22.390-0600] [Payara 7.2025.1] [INFORMACIÓN] [] [org.eclipse.persistence.session./file:/C:/Users/SISTEMAS DESARROLLO2/Documents/NetBeansProjects/Inventarios/target/Inventarios-1.0-SNAPSHOT/WEB-INF/classes/_my_persistence_unit] [tid: _ThreadID=187 _ThreadName=admin-thread-pool::admin-listener(2)] [timeMillis: 1764965662390] [levelValue: 800] [[
  EclipseLink, version: Eclipse Persistence Services - 5.0.0-B08.payara-p1.v202511041741-60b8f7dca8141786130b4d36785fdcc926eb8cff]]

[2025-12-05T14:14:22.618-0600] [Payara 7.2025.1] [INFORMACIÓN] [] [org.eclipse.krazo.servlet.KrazoContainerInitializer] [tid: _ThreadID=187 _ThreadName=admin-thread-pool::admin-listener(2)] [timeMillis: 1764965662618] [levelValue: 800] [[
  Eclipse Krazo version 4.0.0 started]]

[2025-12-05T14:14:22.618-0600] [Payara 7.2025.1] [INFORMACIÓN] [] [org.glassfish.soteria.servlet.SamRegistrationInstaller] [tid: _ThreadID=187 _ThreadName=admin-thread-pool::admin-listener(2)] [timeMillis: 1764965662618] [levelValue: 800] [[
  Initializing Soteria 4.0.1.payara-p1 for context '/Inventarios']]

[2025-12-05T14:14:22.678-0600] [Payara 7.2025.1] [INFORMACIÓN] [AS-WEB-GLUE-00172] [jakarta.enterprise.web] [tid: _ThreadID=187 _ThreadName=admin-thread-pool::admin-listener(2)] [timeMillis: 1764965662678] [levelValue: 800] [[
  Loading application [Inventarios-1.0-SNAPSHOT] at [/Inventarios]]]

[2025-12-05T14:14:22.703-0600] [Payara 7.2025.1] [INFORMACIÓN] [] [javax.enterprise.system.core] [tid: _ThreadID=187 _ThreadName=admin-thread-pool::admin-listener(2)] [timeMillis: 1764965662703] [levelValue: 800] [[
  Inventarios-1.0-SNAPSHOT was successfully deployed in 588 milliseconds.]]

[2025-12-05T14:16:04.434-0600] [Payara 7.2025.1] [ADVERTENCIA] [] [jakarta.enterprise.web.util] [tid: _ThreadID=221 _ThreadName=admin-thread-pool::admin-listener(4)] [timeMillis: 1764965764434] [levelValue: 900] [[
  The web application [/Inventarios] registered the JDBC driver [com.mysql.cj.jdbc.Driver] but failed to unregister it when the web application was stopped. To prevent a memory leak, the JDBC Driver has been forcibly unregistered.]]

[2025-12-05T14:16:04.764-0600] [Payara 7.2025.1] [INFORMACIÓN] [] [javax.enterprise.system.core] [tid: _ThreadID=187 _ThreadName=admin-thread-pool::admin-listener(2)] [timeMillis: 1764965764764] [levelValue: 800] [[
  No deployment transformer implementation found.]]

[2025-12-05T14:16:04.868-0600] [Payara 7.2025.1] [INFORMACIÓN] [] [org.eclipse.persistence.session./file:/C:/Users/SISTEMAS DESARROLLO2/Documents/NetBeansProjects/Inventarios/target/Inventarios-1.0-SNAPSHOT/WEB-INF/classes/_my_persistence_unit] [tid: _ThreadID=187 _ThreadName=admin-thread-pool::admin-listener(2)] [timeMillis: 1764965764868] [levelValue: 800] [[
  EclipseLink, version: Eclipse Persistence Services - 5.0.0-B08.payara-p1.v202511041741-60b8f7dca8141786130b4d36785fdcc926eb8cff]]

[2025-12-05T14:16:05.083-0600] [Payara 7.2025.1] [INFORMACIÓN] [] [org.eclipse.krazo.servlet.KrazoContainerInitializer] [tid: _ThreadID=187 _ThreadName=admin-thread-pool::admin-listener(2)] [timeMillis: 1764965765083] [levelValue: 800] [[
  Eclipse Krazo version 4.0.0 started]]

[2025-12-05T14:16:05.084-0600] [Payara 7.2025.1] [INFORMACIÓN] [] [org.glassfish.soteria.servlet.SamRegistrationInstaller] [tid: _ThreadID=187 _ThreadName=admin-thread-pool::admin-listener(2)] [timeMillis: 1764965765084] [levelValue: 800] [[
  Initializing Soteria 4.0.1.payara-p1 for context '/Inventarios']]

[2025-12-05T14:16:05.138-0600] [Payara 7.2025.1] [INFORMACIÓN] [AS-WEB-GLUE-00172] [jakarta.enterprise.web] [tid: _ThreadID=187 _ThreadName=admin-thread-pool::admin-listener(2)] [timeMillis: 1764965765138] [levelValue: 800] [[
  Loading application [Inventarios-1.0-SNAPSHOT] at [/Inventarios]]]

[2025-12-05T14:16:05.162-0600] [Payara 7.2025.1] [INFORMACIÓN] [] [javax.enterprise.system.core] [tid: _ThreadID=187 _ThreadName=admin-thread-pool::admin-listener(2)] [timeMillis: 1764965765162] [levelValue: 800] [[
  Inventarios-1.0-SNAPSHOT was successfully deployed in 560 milliseconds.]]

[2025-12-05T14:17:47.169-0600] [Payara 7.2025.1] [ADVERTENCIA] [] [jakarta.enterprise.web.util] [tid: _ThreadID=221 _ThreadName=admin-thread-pool::admin-listener(4)] [timeMillis: 1764965867169] [levelValue: 900] [[
  The web application [/Inventarios] registered the JDBC driver [com.mysql.cj.jdbc.Driver] but failed to unregister it when the web application was stopped. To prevent a memory leak, the JDBC Driver has been forcibly unregistered.]]

[2025-12-05T14:17:55.435-0600] [Payara 7.2025.1] [INFORMACIÓN] [] [javax.enterprise.system.core] [tid: _ThreadID=221 _ThreadName=admin-thread-pool::admin-listener(4)] [timeMillis: 1764965875435] [levelValue: 800] [[
  No deployment transformer implementation found.]]

[2025-12-05T14:17:55.543-0600] [Payara 7.2025.1] [INFORMACIÓN] [] [org.eclipse.persistence.session./file:/C:/Users/SISTEMAS DESARROLLO2/Documents/NetBeansProjects/Inventarios/target/Inventarios-1.0-SNAPSHOT/WEB-INF/classes/_my_persistence_unit] [tid: _ThreadID=221 _ThreadName=admin-thread-pool::admin-listener(4)] [timeMillis: 1764965875543] [levelValue: 800] [[
  EclipseLink, version: Eclipse Persistence Services - 5.0.0-B08.payara-p1.v202511041741-60b8f7dca8141786130b4d36785fdcc926eb8cff]]

[2025-12-05T14:17:55.775-0600] [Payara 7.2025.1] [INFORMACIÓN] [] [org.eclipse.krazo.servlet.KrazoContainerInitializer] [tid: _ThreadID=221 _ThreadName=admin-thread-pool::admin-listener(4)] [timeMillis: 1764965875775] [levelValue: 800] [[
  Eclipse Krazo version 4.0.0 started]]

[2025-12-05T14:17:55.775-0600] [Payara 7.2025.1] [INFORMACIÓN] [] [org.glassfish.soteria.servlet.SamRegistrationInstaller] [tid: _ThreadID=221 _ThreadName=admin-thread-pool::admin-listener(4)] [timeMillis: 1764965875775] [levelValue: 800] [[
  Initializing Soteria 4.0.1.payara-p1 for context '/Inventarios']]

[2025-12-05T14:17:55.835-0600] [Payara 7.2025.1] [INFORMACIÓN] [AS-WEB-GLUE-00172] [jakarta.enterprise.web] [tid: _ThreadID=221 _ThreadName=admin-thread-pool::admin-listener(4)] [timeMillis: 1764965875835] [levelValue: 800] [[
  Loading application [Inventarios-1.0-SNAPSHOT] at [/Inventarios]]]

[2025-12-05T14:17:55.862-0600] [Payara 7.2025.1] [INFORMACIÓN] [] [javax.enterprise.system.core] [tid: _ThreadID=221 _ThreadName=admin-thread-pool::admin-listener(4)] [timeMillis: 1764965875862] [levelValue: 800] [[
  Inventarios-1.0-SNAPSHOT was successfully deployed in 583 milliseconds.]]

[2025-12-05T14:26:31.336-0600] [Payara 7.2025.1] [ADVERTENCIA] [] [jakarta.enterprise.web.util] [tid: _ThreadID=151 _ThreadName=admin-thread-pool::admin-listener(1)] [timeMillis: 1764966391336] [levelValue: 900] [[
  The web application [/Inventarios] registered the JDBC driver [com.mysql.cj.jdbc.Driver] but failed to unregister it when the web application was stopped. To prevent a memory leak, the JDBC Driver has been forcibly unregistered.]]

[2025-12-05T14:28:26.934-0600] [Payara 7.2025.1] [INFORMACIÓN] [] [javax.enterprise.system.core] [tid: _ThreadID=151 _ThreadName=admin-thread-pool::admin-listener(1)] [timeMillis: 1764966506934] [levelValue: 800] [[
  No deployment transformer implementation found.]]

[2025-12-05T14:28:27.054-0600] [Payara 7.2025.1] [INFORMACIÓN] [] [org.eclipse.persistence.session./file:/C:/Users/SISTEMAS DESARROLLO2/Documents/NetBeansProjects/Inventarios/target/Inventarios-1.0-SNAPSHOT/WEB-INF/classes/_my_persistence_unit] [tid: _ThreadID=151 _ThreadName=admin-thread-pool::admin-listener(1)] [timeMillis: 1764966507054] [levelValue: 800] [[
  EclipseLink, version: Eclipse Persistence Services - 5.0.0-B08.payara-p1.v202511041741-60b8f7dca8141786130b4d36785fdcc926eb8cff]]

[2025-12-05T14:28:27.289-0600] [Payara 7.2025.1] [INFORMACIÓN] [] [org.eclipse.krazo.servlet.KrazoContainerInitializer] [tid: _ThreadID=151 _ThreadName=admin-thread-pool::admin-listener(1)] [timeMillis: 1764966507289] [levelValue: 800] [[
  Eclipse Krazo version 4.0.0 started]]

[2025-12-05T14:28:27.290-0600] [Payara 7.2025.1] [INFORMACIÓN] [] [org.glassfish.soteria.servlet.SamRegistrationInstaller] [tid: _ThreadID=151 _ThreadName=admin-thread-pool::admin-listener(1)] [timeMillis: 1764966507290] [levelValue: 800] [[
  Initializing Soteria 4.0.1.payara-p1 for context '/Inventarios']]

[2025-12-05T14:28:27.363-0600] [Payara 7.2025.1] [INFORMACIÓN] [AS-WEB-GLUE-00172] [jakarta.enterprise.web] [tid: _ThreadID=151 _ThreadName=admin-thread-pool::admin-listener(1)] [timeMillis: 1764966507363] [levelValue: 800] [[
  Loading application [Inventarios-1.0-SNAPSHOT] at [/Inventarios]]]

[2025-12-05T14:28:27.417-0600] [Payara 7.2025.1] [INFORMACIÓN] [] [javax.enterprise.system.core] [tid: _ThreadID=151 _ThreadName=admin-thread-pool::admin-listener(1)] [timeMillis: 1764966507417] [levelValue: 800] [[
  Inventarios-1.0-SNAPSHOT was successfully deployed in 635 milliseconds.]]

[2025-12-05T14:29:48.450-0600] [Payara 7.2025.1] [ADVERTENCIA] [] [jakarta.enterprise.web.util] [tid: _ThreadID=151 _ThreadName=admin-thread-pool::admin-listener(1)] [timeMillis: 1764966588450] [levelValue: 900] [[
  The web application [/Inventarios] registered the JDBC driver [com.mysql.cj.jdbc.Driver] but failed to unregister it when the web application was stopped. To prevent a memory leak, the JDBC Driver has been forcibly unregistered.]]

[2025-12-05T16:02:54.708-0600] [Payara 7.2025.1] [INFORMACIÓN] [] [javax.enterprise.system.core] [tid: _ThreadID=151 _ThreadName=admin-thread-pool::admin-listener(1)] [timeMillis: 1764972174708] [levelValue: 800] [[
  No deployment transformer implementation found.]]

[2025-12-05T16:02:55.166-0600] [Payara 7.2025.1] [INFORMACIÓN] [] [org.eclipse.persistence.session./file:/C:/Users/SISTEMAS DESARROLLO2/Documents/NetBeansProjects/Inventarios/target/Inventarios-1.0-SNAPSHOT/WEB-INF/classes/_my_persistence_unit] [tid: _ThreadID=151 _ThreadName=admin-thread-pool::admin-listener(1)] [timeMillis: 1764972175166] [levelValue: 800] [[
  EclipseLink, version: Eclipse Persistence Services - 5.0.0-B08.payara-p1.v202511041741-60b8f7dca8141786130b4d36785fdcc926eb8cff]]

[2025-12-05T16:02:55.946-0600] [Payara 7.2025.1] [INFORMACIÓN] [] [org.eclipse.krazo.servlet.KrazoContainerInitializer] [tid: _ThreadID=151 _ThreadName=admin-thread-pool::admin-listener(1)] [timeMillis: 1764972175946] [levelValue: 800] [[
  Eclipse Krazo version 4.0.0 started]]

[2025-12-05T16:02:55.949-0600] [Payara 7.2025.1] [INFORMACIÓN] [] [org.glassfish.soteria.servlet.SamRegistrationInstaller] [tid: _ThreadID=151 _ThreadName=admin-thread-pool::admin-listener(1)] [timeMillis: 1764972175949] [levelValue: 800] [[
  Initializing Soteria 4.0.1.payara-p1 for context '/Inventarios']]

[2025-12-05T16:02:56.259-0600] [Payara 7.2025.1] [INFORMACIÓN] [AS-WEB-GLUE-00172] [jakarta.enterprise.web] [tid: _ThreadID=151 _ThreadName=admin-thread-pool::admin-listener(1)] [timeMillis: 1764972176259] [levelValue: 800] [[
  Loading application [Inventarios-1.0-SNAPSHOT] at [/Inventarios]]]

[2025-12-05T16:02:56.457-0600] [Payara 7.2025.1] [INFORMACIÓN] [] [javax.enterprise.system.core] [tid: _ThreadID=151 _ThreadName=admin-thread-pool::admin-listener(1)] [timeMillis: 1764972176457] [levelValue: 800] [[
  Inventarios-1.0-SNAPSHOT was successfully deployed in 2,308 milliseconds.]]

[2025-12-05T16:18:49.698-0600] [Payara 7.2025.1] [INFORMACIÓN] [NCLS-CORE-00092] [javax.enterprise.system.core] [tid: _ThreadID=1807 _ThreadName=Thread-54] [timeMillis: 1764973129698] [levelValue: 800] [[
  Server shutdown initiated]]

[2025-12-05T16:18:49.704-0600] [Payara 7.2025.1] [INFORMACIÓN] [] [] [tid: _ThreadID=1807 _ThreadName=Thread-54] [timeMillis: 1764973129704] [levelValue: 800] [[
  FileMonitoring shutdown]]

[2025-12-05T16:18:49.717-0600] [Payara 7.2025.1] [INFORMACIÓN] [NCLS-JMX-00002] [javax.enterprise.system.jmx] [tid: _ThreadID=1807 _ThreadName=Thread-54] [timeMillis: 1764973129717] [levelValue: 800] [[
  JMXStartupService: Stopped JMXConnectorServer: null]]

[2025-12-05T16:18:49.717-0600] [Payara 7.2025.1] [INFORMACIÓN] [NCLS-JMX-00001] [javax.enterprise.system.jmx] [tid: _ThreadID=1807 _ThreadName=Thread-54] [timeMillis: 1764973129717] [levelValue: 800] [[
  JMXStartupService and JMXConnectors have been shut down.]]

[2025-12-05T16:18:49.736-0600] [Payara 7.2025.1] [ADVERTENCIA] [] [jakarta.enterprise.web.util] [tid: _ThreadID=1810 _ThreadName=RunLevelControllerThread-1764973129719] [timeMillis: 1764973129736] [levelValue: 900] [[
  The web application [/Inventarios] registered the JDBC driver [com.mysql.cj.jdbc.Driver] but failed to unregister it when the web application was stopped. To prevent a memory leak, the JDBC Driver has been forcibly unregistered.]]

[2025-12-05T16:18:49.762-0600] [Payara 7.2025.1] [GRAVE] [] [jakarta.enterprise.web.util] [tid: _ThreadID=1810 _ThreadName=RunLevelControllerThread-1764973129719] [timeMillis: 1764973129762] [levelValue: 1000] [[
  The web application [] created a ThreadLocal with key of type [java.lang.ThreadLocal] (value [java.lang.ThreadLocal@ab0c13f]) and a value of type [org.glassfish.admingui.theme.AdminguiThemeContext] (value [org.glassfish.admingui.theme.AdminguiThemeContext@1a2f0d45]) but failed to remove it when the web application was stopped. Threads are going to be renewed over time to try and avoid a probable memory leak.]]

[2025-12-05T16:18:49.763-0600] [Payara 7.2025.1] [GRAVE] [] [jakarta.enterprise.web.util] [tid: _ThreadID=1810 _ThreadName=RunLevelControllerThread-1764973129719] [timeMillis: 1764973129763] [levelValue: 1000] [[
  The web application [] created a ThreadLocal with key of type [java.lang.ThreadLocal] (value [java.lang.ThreadLocal@ab0c13f]) and a value of type [org.glassfish.admingui.theme.AdminguiThemeContext] (value [org.glassfish.admingui.theme.AdminguiThemeContext@1a2f0d45]) but failed to remove it when the web application was stopped. Threads are going to be renewed over time to try and avoid a probable memory leak.]]

[2025-12-05T16:18:49.763-0600] [Payara 7.2025.1] [GRAVE] [] [jakarta.enterprise.web.util] [tid: _ThreadID=1810 _ThreadName=RunLevelControllerThread-1764973129719] [timeMillis: 1764973129763] [levelValue: 1000] [[
  The web application [] created a ThreadLocal with key of type [java.lang.ThreadLocal] (value [java.lang.ThreadLocal@ab0c13f]) and a value of type [org.glassfish.admingui.theme.AdminguiThemeContext] (value [org.glassfish.admingui.theme.AdminguiThemeContext@1a2f0d45]) but failed to remove it when the web application was stopped. Threads are going to be renewed over time to try and avoid a probable memory leak.]]

[2025-12-05T16:18:49.764-0600] [Payara 7.2025.1] [GRAVE] [] [jakarta.enterprise.web.util] [tid: _ThreadID=1810 _ThreadName=RunLevelControllerThread-1764973129719] [timeMillis: 1764973129764] [levelValue: 1000] [[
  The web application [] created a ThreadLocal with key of type [java.lang.ThreadLocal] (value [java.lang.ThreadLocal@ab0c13f]) and a value of type [org.glassfish.admingui.theme.AdminguiThemeContext] (value [org.glassfish.admingui.theme.AdminguiThemeContext@1a2f0d45]) but failed to remove it when the web application was stopped. Threads are going to be renewed over time to try and avoid a probable memory leak.]]

[2025-12-05T16:18:49.770-0600] [Payara 7.2025.1] [INFORMACIÓN] [] [fish.payara.nucleus.hazelcast.HazelcastCore] [tid: _ThreadID=1810 _ThreadName=RunLevelControllerThread-1764973129719] [timeMillis: 1764973129770] [levelValue: 800] [[
  Hazelcast Instance Unbound from JNDI at payara/Hazelcast]]

[2025-12-05T16:18:49.770-0600] [Payara 7.2025.1] [INFORMACIÓN] [] [fish.payara.nucleus.hazelcast.HazelcastCore] [tid: _ThreadID=1810 _ThreadName=RunLevelControllerThread-1764973129719] [timeMillis: 1764973129770] [levelValue: 800] [[
  JSR107 Caching Provider Unbound from JNDI at payara/CachingProvider]]

[2025-12-05T16:18:49.770-0600] [Payara 7.2025.1] [INFORMACIÓN] [] [fish.payara.nucleus.hazelcast.HazelcastCore] [tid: _ThreadID=1810 _ThreadName=RunLevelControllerThread-1764973129719] [timeMillis: 1764973129770] [levelValue: 800] [[
  JSR107 Cache Manager Unbound from JNDI at payara/CacheManager]]

[2025-12-05T16:18:49.794-0600] [Payara 7.2025.1] [INFORMACIÓN] [] [fish.payara.nucleus.hazelcast.HazelcastCore] [tid: _ThreadID=1810 _ThreadName=RunLevelControllerThread-1764973129719] [timeMillis: 1764973129794] [levelValue: 800] [[
  Shutdown Hazelcast]]

[2025-12-05T16:18:49.818-0600] [Payara 7.2025.1] [INFORMACIÓN] [] [] [tid: _ThreadID=1812 _ThreadName=RunLevelControllerThread-1764973129720] [timeMillis: 1764973129818] [levelValue: 800] [[
  JdbcRuntimeExtension,  getAllSystemRAResourcesAndPools = [GlassFishConfigBean.org.glassfish.jdbc.config.JdbcResource, GlassFishConfigBean.org.glassfish.jdbc.config.JdbcResource, GlassFishConfigBean.org.glassfish.jdbc.config.JdbcConnectionPool, GlassFishConfigBean.org.glassfish.jdbc.config.JdbcConnectionPool]]]

[2025-12-05T16:18:49.838-0600] [Payara 7.2025.1] [INFORMACIÓN] [] [javax.enterprise.resource.resourceadapter.com.sun.enterprise.connectors.service] [tid: _ThreadID=1823 _ThreadName=RA Shutdown] [timeMillis: 1764973129838] [levelValue: 800] [[
  RAR7094: __ds_jdbc_ra shutdown successful.]]

[2025-12-05T19:02:36.646-0600] [Payara 7.2025.1] [INFORMACIÓN] [NCLS-LOGGING-00009] [jakarta.enterprise.logging] [tid: _ThreadID=65 _ThreadName=RunLevelControllerThread-1764982956502] [timeMillis: 1764982956646] [levelValue: 800] [[
  Running Payara Version: Payara Server 7.2025.1 (build 21)]]

[2025-12-05T19:02:36.667-0600] [Payara 7.2025.1] [INFORMACIÓN] [NCLS-LOGGING-00010] [jakarta.enterprise.logging] [tid: _ThreadID=65 _ThreadName=RunLevelControllerThread-1764982956502] [timeMillis: 1764982956667] [levelValue: 800] [[
  Server log file is using Formatter class: com.sun.enterprise.server.logging.ODLLogFormatter]]

[2025-12-05T19:02:37.243-0600] [Payara 7.2025.1] [INFORMACIÓN] [] [org.glassfish.ha.store.spi.BackingStoreFactoryRegistry] [tid: _ThreadID=65 _ThreadName=RunLevelControllerThread-1764982956502] [timeMillis: 1764982957243] [levelValue: 800] [[
  Registered fish.payara.ha.hazelcast.store.HazelcastBackingStoreFactoryProxy for persistence-type = hazelcast in BackingStoreFactoryRegistry]]

[2025-12-05T19:02:41.162-0600] [Payara 7.2025.1] [INFORMACIÓN] [] [fish.payara.nucleus.hazelcast.HazelcastCore] [tid: _ThreadID=64 _ThreadName=RunLevelControllerThread-1764982956500] [timeMillis: 1764982961162] [levelValue: 800] [[
  Hazelcast Instance Bound to JNDI at payara/Hazelcast]]

[2025-12-05T19:02:41.162-0600] [Payara 7.2025.1] [INFORMACIÓN] [] [fish.payara.nucleus.hazelcast.HazelcastCore] [tid: _ThreadID=64 _ThreadName=RunLevelControllerThread-1764982956500] [timeMillis: 1764982961162] [levelValue: 800] [[
  JSR107 Caching Provider Bound to JNDI at payara/CachingProvider]]

[2025-12-05T19:02:41.162-0600] [Payara 7.2025.1] [INFORMACIÓN] [] [fish.payara.nucleus.hazelcast.HazelcastCore] [tid: _ThreadID=64 _ThreadName=RunLevelControllerThread-1764982956500] [timeMillis: 1764982961162] [levelValue: 800] [[
  JSR107 Default Cache Manager Bound to JNDI at payara/CacheManager]]

[2025-12-05T19:02:41.245-0600] [Payara 7.2025.1] [INFORMACIÓN] [NCLS-CORE-00101] [javax.enterprise.system.core] [tid: _ThreadID=67 _ThreadName=RunLevelControllerThread-1764982956507] [timeMillis: 1764982961245] [levelValue: 800] [[
  Network Listener http-listener-1 started in: 7ms - bound to [/0.0.0.0:8080]]]

[2025-12-05T19:02:41.270-0600] [Payara 7.2025.1] [INFORMACIÓN] [NCLS-CORE-00101] [javax.enterprise.system.core] [tid: _ThreadID=67 _ThreadName=RunLevelControllerThread-1764982956507] [timeMillis: 1764982961270] [levelValue: 800] [[
  Network Listener http-listener-2 started in: 2ms - bound to [/0.0.0.0:8181]]]

[2025-12-05T19:02:41.270-0600] [Payara 7.2025.1] [INFO] [] [org.hibernate.validator.internal.util.Version] [tid: _ThreadID=66 _ThreadName=RunLevelControllerThread-1764982956507] [timeMillis: 1764982961270] [levelValue: 800] [[
  HV000001: Hibernate Validator 9.0.1.Final.payara-p1]]

[2025-12-05T19:02:41.279-0600] [Payara 7.2025.1] [INFORMACIÓN] [NCLS-CORE-00101] [javax.enterprise.system.core] [tid: _ThreadID=67 _ThreadName=RunLevelControllerThread-1764982956507] [timeMillis: 1764982961279] [levelValue: 800] [[
  Network Listener admin-listener started in: 3ms - bound to [/0.0.0.0:4848]]]

[2025-12-05T19:02:41.281-0600] [Payara 7.2025.1] [INFORMACIÓN] [NCLS-CORE-00087] [javax.enterprise.system.core] [tid: _ThreadID=67 _ThreadName=RunLevelControllerThread-1764982956507] [timeMillis: 1764982961281] [levelValue: 800] [[
  Grizzly 4.1.0 started in: 4215ms - bound to [http-listener-1:8080, http-listener-2:8181, admin-listener:4848]]]

[2025-12-05T19:02:41.355-0600] [Payara 7.2025.1] [INFORMACIÓN] [NCLS-CORE-00101] [javax.enterprise.system.core] [tid: _ThreadID=65 _ThreadName=RunLevelControllerThread-1764982956502] [timeMillis: 1764982961355] [levelValue: 800] [[
  Network Listener iiop-service started in: 3ms - bound to [/0.0.0.0:3700]]]

[2025-12-05T19:02:41.592-0600] [Payara 7.2025.1] [INFORMACIÓN] [] [io.opentelemetry.api.GlobalOpenTelemetry] [tid: _ThreadID=66 _ThreadName=RunLevelControllerThread-1764982956507] [timeMillis: 1764982961592] [levelValue: 800] [[
  AutoConfiguredOpenTelemetrySdk found on classpath but automatic configuration is disabled. To enable, run your JVM with -Dotel.java.global-autoconfigure.enabled=true]]

[2025-12-05T19:02:41.639-0600] [Payara 7.2025.1] [INFORMACIÓN] [] [fish.payara.nucleus.cluster.PayaraCluster] [tid: _ThreadID=166 _ThreadName=Executor-Service-5] [timeMillis: 1764982961639] [levelValue: 800] [[
  Data Grid Status 
Payara Data Grid State: DG Version: 5 DG Name: development DG Size: 1
Instances: {
 DataGrid: development Name: server Lite: false This: true UUID: e69f01b0-55d0-47ae-826b-01d6290ff612 Address: /26.26.165.78:4900
}]]

[2025-12-05T19:02:41.640-0600] [Payara 7.2025.1] [INFORMACIÓN] [NCLS-CORE-00017] [javax.enterprise.system.core] [tid: _ThreadID=1 _ThreadName=main] [timeMillis: 1764982961640] [levelValue: 800] [[
  Payara Server 7.2025.1 (21) startup time : Felix (31305ms), startup services(5142ms), total(36447ms)]]

[2025-12-05T19:02:42.452-0600] [Payara 7.2025.1] [INFORMACIÓN] [] [javax.enterprise.system.core] [tid: _ThreadID=64 _ThreadName=RunLevelControllerThread-1764982956500] [timeMillis: 1764982962452] [levelValue: 800] [[
  No deployment transformer implementation found.]]

[2025-12-05T19:02:42.865-0600] [Payara 7.2025.1] [INFORMACIÓN] [NCLS-SECURITY-01143] [javax.enterprise.system.core.security] [tid: _ThreadID=64 _ThreadName=RunLevelControllerThread-1764982956500] [timeMillis: 1764982962865] [levelValue: 800] [[
  Loading policy provider org.glassfish.exousia.modules.def.DefaultPolicy.]]

[2025-12-05T19:02:42.874-0600] [Payara 7.2025.1] [INFORMACIÓN] [NCLS-SECURITY-01002] [javax.enterprise.system.core.security] [tid: _ThreadID=64 _ThreadName=RunLevelControllerThread-1764982956500] [timeMillis: 1764982962874] [levelValue: 800] [[
  Java security manager is disabled.]]

[2025-12-05T19:02:42.874-0600] [Payara 7.2025.1] [INFORMACIÓN] [NCLS-SECURITY-01010] [javax.enterprise.system.core.security] [tid: _ThreadID=64 _ThreadName=RunLevelControllerThread-1764982956500] [timeMillis: 1764982962874] [levelValue: 800] [[
  Entering Security Startup Service.]]

[2025-12-05T19:02:42.886-0600] [Payara 7.2025.1] [INFORMACIÓN] [NCLS-SECURITY-01011] [javax.enterprise.system.core.security] [tid: _ThreadID=64 _ThreadName=RunLevelControllerThread-1764982956500] [timeMillis: 1764982962886] [levelValue: 800] [[
  Security Service(s) started successfully.]]

[2025-12-05T19:02:43.021-0600] [Payara 7.2025.1] [INFORMACIÓN] [AS-WEB-GLUE-00198] [jakarta.enterprise.web] [tid: _ThreadID=64 _ThreadName=RunLevelControllerThread-1764982956500] [timeMillis: 1764982963021] [levelValue: 800] [[
  Created HTTP listener http-listener-1 on host/port 0.0.0.0:8080]]

[2025-12-05T19:02:43.024-0600] [Payara 7.2025.1] [INFORMACIÓN] [AS-WEB-GLUE-00198] [jakarta.enterprise.web] [tid: _ThreadID=64 _ThreadName=RunLevelControllerThread-1764982956500] [timeMillis: 1764982963024] [levelValue: 800] [[
  Created HTTP listener http-listener-2 on host/port 0.0.0.0:8181]]

[2025-12-05T19:02:43.025-0600] [Payara 7.2025.1] [INFORMACIÓN] [AS-WEB-GLUE-00198] [jakarta.enterprise.web] [tid: _ThreadID=64 _ThreadName=RunLevelControllerThread-1764982956500] [timeMillis: 1764982963025] [levelValue: 800] [[
  Created HTTP listener admin-listener on host/port 0.0.0.0:4848]]

[2025-12-05T19:02:43.038-0600] [Payara 7.2025.1] [INFORMACIÓN] [AS-WEB-GLUE-00200] [jakarta.enterprise.web] [tid: _ThreadID=64 _ThreadName=RunLevelControllerThread-1764982956500] [timeMillis: 1764982963038] [levelValue: 800] [[
  Created virtual server server]]

[2025-12-05T19:02:43.040-0600] [Payara 7.2025.1] [INFORMACIÓN] [AS-WEB-GLUE-00200] [jakarta.enterprise.web] [tid: _ThreadID=64 _ThreadName=RunLevelControllerThread-1764982956500] [timeMillis: 1764982963040] [levelValue: 800] [[
  Created virtual server __asadmin]]

[2025-12-05T19:02:43.160-0600] [Payara 7.2025.1] [INFORMACIÓN] [AS-WEB-GLUE-00201] [jakarta.enterprise.web] [tid: _ThreadID=64 _ThreadName=RunLevelControllerThread-1764982956500] [timeMillis: 1764982963160] [levelValue: 800] [[
  Virtual server server loaded default web module ]]

[2025-12-05T19:02:45.355-0600] [Payara 7.2025.1] [ADVERTENCIA] [] [jakarta.enterprise.web.util] [tid: _ThreadID=64 _ThreadName=RunLevelControllerThread-1764982956500] [timeMillis: 1764982965355] [levelValue: 900] [[
  The web application [unknown] registered the JDBC driver [com.mysql.cj.jdbc.Driver] but failed to unregister it when the web application was stopped. To prevent a memory leak, the JDBC Driver has been forcibly unregistered.]]

[2025-12-05T19:02:45.482-0600] [Payara 7.2025.1] [INFO] [] [org.jboss.weld.Version] [tid: _ThreadID=64 _ThreadName=RunLevelControllerThread-1764982956500] [timeMillis: 1764982965482] [levelValue: 800] [[
  WELD-000900: 6.0.3 (Final)]]

[2025-12-05T19:02:46.912-0600] [Payara 7.2025.1] [INFORMACIÓN] [NCLS-CORE-00022] [javax.enterprise.system.core] [tid: _ThreadID=64 _ThreadName=RunLevelControllerThread-1764982956500] [timeMillis: 1764982966912] [levelValue: 800] [[
  Loading application Inventarios-1.0-SNAPSHOT done in 5242 ms]]

[2025-12-05T19:02:47.003-0600] [Payara 7.2025.1] [INFORMACIÓN] [] [org.eclipse.krazo.servlet.KrazoContainerInitializer] [tid: _ThreadID=64 _ThreadName=RunLevelControllerThread-1764982956500] [timeMillis: 1764982967003] [levelValue: 800] [[
  Eclipse Krazo version 4.0.0 started]]

[2025-12-05T19:02:47.005-0600] [Payara 7.2025.1] [INFORMACIÓN] [] [org.glassfish.soteria.servlet.SamRegistrationInstaller] [tid: _ThreadID=64 _ThreadName=RunLevelControllerThread-1764982956500] [timeMillis: 1764982967005] [levelValue: 800] [[
  Initializing Soteria 4.0.1.payara-p1 for context '/Inventarios']]

[2025-12-05T19:02:47.219-0600] [Payara 7.2025.1] [INFORMACIÓN] [AS-WEB-GLUE-00172] [jakarta.enterprise.web] [tid: _ThreadID=64 _ThreadName=RunLevelControllerThread-1764982956500] [timeMillis: 1764982967219] [levelValue: 800] [[
  Loading application [Inventarios-1.0-SNAPSHOT] at [/Inventarios]]]

[2025-12-05T19:02:47.282-0600] [Payara 7.2025.1] [INFORMACIÓN] [] [fish.payara.nucleus.notification.NotificationService] [tid: _ThreadID=1 _ThreadName=main] [timeMillis: 1764982967282] [levelValue: 800] [[
  Payara Notification Service bootstrapped.]]

[2025-12-05T19:02:47.317-0600] [Payara 7.2025.1] [INFORMACIÓN] [NCLS-CORE-00101] [javax.enterprise.system.core] [tid: _ThreadID=66 _ThreadName=RunLevelControllerThread-1764982956507] [timeMillis: 1764982967317] [levelValue: 800] [[
  Network Listener JMS_PROXY_default_JMS_host started in: 6ms - bound to [/0.0.0.0:7676]]]

[2025-12-05T19:02:47.492-0600] [Payara 7.2025.1] [INFORMACIÓN] [NCLS-JMX-00005] [javax.enterprise.system.jmx] [tid: _ThreadID=198 _ThreadName=Thread-13] [timeMillis: 1764982967492] [levelValue: 800] [[
  JMXStartupService has started JMXConnector on JMXService URL service:jmx:rmi://0.0.0.0:8686/jndi/rmi://0.0.0.0:8686/jmxrmi]]

[2025-12-05T19:02:47.696-0600] [Payara 7.2025.1] [INFORMACIÓN] [] [org.jvnet.hk2.osgiadapter] [tid: _ThreadID=51 _ThreadName=FelixStartLevel] [timeMillis: 1764982967696] [levelValue: 800] [[
  Skipping registration of inhabitant for service reference [org.osgi.service.metatype.MetaTypeProvider] as the service object could not be obtained.]]

[2025-12-05T19:02:48.299-0600] [Payara 7.2025.1] [INFORMACIÓN] [] [javax.enterprise.system.core] [tid: _ThreadID=188 _ThreadName=Thread-12] [timeMillis: 1764982968299] [levelValue: 800] [[
  No deployment transformer implementation found.]]

[2025-12-05T19:02:48.454-0600] [Payara 7.2025.1] [INFORMACIÓN] [] [javax.enterprise.system.core] [tid: _ThreadID=150 _ThreadName=admin-thread-pool::admin-listener(1)] [timeMillis: 1764982968454] [levelValue: 800] [[
  No deployment transformer implementation found.]]

[2025-12-05T19:02:48.724-0600] [Payara 7.2025.1] [INFORMACIÓN] [] [org.eclipse.persistence.session./file:/C:/Users/SISTEMAS DESARROLLO2/Documents/NetBeansProjects/Inventarios/target/Inventarios-1.0-SNAPSHOT/WEB-INF/classes/_my_persistence_unit] [tid: _ThreadID=150 _ThreadName=admin-thread-pool::admin-listener(1)] [timeMillis: 1764982968724] [levelValue: 800] [[
  EclipseLink, version: Eclipse Persistence Services - 5.0.0-B08.payara-p1.v202511041741-60b8f7dca8141786130b4d36785fdcc926eb8cff]]

[2025-12-05T19:02:49.151-0600] [Payara 7.2025.1] [INFORMACIÓN] [NCLS-CORE-00022] [javax.enterprise.system.core] [tid: _ThreadID=188 _ThreadName=Thread-12] [timeMillis: 1764982969151] [levelValue: 800] [[
  Loading application __admingui done in 1921 ms]]

[2025-12-05T19:02:49.356-0600] [Payara 7.2025.1] [INFORMACIÓN] [] [org.glassfish.soteria.servlet.SamRegistrationInstaller] [tid: _ThreadID=188 _ThreadName=Thread-12] [timeMillis: 1764982969356] [levelValue: 800] [[
  Initializing Soteria 4.0.1.payara-p1 for context '']]

[2025-12-05T19:02:49.399-0600] [Payara 7.2025.1] [INFORMACIÓN] [faces.config.listener.version] [jakarta.enterprise.resource.webcontainer.faces.config] [tid: _ThreadID=188 _ThreadName=Thread-12] [timeMillis: 1764982969399] [levelValue: 800] [[
  Inicializando Mojarra 4.1.4.payara-p1 para el contexto '']]

[2025-12-05T19:02:49.943-0600] [Payara 7.2025.1] [INFORMACIÓN] [AS-WEB-GLUE-00172] [jakarta.enterprise.web] [tid: _ThreadID=188 _ThreadName=Thread-12] [timeMillis: 1764982969943] [levelValue: 800] [[
  Loading application [__admingui] at [/]]]

[2025-12-05T19:02:54.298-0600] [Payara 7.2025.1] [INFORMACIÓN] [] [org.eclipse.krazo.servlet.KrazoContainerInitializer] [tid: _ThreadID=150 _ThreadName=admin-thread-pool::admin-listener(1)] [timeMillis: 1764982974298] [levelValue: 800] [[
  Eclipse Krazo version 4.0.0 started]]

[2025-12-05T19:02:54.299-0600] [Payara 7.2025.1] [INFORMACIÓN] [] [org.glassfish.soteria.servlet.SamRegistrationInstaller] [tid: _ThreadID=150 _ThreadName=admin-thread-pool::admin-listener(1)] [timeMillis: 1764982974299] [levelValue: 800] [[
  Initializing Soteria 4.0.1.payara-p1 for context '/Inventarios']]

[2025-12-05T19:02:54.400-0600] [Payara 7.2025.1] [INFORMACIÓN] [AS-WEB-GLUE-00172] [jakarta.enterprise.web] [tid: _ThreadID=150 _ThreadName=admin-thread-pool::admin-listener(1)] [timeMillis: 1764982974400] [levelValue: 800] [[
  Loading application [Inventarios-1.0-SNAPSHOT] at [/Inventarios]]]

[2025-12-05T19:02:54.433-0600] [Payara 7.2025.1] [INFORMACIÓN] [] [javax.enterprise.system.core] [tid: _ThreadID=150 _ThreadName=admin-thread-pool::admin-listener(1)] [timeMillis: 1764982974433] [levelValue: 800] [[
  Inventarios-1.0-SNAPSHOT was successfully deployed in 6,328 milliseconds.]]

[2025-12-05T19:02:54.451-0600] [Payara 7.2025.1] [ADVERTENCIA] [] [javax.enterprise.system.container.web.com.sun.web.security] [tid: _ThreadID=245 _ThreadName=admin-thread-pool::admin-listener(3)] [timeMillis: 1764982974451] [levelValue: 900] [[
  Context path from ServletContext:  differs from path from bundle: /]]

[2025-12-05T19:02:55.163-0600] [Payara 7.2025.1] [INFORMACIÓN] [] [javax.enterprise.resource.corba.org.glassfish.enterprise.iiop.api] [tid: _ThreadID=150 _ThreadName=admin-thread-pool::admin-listener(1)] [timeMillis: 1764982975163] [levelValue: 800] [[
  GlassFishORBFactory service initialized.]]

[2025-12-05T19:02:55.522-0600] [Payara 7.2025.1] [INFORMACIÓN] [NCLS-REST-00001] [jakarta.enterprise.admin.rest] [tid: _ThreadID=150 _ThreadName=admin-thread-pool::admin-listener(1)] [timeMillis: 1764982975522] [levelValue: 800] [[
  Listening to REST requests at context: /management/domain.]]

[2025-12-05T19:02:55.522-0600] [Payara 7.2025.1] [INFORMACIÓN] [NCLS-REST-00001] [jakarta.enterprise.admin.rest] [tid: _ThreadID=189 _ThreadName=admin-thread-pool::admin-listener(2)] [timeMillis: 1764982975522] [levelValue: 800] [[
  Listening to REST requests at context: /management/domain.]]

[2025-12-05T19:02:55.591-0600] [Payara 7.2025.1] [INFORMACIÓN] [NCLS-REST-00001] [jakarta.enterprise.admin.rest] [tid: _ThreadID=260 _ThreadName=admin-thread-pool::admin-listener(5)] [timeMillis: 1764982975591] [levelValue: 800] [[
  Listening to REST requests at context: /management/domain.]]

[2025-12-05T19:08:04.958-0600] [Payara 7.2025.1] [ADVERTENCIA] [] [jakarta.enterprise.web.util] [tid: _ThreadID=259 _ThreadName=admin-thread-pool::admin-listener(4)] [timeMillis: 1764983284958] [levelValue: 900] [[
  The web application [/Inventarios] registered the JDBC driver [com.mysql.cj.jdbc.Driver] but failed to unregister it when the web application was stopped. To prevent a memory leak, the JDBC Driver has been forcibly unregistered.]]

[2025-12-05T19:08:05.688-0600] [Payara 7.2025.1] [INFORMACIÓN] [] [javax.enterprise.system.core] [tid: _ThreadID=260 _ThreadName=admin-thread-pool::admin-listener(5)] [timeMillis: 1764983285688] [levelValue: 800] [[
  No deployment transformer implementation found.]]

[2025-12-05T19:08:06.006-0600] [Payara 7.2025.1] [INFORMACIÓN] [] [org.eclipse.persistence.session./file:/C:/Users/SISTEMAS DESARROLLO2/Documents/NetBeansProjects/Inventarios/target/Inventarios-1.0-SNAPSHOT/WEB-INF/classes/_my_persistence_unit] [tid: _ThreadID=260 _ThreadName=admin-thread-pool::admin-listener(5)] [timeMillis: 1764983286006] [levelValue: 800] [[
  EclipseLink, version: Eclipse Persistence Services - 5.0.0-B08.payara-p1.v202511041741-60b8f7dca8141786130b4d36785fdcc926eb8cff]]

[2025-12-05T19:08:06.962-0600] [Payara 7.2025.1] [INFORMACIÓN] [] [org.eclipse.krazo.servlet.KrazoContainerInitializer] [tid: _ThreadID=260 _ThreadName=admin-thread-pool::admin-listener(5)] [timeMillis: 1764983286962] [levelValue: 800] [[
  Eclipse Krazo version 4.0.0 started]]

[2025-12-05T19:08:06.964-0600] [Payara 7.2025.1] [INFORMACIÓN] [] [org.glassfish.soteria.servlet.SamRegistrationInstaller] [tid: _ThreadID=260 _ThreadName=admin-thread-pool::admin-listener(5)] [timeMillis: 1764983286964] [levelValue: 800] [[
  Initializing Soteria 4.0.1.payara-p1 for context '/Inventarios']]

[2025-12-05T19:08:07.283-0600] [Payara 7.2025.1] [INFORMACIÓN] [AS-WEB-GLUE-00172] [jakarta.enterprise.web] [tid: _ThreadID=260 _ThreadName=admin-thread-pool::admin-listener(5)] [timeMillis: 1764983287283] [levelValue: 800] [[
  Loading application [Inventarios-1.0-SNAPSHOT] at [/Inventarios]]]

[2025-12-05T19:08:07.394-0600] [Payara 7.2025.1] [INFORMACIÓN] [] [javax.enterprise.system.core] [tid: _ThreadID=260 _ThreadName=admin-thread-pool::admin-listener(5)] [timeMillis: 1764983287394] [levelValue: 800] [[
  Inventarios-1.0-SNAPSHOT was successfully deployed in 2,172 milliseconds.]]

[2025-12-05T19:26:41.652-0600] [Payara 7.2025.1] [ADVERTENCIA] [] [jakarta.enterprise.web.util] [tid: _ThreadID=259 _ThreadName=admin-thread-pool::admin-listener(4)] [timeMillis: 1764984401652] [levelValue: 900] [[
  The web application [/Inventarios] registered the JDBC driver [com.mysql.cj.jdbc.Driver] but failed to unregister it when the web application was stopped. To prevent a memory leak, the JDBC Driver has been forcibly unregistered.]]

[2025-12-05T19:26:50.941-0600] [Payara 7.2025.1] [INFORMACIÓN] [] [javax.enterprise.system.core] [tid: _ThreadID=260 _ThreadName=admin-thread-pool::admin-listener(5)] [timeMillis: 1764984410941] [levelValue: 800] [[
  No deployment transformer implementation found.]]

[2025-12-05T19:26:51.196-0600] [Payara 7.2025.1] [INFORMACIÓN] [] [org.eclipse.persistence.session./file:/C:/Users/SISTEMAS DESARROLLO2/Documents/NetBeansProjects/Inventarios/target/Inventarios-1.0-SNAPSHOT/WEB-INF/classes/_my_persistence_unit] [tid: _ThreadID=260 _ThreadName=admin-thread-pool::admin-listener(5)] [timeMillis: 1764984411196] [levelValue: 800] [[
  EclipseLink, version: Eclipse Persistence Services - 5.0.0-B08.payara-p1.v202511041741-60b8f7dca8141786130b4d36785fdcc926eb8cff]]

[2025-12-05T19:26:52.026-0600] [Payara 7.2025.1] [INFORMACIÓN] [] [org.eclipse.krazo.servlet.KrazoContainerInitializer] [tid: _ThreadID=260 _ThreadName=admin-thread-pool::admin-listener(5)] [timeMillis: 1764984412026] [levelValue: 800] [[
  Eclipse Krazo version 4.0.0 started]]

[2025-12-05T19:26:52.027-0600] [Payara 7.2025.1] [INFORMACIÓN] [] [org.glassfish.soteria.servlet.SamRegistrationInstaller] [tid: _ThreadID=260 _ThreadName=admin-thread-pool::admin-listener(5)] [timeMillis: 1764984412027] [levelValue: 800] [[
  Initializing Soteria 4.0.1.payara-p1 for context '/Inventarios']]

[2025-12-05T19:26:52.349-0600] [Payara 7.2025.1] [INFORMACIÓN] [AS-WEB-GLUE-00172] [jakarta.enterprise.web] [tid: _ThreadID=260 _ThreadName=admin-thread-pool::admin-listener(5)] [timeMillis: 1764984412349] [levelValue: 800] [[
  Loading application [Inventarios-1.0-SNAPSHOT] at [/Inventarios]]]

[2025-12-05T19:26:52.500-0600] [Payara 7.2025.1] [INFORMACIÓN] [] [javax.enterprise.system.core] [tid: _ThreadID=260 _ThreadName=admin-thread-pool::admin-listener(5)] [timeMillis: 1764984412500] [levelValue: 800] [[
  Inventarios-1.0-SNAPSHOT was successfully deployed in 1,854 milliseconds.]]

[2025-12-05T19:48:46.535-0600] [Payara 7.2025.1] [ADVERTENCIA] [] [jakarta.enterprise.web.util] [tid: _ThreadID=259 _ThreadName=admin-thread-pool::admin-listener(4)] [timeMillis: 1764985726535] [levelValue: 900] [[
  The web application [/Inventarios] registered the JDBC driver [com.mysql.cj.jdbc.Driver] but failed to unregister it when the web application was stopped. To prevent a memory leak, the JDBC Driver has been forcibly unregistered.]]

[2025-12-05T19:52:03.569-0600] [Payara 7.2025.1] [INFORMACIÓN] [NCLS-CORE-00092] [javax.enterprise.system.core] [tid: _ThreadID=429 _ThreadName=Thread-41] [timeMillis: 1764985923569] [levelValue: 800] [[
  Server shutdown initiated]]

[2025-12-05T19:52:03.575-0600] [Payara 7.2025.1] [INFORMACIÓN] [] [] [tid: _ThreadID=429 _ThreadName=Thread-41] [timeMillis: 1764985923575] [levelValue: 800] [[
  FileMonitoring shutdown]]

[2025-12-05T19:52:03.596-0600] [Payara 7.2025.1] [INFORMACIÓN] [NCLS-JMX-00002] [javax.enterprise.system.jmx] [tid: _ThreadID=429 _ThreadName=Thread-41] [timeMillis: 1764985923596] [levelValue: 800] [[
  JMXStartupService: Stopped JMXConnectorServer: null]]

[2025-12-05T19:52:03.596-0600] [Payara 7.2025.1] [INFORMACIÓN] [NCLS-JMX-00001] [javax.enterprise.system.jmx] [tid: _ThreadID=429 _ThreadName=Thread-41] [timeMillis: 1764985923596] [levelValue: 800] [[
  JMXStartupService and JMXConnectors have been shut down.]]

[2025-12-05T19:52:03.637-0600] [Payara 7.2025.1] [INFORMACIÓN] [NCLS-CORE-00092] [javax.enterprise.system.core] [tid: _ThreadID=435 _ThreadName=Thread-46] [timeMillis: 1764985923637] [levelValue: 800] [[
  Server shutdown initiated]]

[2025-12-05T19:52:03.726-0600] [Payara 7.2025.1] [GRAVE] [] [jakarta.enterprise.web.util] [tid: _ThreadID=432 _ThreadName=RunLevelControllerThread-1764985923599] [timeMillis: 1764985923726] [levelValue: 1000] [[
  The web application [] created a ThreadLocal with key of type [java.lang.ThreadLocal] (value [java.lang.ThreadLocal@2543c29]) and a value of type [org.glassfish.admingui.theme.AdminguiThemeContext] (value [org.glassfish.admingui.theme.AdminguiThemeContext@2d4daa6d]) but failed to remove it when the web application was stopped. Threads are going to be renewed over time to try and avoid a probable memory leak.]]

[2025-12-05T19:52:03.726-0600] [Payara 7.2025.1] [GRAVE] [] [jakarta.enterprise.web.util] [tid: _ThreadID=432 _ThreadName=RunLevelControllerThread-1764985923599] [timeMillis: 1764985923726] [levelValue: 1000] [[
  The web application [] created a ThreadLocal with key of type [java.lang.ThreadLocal] (value [java.lang.ThreadLocal@2543c29]) and a value of type [org.glassfish.admingui.theme.AdminguiThemeContext] (value [org.glassfish.admingui.theme.AdminguiThemeContext@2d4daa6d]) but failed to remove it when the web application was stopped. Threads are going to be renewed over time to try and avoid a probable memory leak.]]

[2025-12-05T19:52:03.727-0600] [Payara 7.2025.1] [GRAVE] [] [jakarta.enterprise.web.util] [tid: _ThreadID=432 _ThreadName=RunLevelControllerThread-1764985923599] [timeMillis: 1764985923727] [levelValue: 1000] [[
  The web application [] created a ThreadLocal with key of type [java.lang.ThreadLocal] (value [java.lang.ThreadLocal@2543c29]) and a value of type [org.glassfish.admingui.theme.AdminguiThemeContext] (value [org.glassfish.admingui.theme.AdminguiThemeContext@2d4daa6d]) but failed to remove it when the web application was stopped. Threads are going to be renewed over time to try and avoid a probable memory leak.]]

[2025-12-05T19:52:03.727-0600] [Payara 7.2025.1] [GRAVE] [] [jakarta.enterprise.web.util] [tid: _ThreadID=432 _ThreadName=RunLevelControllerThread-1764985923599] [timeMillis: 1764985923727] [levelValue: 1000] [[
  The web application [] created a ThreadLocal with key of type [java.lang.ThreadLocal] (value [java.lang.ThreadLocal@2543c29]) and a value of type [org.glassfish.admingui.theme.AdminguiThemeContext] (value [org.glassfish.admingui.theme.AdminguiThemeContext@2d4daa6d]) but failed to remove it when the web application was stopped. Threads are going to be renewed over time to try and avoid a probable memory leak.]]

[2025-12-05T19:52:03.729-0600] [Payara 7.2025.1] [GRAVE] [] [jakarta.enterprise.web.util] [tid: _ThreadID=432 _ThreadName=RunLevelControllerThread-1764985923599] [timeMillis: 1764985923729] [levelValue: 1000] [[
  The web application [] created a ThreadLocal with key of type [java.lang.ThreadLocal] (value [java.lang.ThreadLocal@2543c29]) and a value of type [org.glassfish.admingui.theme.AdminguiThemeContext] (value [org.glassfish.admingui.theme.AdminguiThemeContext@2d4daa6d]) but failed to remove it when the web application was stopped. Threads are going to be renewed over time to try and avoid a probable memory leak.]]

[2025-12-05T19:52:03.734-0600] [Payara 7.2025.1] [INFORMACIÓN] [] [fish.payara.nucleus.hazelcast.HazelcastCore] [tid: _ThreadID=432 _ThreadName=RunLevelControllerThread-1764985923599] [timeMillis: 1764985923734] [levelValue: 800] [[
  Hazelcast Instance Unbound from JNDI at payara/Hazelcast]]

[2025-12-05T19:52:03.734-0600] [Payara 7.2025.1] [INFORMACIÓN] [] [fish.payara.nucleus.hazelcast.HazelcastCore] [tid: _ThreadID=432 _ThreadName=RunLevelControllerThread-1764985923599] [timeMillis: 1764985923734] [levelValue: 800] [[
  JSR107 Caching Provider Unbound from JNDI at payara/CachingProvider]]

[2025-12-05T19:52:03.735-0600] [Payara 7.2025.1] [INFORMACIÓN] [] [fish.payara.nucleus.hazelcast.HazelcastCore] [tid: _ThreadID=432 _ThreadName=RunLevelControllerThread-1764985923599] [timeMillis: 1764985923735] [levelValue: 800] [[
  JSR107 Cache Manager Unbound from JNDI at payara/CacheManager]]

[2025-12-05T19:52:03.753-0600] [Payara 7.2025.1] [INFORMACIÓN] [] [fish.payara.nucleus.hazelcast.HazelcastCore] [tid: _ThreadID=432 _ThreadName=RunLevelControllerThread-1764985923599] [timeMillis: 1764985923753] [levelValue: 800] [[
  Shutdown Hazelcast]]

[2025-12-05T19:52:03.767-0600] [Payara 7.2025.1] [INFORMACIÓN] [] [] [tid: _ThreadID=432 _ThreadName=RunLevelControllerThread-1764985923599] [timeMillis: 1764985923767] [levelValue: 800] [[
  JdbcRuntimeExtension,  getAllSystemRAResourcesAndPools = [GlassFishConfigBean.org.glassfish.jdbc.config.JdbcResource, GlassFishConfigBean.org.glassfish.jdbc.config.JdbcResource, GlassFishConfigBean.org.glassfish.jdbc.config.JdbcConnectionPool, GlassFishConfigBean.org.glassfish.jdbc.config.JdbcConnectionPool]]]

[2025-12-05T19:52:03.788-0600] [Payara 7.2025.1] [INFORMACIÓN] [] [javax.enterprise.resource.resourceadapter.com.sun.enterprise.connectors.service] [tid: _ThreadID=450 _ThreadName=RA Shutdown] [timeMillis: 1764985923788] [levelValue: 800] [[
  RAR7094: __ds_jdbc_ra shutdown successful.]]

